solid OpenSCAD_Model
  facet normal 0 0 -1
    outer loop
      vertex -22.1704 120.794 0
      vertex -10 155.3 0
      vertex -22.0428 120.153 0
    endloop
  endfacet
  facet normal 0 0 -1
    outer loop
      vertex -10 155.3 0
      vertex -22.0428 136.847 0
      vertex -22 137.5 0
    endloop
  endfacet
  facet normal 0 0 -1
    outer loop
      vertex -22.1704 136.206 0
      vertex -10 155.3 0
      vertex -22.1704 120.794 0
    endloop
  endfacet
  facet normal 0 0 -1
    outer loop
      vertex -10 155.3 0
      vertex -22.1704 136.206 0
      vertex -22.0428 136.847 0
    endloop
  endfacet
  facet normal 0 0 -1
    outer loop
      vertex -22.3806 121.413 0
      vertex -22.1704 136.206 0
      vertex -22.1704 120.794 0
    endloop
  endfacet
  facet normal 0 0 -1
    outer loop
      vertex -22.3806 121.413 0
      vertex -22.3806 135.587 0
      vertex -22.1704 136.206 0
    endloop
  endfacet
  facet normal 0 0 -1
    outer loop
      vertex -22.6699 122 0
      vertex -22.3806 135.587 0
      vertex -22.3806 121.413 0
    endloop
  endfacet
  facet normal 0 0 -1
    outer loop
      vertex -22.6699 122 0
      vertex -22.6699 135 0
      vertex -22.3806 135.587 0
    endloop
  endfacet
  facet normal 0 0 -1
    outer loop
      vertex -23.0332 122.544 0
      vertex -22.6699 135 0
      vertex -22.6699 122 0
    endloop
  endfacet
  facet normal 0 0 -1
    outer loop
      vertex -23.0332 122.544 0
      vertex -23.0332 134.456 0
      vertex -22.6699 135 0
    endloop
  endfacet
  facet normal 0 0 -1
    outer loop
      vertex -23.4645 123.036 0
      vertex -23.0332 134.456 0
      vertex -23.0332 122.544 0
    endloop
  endfacet
  facet normal 0 0 -1
    outer loop
      vertex -23.4645 123.036 0
      vertex -23.4645 133.964 0
      vertex -23.0332 134.456 0
    endloop
  endfacet
  facet normal 0 0 -1
    outer loop
      vertex -23.9562 123.467 0
      vertex -23.4645 133.964 0
      vertex -23.4645 123.036 0
    endloop
  endfacet
  facet normal 0 0 -1
    outer loop
      vertex -23.9562 123.467 0
      vertex -23.9562 133.533 0
      vertex -23.4645 133.964 0
    endloop
  endfacet
  facet normal 0 0 -1
    outer loop
      vertex -24.5 123.83 0
      vertex -23.9562 133.533 0
      vertex -23.9562 123.467 0
    endloop
  endfacet
  facet normal 0 0 -1
    outer loop
      vertex -24.5 123.83 0
      vertex -24.5 133.17 0
      vertex -23.9562 133.533 0
    endloop
  endfacet
  facet normal 0 0 -1
    outer loop
      vertex -25.0866 124.119 0
      vertex -24.5 133.17 0
      vertex -24.5 123.83 0
    endloop
  endfacet
  facet normal 0 0 -1
    outer loop
      vertex -25.0866 124.119 0
      vertex -25.0866 132.881 0
      vertex -24.5 133.17 0
    endloop
  endfacet
  facet normal 0 0 -1
    outer loop
      vertex -25.7059 124.33 0
      vertex -25.0866 132.881 0
      vertex -25.0866 124.119 0
    endloop
  endfacet
  facet normal 0 0 -1
    outer loop
      vertex -25.7059 124.33 0
      vertex -25.7059 132.67 0
      vertex -25.0866 132.881 0
    endloop
  endfacet
  facet normal 0 0 -1
    outer loop
      vertex -26.3474 124.457 0
      vertex -25.7059 132.67 0
      vertex -25.7059 124.33 0
    endloop
  endfacet
  facet normal 0 0 -1
    outer loop
      vertex -26.3474 124.457 0
      vertex -26.3474 132.543 0
      vertex -25.7059 132.67 0
    endloop
  endfacet
  facet normal 0 0 -1
    outer loop
      vertex -27 124.5 0
      vertex -26.3474 132.543 0
      vertex -26.3474 124.457 0
    endloop
  endfacet
  facet normal 0 0 -1
    outer loop
      vertex -27 124.5 0
      vertex -27 132.5 0
      vertex -26.3474 132.543 0
    endloop
  endfacet
  facet normal 0 0 -1
    outer loop
      vertex -84 124.5 0
      vertex -27 132.5 0
      vertex -27 124.5 0
    endloop
  endfacet
  facet normal 0 0 -1
    outer loop
      vertex -84 124.5 0
      vertex -84 132.5 0
      vertex -27 132.5 0
    endloop
  endfacet
  facet normal 0 0 -1
    outer loop
      vertex -84.6526 124.457 0
      vertex -84 132.5 0
      vertex -84 124.5 0
    endloop
  endfacet
  facet normal 0 0 -1
    outer loop
      vertex -84.6526 124.457 0
      vertex -84.6526 132.543 0
      vertex -84 132.5 0
    endloop
  endfacet
  facet normal 0 0 -1
    outer loop
      vertex -85.2941 124.33 0
      vertex -84.6526 132.543 0
      vertex -84.6526 124.457 0
    endloop
  endfacet
  facet normal 0 0 -1
    outer loop
      vertex -85.2941 124.33 0
      vertex -85.2941 132.67 0
      vertex -84.6526 132.543 0
    endloop
  endfacet
  facet normal 0 0 -1
    outer loop
      vertex -85.9134 124.119 0
      vertex -85.2941 132.67 0
      vertex -85.2941 124.33 0
    endloop
  endfacet
  facet normal 0 0 -1
    outer loop
      vertex -85.9134 124.119 0
      vertex -85.9134 132.881 0
      vertex -85.2941 132.67 0
    endloop
  endfacet
  facet normal 0 0 -1
    outer loop
      vertex -86.5 123.83 0
      vertex -85.9134 132.881 0
      vertex -85.9134 124.119 0
    endloop
  endfacet
  facet normal 0 0 -1
    outer loop
      vertex -86.5 123.83 0
      vertex -86.5 133.17 0
      vertex -85.9134 132.881 0
    endloop
  endfacet
  facet normal 0 0 -1
    outer loop
      vertex -87.0438 123.467 0
      vertex -86.5 133.17 0
      vertex -86.5 123.83 0
    endloop
  endfacet
  facet normal 0 0 -1
    outer loop
      vertex -87.0438 123.467 0
      vertex -87.0438 133.533 0
      vertex -86.5 133.17 0
    endloop
  endfacet
  facet normal 0 0 -1
    outer loop
      vertex -87.5355 123.036 0
      vertex -87.0438 133.533 0
      vertex -87.0438 123.467 0
    endloop
  endfacet
  facet normal 0 0 -1
    outer loop
      vertex -87.5355 123.036 0
      vertex -87.5355 133.964 0
      vertex -87.0438 133.533 0
    endloop
  endfacet
  facet normal 0 0 -1
    outer loop
      vertex -87.9668 122.544 0
      vertex -87.5355 133.964 0
      vertex -87.5355 123.036 0
    endloop
  endfacet
  facet normal 0 0 -1
    outer loop
      vertex -87.9668 122.544 0
      vertex -87.9668 134.456 0
      vertex -87.5355 133.964 0
    endloop
  endfacet
  facet normal 0 0 -1
    outer loop
      vertex -88.3301 122 0
      vertex -87.9668 134.456 0
      vertex -87.9668 122.544 0
    endloop
  endfacet
  facet normal 0 0 -1
    outer loop
      vertex -88.3301 122 0
      vertex -88.3301 135 0
      vertex -87.9668 134.456 0
    endloop
  endfacet
  facet normal 0 0 -1
    outer loop
      vertex -88.6194 121.413 0
      vertex -88.3301 135 0
      vertex -88.3301 122 0
    endloop
  endfacet
  facet normal 0 0 -1
    outer loop
      vertex -88.6194 121.413 0
      vertex -88.6194 135.587 0
      vertex -88.3301 135 0
    endloop
  endfacet
  facet normal 0 0 -1
    outer loop
      vertex -88.8296 120.794 0
      vertex -88.6194 135.587 0
      vertex -88.6194 121.413 0
    endloop
  endfacet
  facet normal 0 0 -1
    outer loop
      vertex -88.8296 120.794 0
      vertex -88.8296 136.206 0
      vertex -88.6194 135.587 0
    endloop
  endfacet
  facet normal 0 0 -1
    outer loop
      vertex -88.9572 120.153 0
      vertex -88.8296 136.206 0
      vertex -88.8296 120.794 0
    endloop
  endfacet
  facet normal 0 0 -1
    outer loop
      vertex -88.9572 120.153 0
      vertex -88.9572 136.847 0
      vertex -88.8296 136.206 0
    endloop
  endfacet
  facet normal 0 0 -1
    outer loop
      vertex -89 119.5 0
      vertex -88.9572 136.847 0
      vertex -88.9572 120.153 0
    endloop
  endfacet
  facet normal -0 0 -1
    outer loop
      vertex -88.9572 136.847 0
      vertex -89 119.5 0
      vertex -89 137.5 0
    endloop
  endfacet
  facet normal 0 0 -1
    outer loop
      vertex -22.0428 75.3474 0
      vertex -10 37.7 0
      vertex -22.0428 58.6526 0
    endloop
  endfacet
  facet normal 0 0 -1
    outer loop
      vertex -10 37.7 0
      vertex -22.0428 75.3474 0
      vertex -22 76 0
    endloop
  endfacet
  facet normal 0 0 -1
    outer loop
      vertex -22.1704 59.2941 0
      vertex -22.0428 75.3474 0
      vertex -22.0428 58.6526 0
    endloop
  endfacet
  facet normal 0 0 -1
    outer loop
      vertex -22.1704 59.2941 0
      vertex -22.1704 74.7059 0
      vertex -22.0428 75.3474 0
    endloop
  endfacet
  facet normal 0 0 -1
    outer loop
      vertex -22.3806 59.9134 0
      vertex -22.1704 74.7059 0
      vertex -22.1704 59.2941 0
    endloop
  endfacet
  facet normal 0 0 -1
    outer loop
      vertex -22.3806 59.9134 0
      vertex -22.3806 74.0866 0
      vertex -22.1704 74.7059 0
    endloop
  endfacet
  facet normal 0 0 -1
    outer loop
      vertex -22.6699 60.5 0
      vertex -22.3806 74.0866 0
      vertex -22.3806 59.9134 0
    endloop
  endfacet
  facet normal 0 0 -1
    outer loop
      vertex -22.6699 60.5 0
      vertex -22.6699 73.5 0
      vertex -22.3806 74.0866 0
    endloop
  endfacet
  facet normal 0 0 -1
    outer loop
      vertex -23.0332 61.0438 0
      vertex -22.6699 73.5 0
      vertex -22.6699 60.5 0
    endloop
  endfacet
  facet normal 0 0 -1
    outer loop
      vertex -23.0332 61.0438 0
      vertex -23.0332 72.9562 0
      vertex -22.6699 73.5 0
    endloop
  endfacet
  facet normal 0 0 -1
    outer loop
      vertex -23.4645 61.5355 0
      vertex -23.0332 72.9562 0
      vertex -23.0332 61.0438 0
    endloop
  endfacet
  facet normal 0 0 -1
    outer loop
      vertex -23.4645 61.5355 0
      vertex -23.4645 72.4645 0
      vertex -23.0332 72.9562 0
    endloop
  endfacet
  facet normal 0 0 -1
    outer loop
      vertex -23.9562 61.9668 0
      vertex -23.4645 72.4645 0
      vertex -23.4645 61.5355 0
    endloop
  endfacet
  facet normal 0 0 -1
    outer loop
      vertex -23.9562 61.9668 0
      vertex -23.9562 72.0332 0
      vertex -23.4645 72.4645 0
    endloop
  endfacet
  facet normal 0 0 -1
    outer loop
      vertex -24.5 62.3301 0
      vertex -23.9562 72.0332 0
      vertex -23.9562 61.9668 0
    endloop
  endfacet
  facet normal 0 0 -1
    outer loop
      vertex -24.5 62.3301 0
      vertex -24.5 71.6699 0
      vertex -23.9562 72.0332 0
    endloop
  endfacet
  facet normal 0 0 -1
    outer loop
      vertex -25.0866 62.6194 0
      vertex -24.5 71.6699 0
      vertex -24.5 62.3301 0
    endloop
  endfacet
  facet normal 0 0 -1
    outer loop
      vertex -25.0866 62.6194 0
      vertex -25.0866 71.3806 0
      vertex -24.5 71.6699 0
    endloop
  endfacet
  facet normal 0 0 -1
    outer loop
      vertex -25.7059 62.8296 0
      vertex -25.0866 71.3806 0
      vertex -25.0866 62.6194 0
    endloop
  endfacet
  facet normal 0 0 -1
    outer loop
      vertex -25.7059 62.8296 0
      vertex -25.7059 71.1704 0
      vertex -25.0866 71.3806 0
    endloop
  endfacet
  facet normal 0 0 -1
    outer loop
      vertex -26.3474 62.9572 0
      vertex -25.7059 71.1704 0
      vertex -25.7059 62.8296 0
    endloop
  endfacet
  facet normal 0 0 -1
    outer loop
      vertex -26.3474 62.9572 0
      vertex -26.3474 71.0428 0
      vertex -25.7059 71.1704 0
    endloop
  endfacet
  facet normal 0 0 -1
    outer loop
      vertex -27 63 0
      vertex -26.3474 71.0428 0
      vertex -26.3474 62.9572 0
    endloop
  endfacet
  facet normal 0 0 -1
    outer loop
      vertex -27 63 0
      vertex -27 71 0
      vertex -26.3474 71.0428 0
    endloop
  endfacet
  facet normal 0 0 -1
    outer loop
      vertex -84 63 0
      vertex -27 71 0
      vertex -27 63 0
    endloop
  endfacet
  facet normal 0 0 -1
    outer loop
      vertex -84 63 0
      vertex -84 71 0
      vertex -27 71 0
    endloop
  endfacet
  facet normal 0 0 -1
    outer loop
      vertex -84.6526 62.9572 0
      vertex -84 71 0
      vertex -84 63 0
    endloop
  endfacet
  facet normal 0 0 -1
    outer loop
      vertex -84.6526 62.9572 0
      vertex -84.6526 71.0428 0
      vertex -84 71 0
    endloop
  endfacet
  facet normal 0 0 -1
    outer loop
      vertex -85.2941 62.8296 0
      vertex -84.6526 71.0428 0
      vertex -84.6526 62.9572 0
    endloop
  endfacet
  facet normal 0 0 -1
    outer loop
      vertex -85.2941 62.8296 0
      vertex -85.2941 71.1704 0
      vertex -84.6526 71.0428 0
    endloop
  endfacet
  facet normal 0 0 -1
    outer loop
      vertex -85.9134 62.6194 0
      vertex -85.2941 71.1704 0
      vertex -85.2941 62.8296 0
    endloop
  endfacet
  facet normal 0 0 -1
    outer loop
      vertex -85.9134 62.6194 0
      vertex -85.9134 71.3806 0
      vertex -85.2941 71.1704 0
    endloop
  endfacet
  facet normal 0 0 -1
    outer loop
      vertex -86.5 62.3301 0
      vertex -85.9134 71.3806 0
      vertex -85.9134 62.6194 0
    endloop
  endfacet
  facet normal 0 0 -1
    outer loop
      vertex -86.5 62.3301 0
      vertex -86.5 71.6699 0
      vertex -85.9134 71.3806 0
    endloop
  endfacet
  facet normal 0 0 -1
    outer loop
      vertex -87.0438 61.9668 0
      vertex -86.5 71.6699 0
      vertex -86.5 62.3301 0
    endloop
  endfacet
  facet normal 0 0 -1
    outer loop
      vertex -87.0438 61.9668 0
      vertex -87.0438 72.0332 0
      vertex -86.5 71.6699 0
    endloop
  endfacet
  facet normal 0 0 -1
    outer loop
      vertex -87.5355 61.5355 0
      vertex -87.0438 72.0332 0
      vertex -87.0438 61.9668 0
    endloop
  endfacet
  facet normal 0 0 -1
    outer loop
      vertex -87.5355 61.5355 0
      vertex -87.5355 72.4645 0
      vertex -87.0438 72.0332 0
    endloop
  endfacet
  facet normal 0 0 -1
    outer loop
      vertex -87.9668 61.0438 0
      vertex -87.5355 72.4645 0
      vertex -87.5355 61.5355 0
    endloop
  endfacet
  facet normal 0 0 -1
    outer loop
      vertex -87.9668 61.0438 0
      vertex -87.9668 72.9562 0
      vertex -87.5355 72.4645 0
    endloop
  endfacet
  facet normal 0 0 -1
    outer loop
      vertex -88.3301 60.5 0
      vertex -87.9668 72.9562 0
      vertex -87.9668 61.0438 0
    endloop
  endfacet
  facet normal 0 0 -1
    outer loop
      vertex -88.3301 60.5 0
      vertex -88.3301 73.5 0
      vertex -87.9668 72.9562 0
    endloop
  endfacet
  facet normal 0 0 -1
    outer loop
      vertex -88.6194 59.9134 0
      vertex -88.3301 73.5 0
      vertex -88.3301 60.5 0
    endloop
  endfacet
  facet normal 0 0 -1
    outer loop
      vertex -88.6194 59.9134 0
      vertex -88.6194 74.0866 0
      vertex -88.3301 73.5 0
    endloop
  endfacet
  facet normal 0 0 -1
    outer loop
      vertex -88.8296 59.2941 0
      vertex -88.6194 74.0866 0
      vertex -88.6194 59.9134 0
    endloop
  endfacet
  facet normal 0 0 -1
    outer loop
      vertex -88.8296 59.2941 0
      vertex -88.8296 74.7059 0
      vertex -88.6194 74.0866 0
    endloop
  endfacet
  facet normal 0 0 -1
    outer loop
      vertex -88.9572 58.6526 0
      vertex -88.8296 74.7059 0
      vertex -88.8296 59.2941 0
    endloop
  endfacet
  facet normal 0 0 -1
    outer loop
      vertex -88.9572 58.6526 0
      vertex -88.9572 75.3474 0
      vertex -88.8296 74.7059 0
    endloop
  endfacet
  facet normal 0 0 -1
    outer loop
      vertex -100 27.5 0
      vertex -88.9572 58.6526 0
      vertex -89 58 0
    endloop
  endfacet
  facet normal -0 0 -1
    outer loop
      vertex -88.9572 58.6526 0
      vertex -100 27.5 0
      vertex -88.9572 75.3474 0
    endloop
  endfacet
  facet normal 0 0 -1
    outer loop
      vertex -27 10.5 0
      vertex -16 -0.5 0
      vertex -16 -4 0
    endloop
  endfacet
  facet normal 0 0 -1
    outer loop
      vertex -16 -0.5 0
      vertex -22.0428 14.8474 0
      vertex -22 15.5 0
    endloop
  endfacet
  facet normal 0 0 -1
    outer loop
      vertex -16 -0.5 0
      vertex -22.1704 14.2059 0
      vertex -22.0428 14.8474 0
    endloop
  endfacet
  facet normal 0 0 -1
    outer loop
      vertex -16 -0.5 0
      vertex -22.3806 13.5866 0
      vertex -22.1704 14.2059 0
    endloop
  endfacet
  facet normal 0 0 -1
    outer loop
      vertex -16 -0.5 0
      vertex -22.6699 13 0
      vertex -22.3806 13.5866 0
    endloop
  endfacet
  facet normal 0 0 -1
    outer loop
      vertex -16 -0.5 0
      vertex -23.0332 12.4562 0
      vertex -22.6699 13 0
    endloop
  endfacet
  facet normal 0 0 -1
    outer loop
      vertex -16 -0.5 0
      vertex -23.4645 11.9645 0
      vertex -23.0332 12.4562 0
    endloop
  endfacet
  facet normal 0 0 -1
    outer loop
      vertex -16 -0.5 0
      vertex -23.9562 11.5332 0
      vertex -23.4645 11.9645 0
    endloop
  endfacet
  facet normal 0 0 -1
    outer loop
      vertex -16 -0.5 0
      vertex -24.5 11.1699 0
      vertex -23.9562 11.5332 0
    endloop
  endfacet
  facet normal 0 0 -1
    outer loop
      vertex -16 -0.5 0
      vertex -25.0866 10.8806 0
      vertex -24.5 11.1699 0
    endloop
  endfacet
  facet normal 0 0 -1
    outer loop
      vertex -16 -0.5 0
      vertex -25.7059 10.6704 0
      vertex -25.0866 10.8806 0
    endloop
  endfacet
  facet normal 0 0 -1
    outer loop
      vertex -16 -0.5 0
      vertex -26.3474 10.5428 0
      vertex -25.7059 10.6704 0
    endloop
  endfacet
  facet normal 0 0 -1
    outer loop
      vertex -16 -0.5 0
      vertex -27 10.5 0
      vertex -26.3474 10.5428 0
    endloop
  endfacet
  facet normal 0 0 -1
    outer loop
      vertex -70 -4 0
      vertex -27 10.5 0
      vertex -16 -4 0
    endloop
  endfacet
  facet normal 0 0 -1
    outer loop
      vertex -70 -0.5 0
      vertex -27 10.5 0
      vertex -70 -4 0
    endloop
  endfacet
  facet normal 0 0 -1
    outer loop
      vertex -70 -0.5 0
      vertex -71.4764 10.5 0
      vertex -27 10.5 0
    endloop
  endfacet
  facet normal 0 0 -1
    outer loop
      vertex -72 -0.5 0
      vertex -71.4764 10.5 0
      vertex -70 -0.5 0
    endloop
  endfacet
  facet normal -0 0 -1
    outer loop
      vertex -71.4764 10.5 0
      vertex -72 -0.5 0
      vertex -71.8034 10.5107 0
    endloop
  endfacet
  facet normal 0 0 -1
    outer loop
      vertex -72 -0.5 0
      vertex -73.8887 10.6474 0
      vertex -71.8034 10.5107 0
    endloop
  endfacet
  facet normal 0 0 -1
    outer loop
      vertex -75.6547 -0.260452 0
      vertex -73.8887 10.6474 0
      vertex -72 -0.5 0
    endloop
  endfacet
  facet normal -0 0 -1
    outer loop
      vertex -73.8887 10.6474 0
      vertex -75.6547 -0.260452 0
      vertex -74.5371 10.7327 0
    endloop
  endfacet
  facet normal 0 0 -1
    outer loop
      vertex -75.6547 -0.260452 0
      vertex -76.0726 11.0382 0
      vertex -74.5371 10.7327 0
    endloop
  endfacet
  facet normal 0 0 -1
    outer loop
      vertex -79.2469 0.454071 0
      vertex -76.0726 11.0382 0
      vertex -75.6547 -0.260452 0
    endloop
  endfacet
  facet normal -0 0 -1
    outer loop
      vertex -76.0726 11.0382 0
      vertex -79.2469 0.454071 0
      vertex -76.7043 11.2074 0
    endloop
  endfacet
  facet normal -0 0 -1
    outer loop
      vertex -76.7043 11.2074 0
      vertex -79.2469 0.454071 0
      vertex -78.1862 11.7104 0
    endloop
  endfacet
  facet normal 0 0 -1
    outer loop
      vertex -82.7151 1.63136 0
      vertex -78.1862 11.7104 0
      vertex -79.2469 0.454071 0
    endloop
  endfacet
  facet normal -0 0 -1
    outer loop
      vertex -78.1862 11.7104 0
      vertex -82.7151 1.63136 0
      vertex -78.7905 11.9608 0
    endloop
  endfacet
  facet normal -0 0 -1
    outer loop
      vertex -78.7905 11.9608 0
      vertex -82.7151 1.63136 0
      vertex -80.1942 12.653 0
    endloop
  endfacet
  facet normal 0 0 -1
    outer loop
      vertex -86 3.25128 0
      vertex -80.1942 12.653 0
      vertex -82.7151 1.63136 0
    endloop
  endfacet
  facet normal -0 0 -1
    outer loop
      vertex -80.1942 12.653 0
      vertex -86 3.25128 0
      vertex -80.7606 12.98 0
    endloop
  endfacet
  facet normal -0 0 -1
    outer loop
      vertex -80.7606 12.98 0
      vertex -86 3.25128 0
      vertex -82.0621 13.8497 0
    endloop
  endfacet
  facet normal 0 0 -1
    outer loop
      vertex -89.0453 5.2861 0
      vertex -82.0621 13.8497 0
      vertex -86 3.25128 0
    endloop
  endfacet
  facet normal -0 0 -1
    outer loop
      vertex -82.0621 13.8497 0
      vertex -89.0453 5.2861 0
      vertex -82.581 14.2478 0
    endloop
  endfacet
  facet normal -0 0 -1
    outer loop
      vertex -82.581 14.2478 0
      vertex -89.0453 5.2861 0
      vertex -83.7577 15.2798 0
    endloop
  endfacet
  facet normal 0 0 -1
    outer loop
      vertex -91.799 7.701 0
      vertex -83.7577 15.2798 0
      vertex -89.0453 5.2861 0
    endloop
  endfacet
  facet normal -0 0 -1
    outer loop
      vertex -83.7577 15.2798 0
      vertex -91.799 7.701 0
      vertex -84.2202 15.7422 0
    endloop
  endfacet
  facet normal -0 0 -1
    outer loop
      vertex -84.2202 15.7422 0
      vertex -91.799 7.701 0
      vertex -85.2521 16.9189 0
    endloop
  endfacet
  facet normal 0 0 -1
    outer loop
      vertex -94.2139 10.4547 0
      vertex -85.2521 16.9189 0
      vertex -91.799 7.701 0
    endloop
  endfacet
  facet normal -0 0 -1
    outer loop
      vertex -85.2521 16.9189 0
      vertex -94.2139 10.4547 0
      vertex -85.6503 17.4378 0
    endloop
  endfacet
  facet normal -0 0 -1
    outer loop
      vertex -85.6503 17.4378 0
      vertex -94.2139 10.4547 0
      vertex -86.52 18.7394 0
    endloop
  endfacet
  facet normal 0 0 -1
    outer loop
      vertex -96.2487 13.5 0
      vertex -86.52 18.7394 0
      vertex -94.2139 10.4547 0
    endloop
  endfacet
  facet normal -0 0 -1
    outer loop
      vertex -86.52 18.7394 0
      vertex -96.2487 13.5 0
      vertex -86.847 19.3058 0
    endloop
  endfacet
  facet normal -0 0 -1
    outer loop
      vertex -86.847 19.3058 0
      vertex -96.2487 13.5 0
      vertex -87.5392 20.7094 0
    endloop
  endfacet
  facet normal 0 0 -1
    outer loop
      vertex -97.8686 16.7849 0
      vertex -87.5392 20.7094 0
      vertex -96.2487 13.5 0
    endloop
  endfacet
  facet normal 0 0 -1
    outer loop
      vertex -100 27.5 0
      vertex -89 58 0
      vertex -89 28.0236 0
    endloop
  endfacet
  facet normal -0 0 -1
    outer loop
      vertex -88.9572 75.3474 0
      vertex -100 27.5 0
      vertex -89 76 0
    endloop
  endfacet
  facet normal -0 0 -1
    outer loop
      vertex -89 76 0
      vertex -100 27.5 0
      vertex -89 119.5 0
    endloop
  endfacet
  facet normal 0 0 -1
    outer loop
      vertex -100 189 0
      vertex -89 119.5 0
      vertex -100 27.5 0
    endloop
  endfacet
  facet normal -0 0 -1
    outer loop
      vertex -88.2926 22.7959 0
      vertex -99.0459 20.2531 0
      vertex -88.4619 23.4276 0
    endloop
  endfacet
  facet normal 0 0 -1
    outer loop
      vertex -99.0459 20.2531 0
      vertex -88.2926 22.7959 0
      vertex -97.8686 16.7849 0
    endloop
  endfacet
  facet normal -0 0 -1
    outer loop
      vertex -87.7895 21.3137 0
      vertex -97.8686 16.7849 0
      vertex -88.2926 22.7959 0
    endloop
  endfacet
  facet normal -0 0 -1
    outer loop
      vertex -87.5392 20.7094 0
      vertex -97.8686 16.7849 0
      vertex -87.7895 21.3137 0
    endloop
  endfacet
  facet normal 0 0 -1
    outer loop
      vertex -16 -0.5 0
      vertex -10 8.29999 0
      vertex -10 -0.5 0
    endloop
  endfacet
  facet normal 0 0 -1
    outer loop
      vertex -10 8.29999 0
      vertex -22 15.5 0
      vertex -10 37.7 0
    endloop
  endfacet
  facet normal 0 0 -1
    outer loop
      vertex -10 37.7 0
      vertex -22 76 0
      vertex -10 155.3 0
    endloop
  endfacet
  facet normal 0 0 -1
    outer loop
      vertex -22 119.5 0
      vertex -10 155.3 0
      vertex -22 76 0
    endloop
  endfacet
  facet normal -0 0 -1
    outer loop
      vertex -10 8.29999 0
      vertex -16 -0.5 0
      vertex -22 15.5 0
    endloop
  endfacet
  facet normal -0 0 -1
    outer loop
      vertex -10 37.7 0
      vertex -22 15.5 0
      vertex -22 58 0
    endloop
  endfacet
  facet normal 0 0 -1
    outer loop
      vertex -22.0428 58.6526 0
      vertex -10 37.7 0
      vertex -22 58 0
    endloop
  endfacet
  facet normal 0 0 -1
    outer loop
      vertex -22.0428 120.153 0
      vertex -10 155.3 0
      vertex -22 119.5 0
    endloop
  endfacet
  facet normal 0 0 -1
    outer loop
      vertex -22 181 0
      vertex -10 155.3 0
      vertex -22 137.5 0
    endloop
  endfacet
  facet normal 0 0 -1
    outer loop
      vertex -10 155.3 0
      vertex -22 181 0
      vertex -10 184.7 0
    endloop
  endfacet
  facet normal 0 0 -1
    outer loop
      vertex -22.0428 181.653 0
      vertex -10 184.7 0
      vertex -22 181 0
    endloop
  endfacet
  facet normal 0 0 -1
    outer loop
      vertex -22.1704 182.294 0
      vertex -10 184.7 0
      vertex -22.0428 181.653 0
    endloop
  endfacet
  facet normal 0 0 -1
    outer loop
      vertex -22.3806 182.913 0
      vertex -10 184.7 0
      vertex -22.1704 182.294 0
    endloop
  endfacet
  facet normal 0 0 -1
    outer loop
      vertex -22.6699 183.5 0
      vertex -10 184.7 0
      vertex -22.3806 182.913 0
    endloop
  endfacet
  facet normal 0 0 -1
    outer loop
      vertex -23.0332 184.044 0
      vertex -10 184.7 0
      vertex -22.6699 183.5 0
    endloop
  endfacet
  facet normal 0 0 -1
    outer loop
      vertex -23.4645 184.536 0
      vertex -10 184.7 0
      vertex -23.0332 184.044 0
    endloop
  endfacet
  facet normal -0 0 -1
    outer loop
      vertex -10 184.7 0
      vertex -23.4645 184.536 0
      vertex -10 197 0
    endloop
  endfacet
  facet normal 0 0 -1
    outer loop
      vertex -23.9562 184.967 0
      vertex -10 197 0
      vertex -23.4645 184.536 0
    endloop
  endfacet
  facet normal 0 0 -1
    outer loop
      vertex -24.5 185.33 0
      vertex -10 197 0
      vertex -23.9562 184.967 0
    endloop
  endfacet
  facet normal 0 0 -1
    outer loop
      vertex -25.0866 185.619 0
      vertex -10 197 0
      vertex -24.5 185.33 0
    endloop
  endfacet
  facet normal 0 0 -1
    outer loop
      vertex -25.7059 185.83 0
      vertex -10 197 0
      vertex -25.0866 185.619 0
    endloop
  endfacet
  facet normal 0 0 -1
    outer loop
      vertex -26.3474 185.957 0
      vertex -10 197 0
      vertex -25.7059 185.83 0
    endloop
  endfacet
  facet normal 0 0 -1
    outer loop
      vertex -27 186 0
      vertex -10 197 0
      vertex -26.3474 185.957 0
    endloop
  endfacet
  facet normal 0 0 -1
    outer loop
      vertex -92 197 0
      vertex -27 186 0
      vertex -84 186 0
    endloop
  endfacet
  facet normal 0 0 -1
    outer loop
      vertex -92 197 0
      vertex -84 186 0
      vertex -84.6526 185.957 0
    endloop
  endfacet
  facet normal -0 0 -1
    outer loop
      vertex -88.4619 23.4276 0
      vertex -99.0459 20.2531 0
      vertex -88.7672 24.9628 0
    endloop
  endfacet
  facet normal 0 0 -1
    outer loop
      vertex -27 186 0
      vertex -92 197 0
      vertex -10 197 0
    endloop
  endfacet
  facet normal 0 0 -1
    outer loop
      vertex -85.2941 185.83 0
      vertex -92 197 0
      vertex -84.6526 185.957 0
    endloop
  endfacet
  facet normal 0 0 -1
    outer loop
      vertex -85.9134 185.619 0
      vertex -92 197 0
      vertex -85.2941 185.83 0
    endloop
  endfacet
  facet normal 0 0 -1
    outer loop
      vertex -86.5 185.33 0
      vertex -92 197 0
      vertex -85.9134 185.619 0
    endloop
  endfacet
  facet normal 0 0 -1
    outer loop
      vertex -87.0438 184.967 0
      vertex -92 197 0
      vertex -86.5 185.33 0
    endloop
  endfacet
  facet normal 0 0 -1
    outer loop
      vertex -87.5355 184.536 0
      vertex -92 197 0
      vertex -87.0438 184.967 0
    endloop
  endfacet
  facet normal 0 0 -1
    outer loop
      vertex -100 189 0
      vertex -87.5355 184.536 0
      vertex -87.9668 184.044 0
    endloop
  endfacet
  facet normal 0 0 -1
    outer loop
      vertex -100 189 0
      vertex -87.9668 184.044 0
      vertex -88.3301 183.5 0
    endloop
  endfacet
  facet normal 0 0 -1
    outer loop
      vertex -100 189 0
      vertex -88.3301 183.5 0
      vertex -88.6194 182.913 0
    endloop
  endfacet
  facet normal 0 0 -1
    outer loop
      vertex -100 189 0
      vertex -88.6194 182.913 0
      vertex -88.8296 182.294 0
    endloop
  endfacet
  facet normal 0 0 -1
    outer loop
      vertex -100 189 0
      vertex -88.8296 182.294 0
      vertex -88.9572 181.653 0
    endloop
  endfacet
  facet normal 0 0 -1
    outer loop
      vertex -100 189 0
      vertex -88.9572 181.653 0
      vertex -89 181 0
    endloop
  endfacet
  facet normal 0 0 -1
    outer loop
      vertex -89 119.5 0
      vertex -100 189 0
      vertex -89 137.5 0
    endloop
  endfacet
  facet normal 0 0 -1
    outer loop
      vertex -89 137.5 0
      vertex -100 189 0
      vertex -89 181 0
    endloop
  endfacet
  facet normal 0 0 -1
    outer loop
      vertex -87.5355 184.536 0
      vertex -100 189 0
      vertex -99.9315 190.044 0
    endloop
  endfacet
  facet normal 0 0 -1
    outer loop
      vertex -99.7605 23.8453 0
      vertex -88.7672 24.9628 0
      vertex -99.0459 20.2531 0
    endloop
  endfacet
  facet normal 0 0 -1
    outer loop
      vertex -87.5355 184.536 0
      vertex -93.0442 196.932 0
      vertex -92 197 0
    endloop
  endfacet
  facet normal 0 0 -1
    outer loop
      vertex -87.5355 184.536 0
      vertex -94.0705 196.727 0
      vertex -93.0442 196.932 0
    endloop
  endfacet
  facet normal -0 0 -1
    outer loop
      vertex -88.7672 24.9628 0
      vertex -99.7605 23.8453 0
      vertex -88.8526 25.6113 0
    endloop
  endfacet
  facet normal 0 0 -1
    outer loop
      vertex -87.5355 184.536 0
      vertex -95.0615 196.391 0
      vertex -94.0705 196.727 0
    endloop
  endfacet
  facet normal 0 0 -1
    outer loop
      vertex -87.5355 184.536 0
      vertex -96 195.928 0
      vertex -95.0615 196.391 0
    endloop
  endfacet
  facet normal 0 0 -1
    outer loop
      vertex -100 27.5 0
      vertex -88.8526 25.6113 0
      vertex -99.7605 23.8453 0
    endloop
  endfacet
  facet normal 0 0 -1
    outer loop
      vertex -87.5355 184.536 0
      vertex -96.8701 195.347 0
      vertex -96 195.928 0
    endloop
  endfacet
  facet normal 0 0 -1
    outer loop
      vertex -87.5355 184.536 0
      vertex -97.6568 194.657 0
      vertex -96.8701 195.347 0
    endloop
  endfacet
  facet normal 0 0 -1
    outer loop
      vertex -88.8526 25.6113 0
      vertex -100 27.5 0
      vertex -88.9893 27.6966 0
    endloop
  endfacet
  facet normal 0 0 -1
    outer loop
      vertex -87.5355 184.536 0
      vertex -98.3468 193.87 0
      vertex -97.6568 194.657 0
    endloop
  endfacet
  facet normal 0 0 -1
    outer loop
      vertex -87.5355 184.536 0
      vertex -98.9282 193 0
      vertex -98.3468 193.87 0
    endloop
  endfacet
  facet normal -0 0 -1
    outer loop
      vertex -88.9893 27.6966 0
      vertex -100 27.5 0
      vertex -89 28.0236 0
    endloop
  endfacet
  facet normal 0 0 -1
    outer loop
      vertex -87.5355 184.536 0
      vertex -99.391 192.061 0
      vertex -98.9282 193 0
    endloop
  endfacet
  facet normal 0 0 -1
    outer loop
      vertex -87.5355 184.536 0
      vertex -99.7274 191.071 0
      vertex -99.391 192.061 0
    endloop
  endfacet
  facet normal 0 0 -1
    outer loop
      vertex -87.5355 184.536 0
      vertex -99.9315 190.044 0
      vertex -99.7274 191.071 0
    endloop
  endfacet
  facet normal 0 0 -1
    outer loop
      vertex -10 8.29999 0
      vertex -0.5 9.5 0
      vertex -1.7 8.29999 0
    endloop
  endfacet
  facet normal -0 0 -1
    outer loop
      vertex -0.5 9.5 0
      vertex -10 8.29999 0
      vertex -0.5 36.5 0
    endloop
  endfacet
  facet normal 0 0 -1
    outer loop
      vertex -10 37.7 0
      vertex -0.5 36.5 0
      vertex -10 8.29999 0
    endloop
  endfacet
  facet normal 0 0 -1
    outer loop
      vertex -0.5 36.5 0
      vertex -10 37.7 0
      vertex -1.7 37.7 0
    endloop
  endfacet
  facet normal 0 0 -1
    outer loop
      vertex -10 155.3 0
      vertex -0.5 156.5 0
      vertex -1.7 155.3 0
    endloop
  endfacet
  facet normal -0 0 -1
    outer loop
      vertex -0.5 156.5 0
      vertex -10 155.3 0
      vertex -0.5 183.5 0
    endloop
  endfacet
  facet normal 0 0 -1
    outer loop
      vertex -10 184.7 0
      vertex -0.5 183.5 0
      vertex -10 155.3 0
    endloop
  endfacet
  facet normal 0 0 -1
    outer loop
      vertex -0.5 183.5 0
      vertex -10 184.7 0
      vertex -1.7 184.7 0
    endloop
  endfacet
  facet normal -0 0 1
    outer loop
      vertex -71.4764 10.5 3
      vertex -70 -0.5 3
      vertex -27 10.5 3
    endloop
  endfacet
  facet normal 0 0 1
    outer loop
      vertex -72 -0.5 3
      vertex -71.4764 10.5 3
      vertex -71.8034 10.5107 3
    endloop
  endfacet
  facet normal 0 0 1
    outer loop
      vertex -71.4764 10.5 3
      vertex -72 -0.5 3
      vertex -70 -0.5 3
    endloop
  endfacet
  facet normal 0 0 1
    outer loop
      vertex -73.8887 10.6474 3
      vertex -72 -0.5 3
      vertex -71.8034 10.5107 3
    endloop
  endfacet
  facet normal 0 0 1
    outer loop
      vertex -75.6547 -0.260452 3
      vertex -73.8887 10.6474 3
      vertex -74.5371 10.7327 3
    endloop
  endfacet
  facet normal 0 0 1
    outer loop
      vertex -73.8887 10.6474 3
      vertex -75.6547 -0.260452 3
      vertex -72 -0.5 3
    endloop
  endfacet
  facet normal 0 0 1
    outer loop
      vertex -76.0726 11.0382 3
      vertex -75.6547 -0.260452 3
      vertex -74.5371 10.7327 3
    endloop
  endfacet
  facet normal 0 0 1
    outer loop
      vertex -79.2469 0.454071 3
      vertex -76.0726 11.0382 3
      vertex -76.7043 11.2074 3
    endloop
  endfacet
  facet normal 0 0 1
    outer loop
      vertex -79.2469 0.454071 3
      vertex -76.7043 11.2074 3
      vertex -78.1862 11.7104 3
    endloop
  endfacet
  facet normal 0 0 1
    outer loop
      vertex -82.7151 1.63136 3
      vertex -78.1862 11.7104 3
      vertex -78.7905 11.9608 3
    endloop
  endfacet
  facet normal 0 0 1
    outer loop
      vertex -76.0726 11.0382 3
      vertex -79.2469 0.454071 3
      vertex -75.6547 -0.260452 3
    endloop
  endfacet
  facet normal 0 0 1
    outer loop
      vertex -82.7151 1.63136 3
      vertex -78.7905 11.9608 3
      vertex -80.1942 12.653 3
    endloop
  endfacet
  facet normal 0 0 1
    outer loop
      vertex -86 3.25128 3
      vertex -80.1942 12.653 3
      vertex -80.7606 12.98 3
    endloop
  endfacet
  facet normal 0 0 1
    outer loop
      vertex -86 3.25128 3
      vertex -80.7606 12.98 3
      vertex -82.0621 13.8497 3
    endloop
  endfacet
  facet normal 0 0 1
    outer loop
      vertex -89.0453 5.2861 3
      vertex -82.0621 13.8497 3
      vertex -82.581 14.2478 3
    endloop
  endfacet
  facet normal 0 0 1
    outer loop
      vertex -78.1862 11.7104 3
      vertex -82.7151 1.63136 3
      vertex -79.2469 0.454071 3
    endloop
  endfacet
  facet normal 0 0 1
    outer loop
      vertex -89.0453 5.2861 3
      vertex -82.581 14.2478 3
      vertex -83.7577 15.2798 3
    endloop
  endfacet
  facet normal 0 0 1
    outer loop
      vertex -91.799 7.701 3
      vertex -83.7577 15.2798 3
      vertex -84.2202 15.7422 3
    endloop
  endfacet
  facet normal 0 0 1
    outer loop
      vertex -91.799 7.701 3
      vertex -84.2202 15.7422 3
      vertex -85.2521 16.9189 3
    endloop
  endfacet
  facet normal 0 0 1
    outer loop
      vertex -94.2139 10.4547 3
      vertex -85.2521 16.9189 3
      vertex -85.6503 17.4378 3
    endloop
  endfacet
  facet normal 0 0 1
    outer loop
      vertex -80.1942 12.653 3
      vertex -86 3.25128 3
      vertex -82.7151 1.63136 3
    endloop
  endfacet
  facet normal 0 0 1
    outer loop
      vertex -94.2139 10.4547 3
      vertex -85.6503 17.4378 3
      vertex -86.52 18.7394 3
    endloop
  endfacet
  facet normal 0 0 1
    outer loop
      vertex -96.2487 13.5 3
      vertex -86.52 18.7394 3
      vertex -86.847 19.3058 3
    endloop
  endfacet
  facet normal 0 0 1
    outer loop
      vertex -96.2487 13.5 3
      vertex -86.847 19.3058 3
      vertex -87.5392 20.7094 3
    endloop
  endfacet
  facet normal 0 0 1
    outer loop
      vertex -97.8686 16.7849 3
      vertex -87.5392 20.7094 3
      vertex -87.7895 21.3137 3
    endloop
  endfacet
  facet normal 0 0 1
    outer loop
      vertex -97.8686 16.7849 3
      vertex -87.7895 21.3137 3
      vertex -88.2926 22.7959 3
    endloop
  endfacet
  facet normal 0 0 1
    outer loop
      vertex -99.0459 20.2531 3
      vertex -88.2926 22.7959 3
      vertex -88.4619 23.4276 3
    endloop
  endfacet
  facet normal 0 0 1
    outer loop
      vertex -99.0459 20.2531 3
      vertex -88.4619 23.4276 3
      vertex -88.7672 24.9628 3
    endloop
  endfacet
  facet normal 0 0 1
    outer loop
      vertex -99.7605 23.8453 3
      vertex -88.7672 24.9628 3
      vertex -88.8526 25.6113 3
    endloop
  endfacet
  facet normal 0 0 1
    outer loop
      vertex -82.0621 13.8497 3
      vertex -89.0453 5.2861 3
      vertex -86 3.25128 3
    endloop
  endfacet
  facet normal -0 0 1
    outer loop
      vertex -100 27.5 3
      vertex -88.8526 25.6113 3
      vertex -88.9893 27.6966 3
    endloop
  endfacet
  facet normal 0 0 1
    outer loop
      vertex -100 27.5 3
      vertex -88.9893 27.6966 3
      vertex -89 28.0236 3
    endloop
  endfacet
  facet normal -0 0 1
    outer loop
      vertex -22.0428 58.6526 3
      vertex -10 37.7 3
      vertex -22.0428 75.3474 3
    endloop
  endfacet
  facet normal 0 0 1
    outer loop
      vertex -10 37.7 3
      vertex -22.0428 58.6526 3
      vertex -22 58 3
    endloop
  endfacet
  facet normal -0 0 1
    outer loop
      vertex -22.1704 74.7059 3
      vertex -22.0428 58.6526 3
      vertex -22.0428 75.3474 3
    endloop
  endfacet
  facet normal 0 0 1
    outer loop
      vertex -22.1704 74.7059 3
      vertex -22.1704 59.2941 3
      vertex -22.0428 58.6526 3
    endloop
  endfacet
  facet normal -0 0 1
    outer loop
      vertex -22.3806 74.0866 3
      vertex -22.1704 59.2941 3
      vertex -22.1704 74.7059 3
    endloop
  endfacet
  facet normal 0 0 1
    outer loop
      vertex -22.3806 74.0866 3
      vertex -22.3806 59.9134 3
      vertex -22.1704 59.2941 3
    endloop
  endfacet
  facet normal -0 0 1
    outer loop
      vertex -22.6699 73.5 3
      vertex -22.3806 59.9134 3
      vertex -22.3806 74.0866 3
    endloop
  endfacet
  facet normal 0 0 1
    outer loop
      vertex -22.6699 73.5 3
      vertex -22.6699 60.5 3
      vertex -22.3806 59.9134 3
    endloop
  endfacet
  facet normal -0 0 1
    outer loop
      vertex -23.0332 72.9562 3
      vertex -22.6699 60.5 3
      vertex -22.6699 73.5 3
    endloop
  endfacet
  facet normal 0 0 1
    outer loop
      vertex -23.0332 72.9562 3
      vertex -23.0332 61.0438 3
      vertex -22.6699 60.5 3
    endloop
  endfacet
  facet normal -0 0 1
    outer loop
      vertex -23.4645 72.4645 3
      vertex -23.0332 61.0438 3
      vertex -23.0332 72.9562 3
    endloop
  endfacet
  facet normal 0 0 1
    outer loop
      vertex -23.4645 72.4645 3
      vertex -23.4645 61.5355 3
      vertex -23.0332 61.0438 3
    endloop
  endfacet
  facet normal -0 0 1
    outer loop
      vertex -23.9562 72.0332 3
      vertex -23.4645 61.5355 3
      vertex -23.4645 72.4645 3
    endloop
  endfacet
  facet normal 0 0 1
    outer loop
      vertex -23.9562 72.0332 3
      vertex -23.9562 61.9668 3
      vertex -23.4645 61.5355 3
    endloop
  endfacet
  facet normal -0 0 1
    outer loop
      vertex -24.5 71.6699 3
      vertex -23.9562 61.9668 3
      vertex -23.9562 72.0332 3
    endloop
  endfacet
  facet normal 0 0 1
    outer loop
      vertex -24.5 71.6699 3
      vertex -24.5 62.3301 3
      vertex -23.9562 61.9668 3
    endloop
  endfacet
  facet normal -0 0 1
    outer loop
      vertex -25.0866 71.3806 3
      vertex -24.5 62.3301 3
      vertex -24.5 71.6699 3
    endloop
  endfacet
  facet normal 0 0 1
    outer loop
      vertex -25.0866 71.3806 3
      vertex -25.0866 62.6194 3
      vertex -24.5 62.3301 3
    endloop
  endfacet
  facet normal -0 0 1
    outer loop
      vertex -25.7059 71.1704 3
      vertex -25.0866 62.6194 3
      vertex -25.0866 71.3806 3
    endloop
  endfacet
  facet normal 0 0 1
    outer loop
      vertex -25.7059 71.1704 3
      vertex -25.7059 62.8296 3
      vertex -25.0866 62.6194 3
    endloop
  endfacet
  facet normal -0 0 1
    outer loop
      vertex -26.3474 71.0428 3
      vertex -25.7059 62.8296 3
      vertex -25.7059 71.1704 3
    endloop
  endfacet
  facet normal 0 0 1
    outer loop
      vertex -26.3474 71.0428 3
      vertex -26.3474 62.9572 3
      vertex -25.7059 62.8296 3
    endloop
  endfacet
  facet normal -0 0 1
    outer loop
      vertex -27 71 3
      vertex -26.3474 62.9572 3
      vertex -26.3474 71.0428 3
    endloop
  endfacet
  facet normal 0 0 1
    outer loop
      vertex -27 71 3
      vertex -27 63 3
      vertex -26.3474 62.9572 3
    endloop
  endfacet
  facet normal -0 0 1
    outer loop
      vertex -84 71 3
      vertex -27 63 3
      vertex -27 71 3
    endloop
  endfacet
  facet normal 0 0 1
    outer loop
      vertex -84 71 3
      vertex -84 63 3
      vertex -27 63 3
    endloop
  endfacet
  facet normal 0 0 1
    outer loop
      vertex -84.6526 71.0428 3
      vertex -84 63 3
      vertex -84 71 3
    endloop
  endfacet
  facet normal 0 0 1
    outer loop
      vertex -84.6526 71.0428 3
      vertex -84.6526 62.9572 3
      vertex -84 63 3
    endloop
  endfacet
  facet normal 0 0 1
    outer loop
      vertex -85.2941 71.1704 3
      vertex -84.6526 62.9572 3
      vertex -84.6526 71.0428 3
    endloop
  endfacet
  facet normal 0 0 1
    outer loop
      vertex -85.2941 71.1704 3
      vertex -85.2941 62.8296 3
      vertex -84.6526 62.9572 3
    endloop
  endfacet
  facet normal 0 0 1
    outer loop
      vertex -85.9134 71.3806 3
      vertex -85.2941 62.8296 3
      vertex -85.2941 71.1704 3
    endloop
  endfacet
  facet normal 0 0 1
    outer loop
      vertex -85.9134 71.3806 3
      vertex -85.9134 62.6194 3
      vertex -85.2941 62.8296 3
    endloop
  endfacet
  facet normal 0 0 1
    outer loop
      vertex -86.5 71.6699 3
      vertex -85.9134 62.6194 3
      vertex -85.9134 71.3806 3
    endloop
  endfacet
  facet normal 0 0 1
    outer loop
      vertex -86.5 71.6699 3
      vertex -86.5 62.3301 3
      vertex -85.9134 62.6194 3
    endloop
  endfacet
  facet normal 0 0 1
    outer loop
      vertex -87.0438 72.0332 3
      vertex -86.5 62.3301 3
      vertex -86.5 71.6699 3
    endloop
  endfacet
  facet normal 0 0 1
    outer loop
      vertex -87.0438 72.0332 3
      vertex -87.0438 61.9668 3
      vertex -86.5 62.3301 3
    endloop
  endfacet
  facet normal 0 0 1
    outer loop
      vertex -87.5355 72.4645 3
      vertex -87.0438 61.9668 3
      vertex -87.0438 72.0332 3
    endloop
  endfacet
  facet normal 0 0 1
    outer loop
      vertex -87.5355 72.4645 3
      vertex -87.5355 61.5355 3
      vertex -87.0438 61.9668 3
    endloop
  endfacet
  facet normal 0 0 1
    outer loop
      vertex -87.9668 72.9562 3
      vertex -87.5355 61.5355 3
      vertex -87.5355 72.4645 3
    endloop
  endfacet
  facet normal 0 0 1
    outer loop
      vertex -87.9668 72.9562 3
      vertex -87.9668 61.0438 3
      vertex -87.5355 61.5355 3
    endloop
  endfacet
  facet normal 0 0 1
    outer loop
      vertex -88.3301 73.5 3
      vertex -87.9668 61.0438 3
      vertex -87.9668 72.9562 3
    endloop
  endfacet
  facet normal 0 0 1
    outer loop
      vertex -88.3301 73.5 3
      vertex -88.3301 60.5 3
      vertex -87.9668 61.0438 3
    endloop
  endfacet
  facet normal 0 0 1
    outer loop
      vertex -88.6194 74.0866 3
      vertex -88.3301 60.5 3
      vertex -88.3301 73.5 3
    endloop
  endfacet
  facet normal 0 0 1
    outer loop
      vertex -88.6194 74.0866 3
      vertex -88.6194 59.9134 3
      vertex -88.3301 60.5 3
    endloop
  endfacet
  facet normal 0 0 1
    outer loop
      vertex -88.8296 74.7059 3
      vertex -88.6194 59.9134 3
      vertex -88.6194 74.0866 3
    endloop
  endfacet
  facet normal 0 0 1
    outer loop
      vertex -88.8296 74.7059 3
      vertex -88.8296 59.2941 3
      vertex -88.6194 59.9134 3
    endloop
  endfacet
  facet normal 0 0 1
    outer loop
      vertex -88.9572 75.3474 3
      vertex -88.8296 59.2941 3
      vertex -88.8296 74.7059 3
    endloop
  endfacet
  facet normal 0 0 1
    outer loop
      vertex -88.9572 75.3474 3
      vertex -88.9572 58.6526 3
      vertex -88.8296 59.2941 3
    endloop
  endfacet
  facet normal 0 0 1
    outer loop
      vertex -100 27.5 3
      vertex -88.9572 75.3474 3
      vertex -89 76 3
    endloop
  endfacet
  facet normal 0 0 1
    outer loop
      vertex -88.9572 75.3474 3
      vertex -100 27.5 3
      vertex -88.9572 58.6526 3
    endloop
  endfacet
  facet normal 0 0 1
    outer loop
      vertex -22.1704 136.206 3
      vertex -10 155.3 3
      vertex -22.0428 136.847 3
    endloop
  endfacet
  facet normal 0 0 1
    outer loop
      vertex -10 155.3 3
      vertex -22.0428 120.153 3
      vertex -22 119.5 3
    endloop
  endfacet
  facet normal 0 0 1
    outer loop
      vertex -22.1704 120.794 3
      vertex -10 155.3 3
      vertex -22.1704 136.206 3
    endloop
  endfacet
  facet normal 0 0 1
    outer loop
      vertex -10 155.3 3
      vertex -22.1704 120.794 3
      vertex -22.0428 120.153 3
    endloop
  endfacet
  facet normal -0 0 1
    outer loop
      vertex -22.3806 135.587 3
      vertex -22.1704 120.794 3
      vertex -22.1704 136.206 3
    endloop
  endfacet
  facet normal 0 0 1
    outer loop
      vertex -22.3806 135.587 3
      vertex -22.3806 121.413 3
      vertex -22.1704 120.794 3
    endloop
  endfacet
  facet normal -0 0 1
    outer loop
      vertex -22.6699 135 3
      vertex -22.3806 121.413 3
      vertex -22.3806 135.587 3
    endloop
  endfacet
  facet normal 0 0 1
    outer loop
      vertex -22.6699 135 3
      vertex -22.6699 122 3
      vertex -22.3806 121.413 3
    endloop
  endfacet
  facet normal -0 0 1
    outer loop
      vertex -23.0332 134.456 3
      vertex -22.6699 122 3
      vertex -22.6699 135 3
    endloop
  endfacet
  facet normal 0 0 1
    outer loop
      vertex -23.0332 134.456 3
      vertex -23.0332 122.544 3
      vertex -22.6699 122 3
    endloop
  endfacet
  facet normal -0 0 1
    outer loop
      vertex -23.4645 133.964 3
      vertex -23.0332 122.544 3
      vertex -23.0332 134.456 3
    endloop
  endfacet
  facet normal 0 0 1
    outer loop
      vertex -23.4645 133.964 3
      vertex -23.4645 123.036 3
      vertex -23.0332 122.544 3
    endloop
  endfacet
  facet normal -0 0 1
    outer loop
      vertex -23.9562 133.533 3
      vertex -23.4645 123.036 3
      vertex -23.4645 133.964 3
    endloop
  endfacet
  facet normal 0 0 1
    outer loop
      vertex -23.9562 133.533 3
      vertex -23.9562 123.467 3
      vertex -23.4645 123.036 3
    endloop
  endfacet
  facet normal -0 0 1
    outer loop
      vertex -24.5 133.17 3
      vertex -23.9562 123.467 3
      vertex -23.9562 133.533 3
    endloop
  endfacet
  facet normal 0 0 1
    outer loop
      vertex -24.5 133.17 3
      vertex -24.5 123.83 3
      vertex -23.9562 123.467 3
    endloop
  endfacet
  facet normal -0 0 1
    outer loop
      vertex -25.0866 132.881 3
      vertex -24.5 123.83 3
      vertex -24.5 133.17 3
    endloop
  endfacet
  facet normal 0 0 1
    outer loop
      vertex -25.0866 132.881 3
      vertex -25.0866 124.119 3
      vertex -24.5 123.83 3
    endloop
  endfacet
  facet normal -0 0 1
    outer loop
      vertex -25.7059 132.67 3
      vertex -25.0866 124.119 3
      vertex -25.0866 132.881 3
    endloop
  endfacet
  facet normal 0 0 1
    outer loop
      vertex -25.7059 132.67 3
      vertex -25.7059 124.33 3
      vertex -25.0866 124.119 3
    endloop
  endfacet
  facet normal -0 0 1
    outer loop
      vertex -26.3474 132.543 3
      vertex -25.7059 124.33 3
      vertex -25.7059 132.67 3
    endloop
  endfacet
  facet normal 0 0 1
    outer loop
      vertex -26.3474 132.543 3
      vertex -26.3474 124.457 3
      vertex -25.7059 124.33 3
    endloop
  endfacet
  facet normal -0 0 1
    outer loop
      vertex -27 132.5 3
      vertex -26.3474 124.457 3
      vertex -26.3474 132.543 3
    endloop
  endfacet
  facet normal 0 0 1
    outer loop
      vertex -27 132.5 3
      vertex -27 124.5 3
      vertex -26.3474 124.457 3
    endloop
  endfacet
  facet normal 0 0 1
    outer loop
      vertex -27 132.5 3
      vertex -56 130 3
      vertex -27 124.5 3
    endloop
  endfacet
  facet normal -0 0 1
    outer loop
      vertex -84 132.5 3
      vertex -56 130 3
      vertex -27 132.5 3
    endloop
  endfacet
  facet normal 0 0 1
    outer loop
      vertex -94 130 3
      vertex -84 132.5 3
      vertex -84.6526 132.543 3
    endloop
  endfacet
  facet normal 0 0 1
    outer loop
      vertex -88.9572 181.653 3
      vertex -100 189 3
      vertex -89 181 3
    endloop
  endfacet
  facet normal 0 0 1
    outer loop
      vertex -89 181 3
      vertex -100 189 3
      vertex -89 137.5 3
    endloop
  endfacet
  facet normal 0 0 1
    outer loop
      vertex -84 132.5 3
      vertex -94 130 3
      vertex -56 130 3
    endloop
  endfacet
  facet normal 0 0 1
    outer loop
      vertex -85.2941 132.67 3
      vertex -94 130 3
      vertex -84.6526 132.543 3
    endloop
  endfacet
  facet normal 0 0 1
    outer loop
      vertex -85.9134 132.881 3
      vertex -94 130 3
      vertex -85.2941 132.67 3
    endloop
  endfacet
  facet normal 0 0 1
    outer loop
      vertex -86.5 133.17 3
      vertex -94 130 3
      vertex -85.9134 132.881 3
    endloop
  endfacet
  facet normal 0 0 1
    outer loop
      vertex -87.0438 133.533 3
      vertex -94 130 3
      vertex -86.5 133.17 3
    endloop
  endfacet
  facet normal 0 0 1
    outer loop
      vertex -87.5355 133.964 3
      vertex -94 130 3
      vertex -87.0438 133.533 3
    endloop
  endfacet
  facet normal 0 0 1
    outer loop
      vertex -87.9668 134.456 3
      vertex -94 130 3
      vertex -87.5355 133.964 3
    endloop
  endfacet
  facet normal 0 0 1
    outer loop
      vertex -88.3301 135 3
      vertex -94 130 3
      vertex -87.9668 134.456 3
    endloop
  endfacet
  facet normal 0 0 1
    outer loop
      vertex -88.6194 135.587 3
      vertex -94 130 3
      vertex -88.3301 135 3
    endloop
  endfacet
  facet normal 0 0 1
    outer loop
      vertex -88.8296 136.206 3
      vertex -94 130 3
      vertex -88.6194 135.587 3
    endloop
  endfacet
  facet normal 0 0 1
    outer loop
      vertex -88.9572 136.847 3
      vertex -94 130 3
      vertex -88.8296 136.206 3
    endloop
  endfacet
  facet normal 0 -0 1
    outer loop
      vertex -94 130 3
      vertex -89 137.5 3
      vertex -100 189 3
    endloop
  endfacet
  facet normal 0 0 1
    outer loop
      vertex -89 137.5 3
      vertex -94 130 3
      vertex -88.9572 136.847 3
    endloop
  endfacet
  facet normal 0 0 1
    outer loop
      vertex -100 189 3
      vertex -93.0442 196.932 3
      vertex -94.0705 196.727 3
    endloop
  endfacet
  facet normal 0 0 1
    outer loop
      vertex -23.4645 184.536 3
      vertex -10 184.7 3
      vertex -10 197 3
    endloop
  endfacet
  facet normal 0 0 1
    outer loop
      vertex -10 184.7 3
      vertex -22 181 3
      vertex -10 155.3 3
    endloop
  endfacet
  facet normal 0 0 1
    outer loop
      vertex -22 76 3
      vertex -10 155.3 3
      vertex -22 119.5 3
    endloop
  endfacet
  facet normal 0 0 1
    outer loop
      vertex -10 155.3 3
      vertex -22 76 3
      vertex -10 37.7 3
    endloop
  endfacet
  facet normal 0 0 1
    outer loop
      vertex -22 15.5 3
      vertex -10 37.7 3
      vertex -22 58 3
    endloop
  endfacet
  facet normal 0 0 1
    outer loop
      vertex -22.0428 136.847 3
      vertex -10 155.3 3
      vertex -22 137.5 3
    endloop
  endfacet
  facet normal 0 0 1
    outer loop
      vertex -10 155.3 3
      vertex -22 181 3
      vertex -22 137.5 3
    endloop
  endfacet
  facet normal 0 0 1
    outer loop
      vertex -10 184.7 3
      vertex -22.0428 181.653 3
      vertex -22 181 3
    endloop
  endfacet
  facet normal 0 0 1
    outer loop
      vertex -10 184.7 3
      vertex -22.1704 182.294 3
      vertex -22.0428 181.653 3
    endloop
  endfacet
  facet normal 0 0 1
    outer loop
      vertex -10 184.7 3
      vertex -22.3806 182.913 3
      vertex -22.1704 182.294 3
    endloop
  endfacet
  facet normal 0 0 1
    outer loop
      vertex -10 184.7 3
      vertex -22.6699 183.5 3
      vertex -22.3806 182.913 3
    endloop
  endfacet
  facet normal 0 0 1
    outer loop
      vertex -10 184.7 3
      vertex -23.0332 184.044 3
      vertex -22.6699 183.5 3
    endloop
  endfacet
  facet normal 0 0 1
    outer loop
      vertex -10 184.7 3
      vertex -23.4645 184.536 3
      vertex -23.0332 184.044 3
    endloop
  endfacet
  facet normal 0 0 1
    outer loop
      vertex -10 197 3
      vertex -23.9562 184.967 3
      vertex -23.4645 184.536 3
    endloop
  endfacet
  facet normal 0 0 1
    outer loop
      vertex -10 197 3
      vertex -24.5 185.33 3
      vertex -23.9562 184.967 3
    endloop
  endfacet
  facet normal 0 0 1
    outer loop
      vertex -10 197 3
      vertex -25.0866 185.619 3
      vertex -24.5 185.33 3
    endloop
  endfacet
  facet normal 0 0 1
    outer loop
      vertex -10 197 3
      vertex -25.7059 185.83 3
      vertex -25.0866 185.619 3
    endloop
  endfacet
  facet normal 0 0 1
    outer loop
      vertex -10 197 3
      vertex -26.3474 185.957 3
      vertex -25.7059 185.83 3
    endloop
  endfacet
  facet normal 0 0 1
    outer loop
      vertex -10 197 3
      vertex -27 186 3
      vertex -26.3474 185.957 3
    endloop
  endfacet
  facet normal -0 0 1
    outer loop
      vertex -92 197 3
      vertex -27 186 3
      vertex -10 197 3
    endloop
  endfacet
  facet normal 0 0 1
    outer loop
      vertex -27 186 3
      vertex -92 197 3
      vertex -84 186 3
    endloop
  endfacet
  facet normal 0 0 1
    outer loop
      vertex -88.8296 182.294 3
      vertex -100 189 3
      vertex -88.9572 181.653 3
    endloop
  endfacet
  facet normal 0 0 1
    outer loop
      vertex -88.6194 182.913 3
      vertex -100 189 3
      vertex -88.8296 182.294 3
    endloop
  endfacet
  facet normal 0 0 1
    outer loop
      vertex -88.3301 183.5 3
      vertex -100 189 3
      vertex -88.6194 182.913 3
    endloop
  endfacet
  facet normal 0 0 1
    outer loop
      vertex -87.9668 184.044 3
      vertex -100 189 3
      vertex -88.3301 183.5 3
    endloop
  endfacet
  facet normal 0 0 1
    outer loop
      vertex -87.5355 184.536 3
      vertex -100 189 3
      vertex -87.9668 184.044 3
    endloop
  endfacet
  facet normal -0 0 1
    outer loop
      vertex -100 189 3
      vertex -87.5355 184.536 3
      vertex -93.0442 196.932 3
    endloop
  endfacet
  facet normal -0 0 1
    outer loop
      vertex -93.0442 196.932 3
      vertex -87.5355 184.536 3
      vertex -92 197 3
    endloop
  endfacet
  facet normal 0 0 1
    outer loop
      vertex -87.0438 184.967 3
      vertex -92 197 3
      vertex -87.5355 184.536 3
    endloop
  endfacet
  facet normal 0 0 1
    outer loop
      vertex -86.5 185.33 3
      vertex -92 197 3
      vertex -87.0438 184.967 3
    endloop
  endfacet
  facet normal 0 0 1
    outer loop
      vertex -85.9134 185.619 3
      vertex -92 197 3
      vertex -86.5 185.33 3
    endloop
  endfacet
  facet normal 0 0 1
    outer loop
      vertex -85.2941 185.83 3
      vertex -92 197 3
      vertex -85.9134 185.619 3
    endloop
  endfacet
  facet normal 0 0 1
    outer loop
      vertex -84.6526 185.957 3
      vertex -92 197 3
      vertex -85.2941 185.83 3
    endloop
  endfacet
  facet normal 0 0 1
    outer loop
      vertex -84 186 3
      vertex -92 197 3
      vertex -84.6526 185.957 3
    endloop
  endfacet
  facet normal -0 0 1
    outer loop
      vertex -10 184.7 3
      vertex -0.5 183.5 3
      vertex -1.7 184.7 3
    endloop
  endfacet
  facet normal 0 0 1
    outer loop
      vertex -0.5 183.5 3
      vertex -10 184.7 3
      vertex -0.5 156.5 3
    endloop
  endfacet
  facet normal 0 0 1
    outer loop
      vertex -10 155.3 3
      vertex -0.5 156.5 3
      vertex -10 184.7 3
    endloop
  endfacet
  facet normal 0 0 1
    outer loop
      vertex -0.5 156.5 3
      vertex -10 155.3 3
      vertex -1.7 155.3 3
    endloop
  endfacet
  facet normal -0 0 1
    outer loop
      vertex -10 37.7 3
      vertex -0.5 36.5 3
      vertex -1.7 37.7 3
    endloop
  endfacet
  facet normal 0 0 1
    outer loop
      vertex -0.5 36.5 3
      vertex -10 37.7 3
      vertex -0.5 9.5 3
    endloop
  endfacet
  facet normal 0 0 1
    outer loop
      vertex -10 8.29999 3
      vertex -0.5 9.5 3
      vertex -10 37.7 3
    endloop
  endfacet
  facet normal 0 0 1
    outer loop
      vertex -0.5 9.5 3
      vertex -10 8.29999 3
      vertex -1.7 8.29999 3
    endloop
  endfacet
  facet normal -0 0 1
    outer loop
      vertex -22.0428 75.3474 3
      vertex -10 37.7 3
      vertex -22 76 3
    endloop
  endfacet
  facet normal 0 0 1
    outer loop
      vertex -10 37.7 3
      vertex -22 15.5 3
      vertex -10 8.29999 3
    endloop
  endfacet
  facet normal -0 0 1
    outer loop
      vertex -22.0428 14.8474 3
      vertex -10 8.29999 3
      vertex -22 15.5 3
    endloop
  endfacet
  facet normal -0 0 1
    outer loop
      vertex -22.1704 14.2059 3
      vertex -10 8.29999 3
      vertex -22.0428 14.8474 3
    endloop
  endfacet
  facet normal -0 0 1
    outer loop
      vertex -22.3806 13.5866 3
      vertex -10 8.29999 3
      vertex -22.1704 14.2059 3
    endloop
  endfacet
  facet normal -0 0 1
    outer loop
      vertex -22.6699 13 3
      vertex -10 8.29999 3
      vertex -22.3806 13.5866 3
    endloop
  endfacet
  facet normal 0 0 1
    outer loop
      vertex -10 8.29999 3
      vertex -16 -0.5 3
      vertex -10 -0.5 3
    endloop
  endfacet
  facet normal -0 0 1
    outer loop
      vertex -23.0332 12.4562 3
      vertex -10 8.29999 3
      vertex -22.6699 13 3
    endloop
  endfacet
  facet normal -0 0 1
    outer loop
      vertex -23.4645 11.9645 3
      vertex -10 8.29999 3
      vertex -23.0332 12.4562 3
    endloop
  endfacet
  facet normal 0 0 1
    outer loop
      vertex -10 8.29999 3
      vertex -23.4645 11.9645 3
      vertex -16 -0.5 3
    endloop
  endfacet
  facet normal -0 0 1
    outer loop
      vertex -23.9562 11.5332 3
      vertex -16 -0.5 3
      vertex -23.4645 11.9645 3
    endloop
  endfacet
  facet normal -0 0 1
    outer loop
      vertex -24.5 11.1699 3
      vertex -16 -0.5 3
      vertex -23.9562 11.5332 3
    endloop
  endfacet
  facet normal -0 0 1
    outer loop
      vertex -25.0866 10.8806 3
      vertex -16 -0.5 3
      vertex -24.5 11.1699 3
    endloop
  endfacet
  facet normal -0 0 1
    outer loop
      vertex -25.7059 10.6704 3
      vertex -16 -0.5 3
      vertex -25.0866 10.8806 3
    endloop
  endfacet
  facet normal -0 0 1
    outer loop
      vertex -26.3474 10.5428 3
      vertex -16 -0.5 3
      vertex -25.7059 10.6704 3
    endloop
  endfacet
  facet normal -0 0 1
    outer loop
      vertex -27 10.5 3
      vertex -16 -0.5 3
      vertex -26.3474 10.5428 3
    endloop
  endfacet
  facet normal 0 0 1
    outer loop
      vertex -16 -0.5 3
      vertex -27 10.5 3
      vertex -16 -1 3
    endloop
  endfacet
  facet normal 0 0 1
    outer loop
      vertex -70 -1 3
      vertex -27 10.5 3
      vertex -70 -0.5 3
    endloop
  endfacet
  facet normal 0 0 1
    outer loop
      vertex -27 10.5 3
      vertex -70 -1 3
      vertex -16 -1 3
    endloop
  endfacet
  facet normal -0 0 1
    outer loop
      vertex -56 127 3
      vertex -27 124.5 3
      vertex -56 130 3
    endloop
  endfacet
  facet normal 0 0 1
    outer loop
      vertex -56 127 3
      vertex -84 124.5 3
      vertex -27 124.5 3
    endloop
  endfacet
  facet normal -0 0 1
    outer loop
      vertex -94 127 3
      vertex -84 124.5 3
      vertex -56 127 3
    endloop
  endfacet
  facet normal 0 0 1
    outer loop
      vertex -94 127 3
      vertex -89 76 3
      vertex -89 119.5 3
    endloop
  endfacet
  facet normal 0 0 1
    outer loop
      vertex -100 27.5 3
      vertex -89 76 3
      vertex -94 127 3
    endloop
  endfacet
  facet normal 0 0 1
    outer loop
      vertex -89 58 3
      vertex -100 27.5 3
      vertex -89 28.0236 3
    endloop
  endfacet
  facet normal 0 0 1
    outer loop
      vertex -88.8526 25.6113 3
      vertex -100 27.5 3
      vertex -99.7605 23.8453 3
    endloop
  endfacet
  facet normal 0 0 1
    outer loop
      vertex -84 124.5 3
      vertex -94 127 3
      vertex -84.6526 124.457 3
    endloop
  endfacet
  facet normal 0 0 1
    outer loop
      vertex -94 127 3
      vertex -85.2941 124.33 3
      vertex -84.6526 124.457 3
    endloop
  endfacet
  facet normal 0 0 1
    outer loop
      vertex -94 127 3
      vertex -85.9134 124.119 3
      vertex -85.2941 124.33 3
    endloop
  endfacet
  facet normal 0 0 1
    outer loop
      vertex -94 127 3
      vertex -86.5 123.83 3
      vertex -85.9134 124.119 3
    endloop
  endfacet
  facet normal 0 0 1
    outer loop
      vertex -94 127 3
      vertex -87.0438 123.467 3
      vertex -86.5 123.83 3
    endloop
  endfacet
  facet normal 0 0 1
    outer loop
      vertex -94 127 3
      vertex -87.5355 123.036 3
      vertex -87.0438 123.467 3
    endloop
  endfacet
  facet normal 0 0 1
    outer loop
      vertex -94 127 3
      vertex -87.9668 122.544 3
      vertex -87.5355 123.036 3
    endloop
  endfacet
  facet normal 0 0 1
    outer loop
      vertex -94 127 3
      vertex -88.3301 122 3
      vertex -87.9668 122.544 3
    endloop
  endfacet
  facet normal 0 0 1
    outer loop
      vertex -94 127 3
      vertex -88.6194 121.413 3
      vertex -88.3301 122 3
    endloop
  endfacet
  facet normal 0 0 1
    outer loop
      vertex -94 127 3
      vertex -88.8296 120.794 3
      vertex -88.6194 121.413 3
    endloop
  endfacet
  facet normal 0 0 1
    outer loop
      vertex -94 127 3
      vertex -88.9572 120.153 3
      vertex -88.8296 120.794 3
    endloop
  endfacet
  facet normal 0 0 1
    outer loop
      vertex -94 127 3
      vertex -89 119.5 3
      vertex -88.9572 120.153 3
    endloop
  endfacet
  facet normal 0 0 1
    outer loop
      vertex -88.9572 58.6526 3
      vertex -100 27.5 3
      vertex -89 58 3
    endloop
  endfacet
  facet normal 0 0 1
    outer loop
      vertex -83.7577 15.2798 3
      vertex -91.799 7.701 3
      vertex -89.0453 5.2861 3
    endloop
  endfacet
  facet normal 0 0 1
    outer loop
      vertex -94 130 3
      vertex -100 189 3
      vertex -94 127 3
    endloop
  endfacet
  facet normal 0 0 1
    outer loop
      vertex -100 189 3
      vertex -94.0705 196.727 3
      vertex -95.0615 196.391 3
    endloop
  endfacet
  facet normal 0 0 1
    outer loop
      vertex -100 189 3
      vertex -95.0615 196.391 3
      vertex -96 195.928 3
    endloop
  endfacet
  facet normal 0 0 1
    outer loop
      vertex -85.2521 16.9189 3
      vertex -94.2139 10.4547 3
      vertex -91.799 7.701 3
    endloop
  endfacet
  facet normal 0 0 1
    outer loop
      vertex -100 189 3
      vertex -96 195.928 3
      vertex -96.8701 195.347 3
    endloop
  endfacet
  facet normal 0 0 1
    outer loop
      vertex -100 189 3
      vertex -96.8701 195.347 3
      vertex -97.6568 194.657 3
    endloop
  endfacet
  facet normal 0 0 1
    outer loop
      vertex -86.52 18.7394 3
      vertex -96.2487 13.5 3
      vertex -94.2139 10.4547 3
    endloop
  endfacet
  facet normal 0 0 1
    outer loop
      vertex -100 189 3
      vertex -97.6568 194.657 3
      vertex -98.3468 193.87 3
    endloop
  endfacet
  facet normal 0 0 1
    outer loop
      vertex -100 189 3
      vertex -98.3468 193.87 3
      vertex -98.9282 193 3
    endloop
  endfacet
  facet normal 0 0 1
    outer loop
      vertex -87.5392 20.7094 3
      vertex -97.8686 16.7849 3
      vertex -96.2487 13.5 3
    endloop
  endfacet
  facet normal 0 0 1
    outer loop
      vertex -100 189 3
      vertex -98.9282 193 3
      vertex -99.391 192.061 3
    endloop
  endfacet
  facet normal 0 0 1
    outer loop
      vertex -100 189 3
      vertex -99.391 192.061 3
      vertex -99.7274 191.071 3
    endloop
  endfacet
  facet normal 0 0 1
    outer loop
      vertex -88.2926 22.7959 3
      vertex -99.0459 20.2531 3
      vertex -97.8686 16.7849 3
    endloop
  endfacet
  facet normal 0 0 1
    outer loop
      vertex -100 189 3
      vertex -99.7274 191.071 3
      vertex -99.9315 190.044 3
    endloop
  endfacet
  facet normal 0 0 1
    outer loop
      vertex -94 127 3
      vertex -100 189 3
      vertex -100 27.5 3
    endloop
  endfacet
  facet normal 0 0 1
    outer loop
      vertex -88.7672 24.9628 3
      vertex -99.7605 23.8453 3
      vertex -99.0459 20.2531 3
    endloop
  endfacet
  facet normal 0 1 -0
    outer loop
      vertex -1.7 37.7 0
      vertex -10 37.7 3
      vertex -1.7 37.7 3
    endloop
  endfacet
  facet normal 0 1 0
    outer loop
      vertex -10 37.7 3
      vertex -1.7 37.7 0
      vertex -10 37.7 0
    endloop
  endfacet
  facet normal 1 -0 0
    outer loop
      vertex -10 37.7 3
      vertex -10 155.3 0
      vertex -10 155.3 3
    endloop
  endfacet
  facet normal 1 0 0
    outer loop
      vertex -10 155.3 0
      vertex -10 37.7 3
      vertex -10 37.7 0
    endloop
  endfacet
  facet normal 0 -1 0
    outer loop
      vertex -10 155.3 0
      vertex -1.7 155.3 3
      vertex -10 155.3 3
    endloop
  endfacet
  facet normal 0 -1 -0
    outer loop
      vertex -1.7 155.3 3
      vertex -10 155.3 0
      vertex -1.7 155.3 0
    endloop
  endfacet
  facet normal 0.707107 -0.707107 0
    outer loop
      vertex -1.7 155.3 3
      vertex -0.5 156.5 0
      vertex -0.5 156.5 3
    endloop
  endfacet
  facet normal 0.707107 -0.707107 0
    outer loop
      vertex -0.5 156.5 0
      vertex -1.7 155.3 3
      vertex -1.7 155.3 0
    endloop
  endfacet
  facet normal 1 -0 0
    outer loop
      vertex -0.5 156.5 3
      vertex -0.5 183.5 0
      vertex -0.5 183.5 3
    endloop
  endfacet
  facet normal 1 0 0
    outer loop
      vertex -0.5 183.5 0
      vertex -0.5 156.5 3
      vertex -0.5 156.5 0
    endloop
  endfacet
  facet normal 0.707107 0.707107 0
    outer loop
      vertex -0.5 183.5 3
      vertex -1.7 184.7 0
      vertex -1.7 184.7 3
    endloop
  endfacet
  facet normal 0.707107 0.707107 0
    outer loop
      vertex -1.7 184.7 0
      vertex -0.5 183.5 3
      vertex -0.5 183.5 0
    endloop
  endfacet
  facet normal 0 1 -0
    outer loop
      vertex -1.7 184.7 0
      vertex -10 184.7 3
      vertex -1.7 184.7 3
    endloop
  endfacet
  facet normal 0 1 0
    outer loop
      vertex -10 184.7 3
      vertex -1.7 184.7 0
      vertex -10 184.7 0
    endloop
  endfacet
  facet normal 1 -0 0
    outer loop
      vertex -10 184.7 3
      vertex -10 197 0
      vertex -10 197 3
    endloop
  endfacet
  facet normal 1 0 0
    outer loop
      vertex -10 197 0
      vertex -10 184.7 3
      vertex -10 184.7 0
    endloop
  endfacet
  facet normal 0 1 -0
    outer loop
      vertex -10 197 0
      vertex -92 197 3
      vertex -10 197 3
    endloop
  endfacet
  facet normal 0 1 0
    outer loop
      vertex -92 197 3
      vertex -10 197 0
      vertex -92 197 0
    endloop
  endfacet
  facet normal -0.064984 0.997886 0
    outer loop
      vertex -92 197 0
      vertex -93.0442 196.932 3
      vertex -92 197 3
    endloop
  endfacet
  facet normal -0.064984 0.997886 0
    outer loop
      vertex -93.0442 196.932 3
      vertex -92 197 0
      vertex -93.0442 196.932 0
    endloop
  endfacet
  facet normal -0.195877 0.980628 0
    outer loop
      vertex -93.0442 196.932 0
      vertex -94.0705 196.727 3
      vertex -93.0442 196.932 3
    endloop
  endfacet
  facet normal -0.195877 0.980628 0
    outer loop
      vertex -94.0705 196.727 3
      vertex -93.0442 196.932 0
      vertex -94.0705 196.727 0
    endloop
  endfacet
  facet normal -0.321097 0.947046 0
    outer loop
      vertex -94.0705 196.727 0
      vertex -95.0615 196.391 3
      vertex -94.0705 196.727 3
    endloop
  endfacet
  facet normal -0.321097 0.947046 0
    outer loop
      vertex -95.0615 196.391 3
      vertex -94.0705 196.727 0
      vertex -95.0615 196.391 0
    endloop
  endfacet
  facet normal -0.442429 0.896803 0
    outer loop
      vertex -95.0615 196.391 0
      vertex -96 195.928 3
      vertex -95.0615 196.391 3
    endloop
  endfacet
  facet normal -0.442429 0.896803 0
    outer loop
      vertex -96 195.928 3
      vertex -95.0615 196.391 0
      vertex -96 195.928 0
    endloop
  endfacet
  facet normal -0.555318 0.831638 0
    outer loop
      vertex -96 195.928 0
      vertex -96.8701 195.347 3
      vertex -96 195.928 3
    endloop
  endfacet
  facet normal -0.555318 0.831638 0
    outer loop
      vertex -96.8701 195.347 3
      vertex -96 195.928 0
      vertex -96.8701 195.347 0
    endloop
  endfacet
  facet normal -0.65939 0.751801 0
    outer loop
      vertex -96.8701 195.347 0
      vertex -97.6568 194.657 3
      vertex -96.8701 195.347 3
    endloop
  endfacet
  facet normal -0.65939 0.751801 0
    outer loop
      vertex -97.6568 194.657 3
      vertex -96.8701 195.347 0
      vertex -97.6568 194.657 0
    endloop
  endfacet
  facet normal -0.751925 0.659248 0
    outer loop
      vertex -98.3468 193.87 0
      vertex -97.6568 194.657 3
      vertex -97.6568 194.657 0
    endloop
  endfacet
  facet normal -0.751925 0.659248 0
    outer loop
      vertex -97.6568 194.657 3
      vertex -98.3468 193.87 0
      vertex -98.3468 193.87 3
    endloop
  endfacet
  facet normal -0.831432 0.555626 0
    outer loop
      vertex -98.9282 193 0
      vertex -98.3468 193.87 3
      vertex -98.3468 193.87 0
    endloop
  endfacet
  facet normal -0.831432 0.555626 0
    outer loop
      vertex -98.3468 193.87 3
      vertex -98.9282 193 0
      vertex -98.9282 193 3
    endloop
  endfacet
  facet normal -0.896973 0.442086 0
    outer loop
      vertex -99.391 192.061 0
      vertex -98.9282 193 3
      vertex -98.9282 193 0
    endloop
  endfacet
  facet normal -0.896973 0.442086 0
    outer loop
      vertex -98.9282 193 3
      vertex -99.391 192.061 0
      vertex -99.391 192.061 3
    endloop
  endfacet
  facet normal -0.946831 0.321731 0
    outer loop
      vertex -99.7274 191.071 0
      vertex -99.391 192.061 3
      vertex -99.391 192.061 0
    endloop
  endfacet
  facet normal -0.946831 0.321731 0
    outer loop
      vertex -99.391 192.061 3
      vertex -99.7274 191.071 0
      vertex -99.7274 191.071 3
    endloop
  endfacet
  facet normal -0.980819 0.194922 0
    outer loop
      vertex -99.9315 190.044 0
      vertex -99.7274 191.071 3
      vertex -99.7274 191.071 0
    endloop
  endfacet
  facet normal -0.980819 0.194922 0
    outer loop
      vertex -99.7274 191.071 3
      vertex -99.9315 190.044 0
      vertex -99.9315 190.044 3
    endloop
  endfacet
  facet normal -0.997854 0.0654722 0
    outer loop
      vertex -100 189 0
      vertex -99.9315 190.044 3
      vertex -99.9315 190.044 0
    endloop
  endfacet
  facet normal -0.997854 0.0654722 0
    outer loop
      vertex -99.9315 190.044 3
      vertex -100 189 0
      vertex -100 189 3
    endloop
  endfacet
  facet normal -1 0 0
    outer loop
      vertex -100 27.5 0
      vertex -100 189 3
      vertex -100 189 0
    endloop
  endfacet
  facet normal -1 -0 0
    outer loop
      vertex -100 189 3
      vertex -100 27.5 0
      vertex -100 27.5 3
    endloop
  endfacet
  facet normal -0.99786 -0.0653918 0
    outer loop
      vertex -99.7605 23.8453 0
      vertex -100 27.5 3
      vertex -100 27.5 0
    endloop
  endfacet
  facet normal -0.99786 -0.0653918 0
    outer loop
      vertex -100 27.5 3
      vertex -99.7605 23.8453 0
      vertex -99.7605 23.8453 3
    endloop
  endfacet
  facet normal -0.980782 -0.195108 0
    outer loop
      vertex -99.0459 20.2531 0
      vertex -99.7605 23.8453 3
      vertex -99.7605 23.8453 0
    endloop
  endfacet
  facet normal -0.980782 -0.195108 0
    outer loop
      vertex -99.7605 23.8453 3
      vertex -99.0459 20.2531 0
      vertex -99.0459 20.2531 3
    endloop
  endfacet
  facet normal -0.94693 -0.321441 0
    outer loop
      vertex -97.8686 16.7849 0
      vertex -99.0459 20.2531 3
      vertex -99.0459 20.2531 0
    endloop
  endfacet
  facet normal -0.94693 -0.321441 0
    outer loop
      vertex -99.0459 20.2531 3
      vertex -97.8686 16.7849 0
      vertex -97.8686 16.7849 3
    endloop
  endfacet
  facet normal -0.896876 -0.442281 0
    outer loop
      vertex -96.2487 13.5 0
      vertex -97.8686 16.7849 3
      vertex -97.8686 16.7849 0
    endloop
  endfacet
  facet normal -0.896876 -0.442281 0
    outer loop
      vertex -97.8686 16.7849 3
      vertex -96.2487 13.5 0
      vertex -96.2487 13.5 3
    endloop
  endfacet
  facet normal -0.83147 -0.555569 0
    outer loop
      vertex -94.2139 10.4547 0
      vertex -96.2487 13.5 3
      vertex -96.2487 13.5 0
    endloop
  endfacet
  facet normal -0.83147 -0.555569 0
    outer loop
      vertex -96.2487 13.5 3
      vertex -94.2139 10.4547 0
      vertex -94.2139 10.4547 3
    endloop
  endfacet
  facet normal -0.751844 -0.659341 0
    outer loop
      vertex -91.799 7.701 0
      vertex -94.2139 10.4547 3
      vertex -94.2139 10.4547 0
    endloop
  endfacet
  facet normal -0.751844 -0.659341 0
    outer loop
      vertex -94.2139 10.4547 3
      vertex -91.799 7.701 0
      vertex -91.799 7.701 3
    endloop
  endfacet
  facet normal -0.659341 -0.751844 0
    outer loop
      vertex -91.799 7.701 0
      vertex -89.0453 5.2861 3
      vertex -91.799 7.701 3
    endloop
  endfacet
  facet normal -0.659341 -0.751844 -0
    outer loop
      vertex -89.0453 5.2861 3
      vertex -91.799 7.701 0
      vertex -89.0453 5.2861 0
    endloop
  endfacet
  facet normal -0.555573 -0.831468 0
    outer loop
      vertex -89.0453 5.2861 0
      vertex -86 3.25128 3
      vertex -89.0453 5.2861 3
    endloop
  endfacet
  facet normal -0.555573 -0.831468 -0
    outer loop
      vertex -86 3.25128 3
      vertex -89.0453 5.2861 0
      vertex -86 3.25128 0
    endloop
  endfacet
  facet normal -0.442286 -0.896874 0
    outer loop
      vertex -86 3.25128 0
      vertex -82.7151 1.63136 3
      vertex -86 3.25128 3
    endloop
  endfacet
  facet normal -0.442286 -0.896874 -0
    outer loop
      vertex -82.7151 1.63136 3
      vertex -86 3.25128 0
      vertex -82.7151 1.63136 0
    endloop
  endfacet
  facet normal -0.321438 -0.946931 0
    outer loop
      vertex -82.7151 1.63136 0
      vertex -79.2469 0.454071 3
      vertex -82.7151 1.63136 3
    endloop
  endfacet
  facet normal -0.321438 -0.946931 -0
    outer loop
      vertex -79.2469 0.454071 3
      vertex -82.7151 1.63136 0
      vertex -79.2469 0.454071 0
    endloop
  endfacet
  facet normal -0.195088 -0.980786 0
    outer loop
      vertex -79.2469 0.454071 0
      vertex -75.6547 -0.260452 3
      vertex -79.2469 0.454071 3
    endloop
  endfacet
  facet normal -0.195088 -0.980786 -0
    outer loop
      vertex -75.6547 -0.260452 3
      vertex -79.2469 0.454071 0
      vertex -75.6547 -0.260452 0
    endloop
  endfacet
  facet normal -0.0654048 -0.997859 0
    outer loop
      vertex -75.6547 -0.260452 0
      vertex -72 -0.5 3
      vertex -75.6547 -0.260452 3
    endloop
  endfacet
  facet normal -0.0654048 -0.997859 -0
    outer loop
      vertex -72 -0.5 3
      vertex -75.6547 -0.260452 0
      vertex -72 -0.5 0
    endloop
  endfacet
  facet normal 0 -1 0
    outer loop
      vertex -72 -0.5 0
      vertex -70 -0.5 3
      vertex -72 -0.5 3
    endloop
  endfacet
  facet normal 0 -1 -0
    outer loop
      vertex -70 -0.5 3
      vertex -72 -0.5 0
      vertex -70 -0.5 0
    endloop
  endfacet
  facet normal -1 0 0
    outer loop
      vertex -70 -0.5 0
      vertex -70 -1 3
      vertex -70 -0.5 3
    endloop
  endfacet
  facet normal -1 0 0
    outer loop
      vertex -70 -4 0
      vertex -70 -1 3
      vertex -70 -0.5 0
    endloop
  endfacet
  facet normal -1 0 0
    outer loop
      vertex -70 -4 6.99
      vertex -70 -1 3
      vertex -70 -4 0
    endloop
  endfacet
  facet normal -1 0 0
    outer loop
      vertex -70 -1 3
      vertex -70 -4 6.99
      vertex -70 -1 6.99
    endloop
  endfacet
  facet normal 0 -1 0
    outer loop
      vertex -70 -4 0
      vertex -67 -4 9.99
      vertex -70 -4 6.99
    endloop
  endfacet
  facet normal 0 -1 -0
    outer loop
      vertex -67 -4 9.99
      vertex -70 -4 0
      vertex -19 -4 9.99
    endloop
  endfacet
  facet normal 0 -1 0
    outer loop
      vertex -16 -4 0
      vertex -19 -4 9.99
      vertex -70 -4 0
    endloop
  endfacet
  facet normal 0 -1 0
    outer loop
      vertex -19 -4 9.99
      vertex -16 -4 0
      vertex -16 -4 6.99
    endloop
  endfacet
  facet normal 1 0 0
    outer loop
      vertex -16 -1 6.99
      vertex -16 -4 6.99
      vertex -16 -1 3
    endloop
  endfacet
  facet normal 1 -0 0
    outer loop
      vertex -16 -1 3
      vertex -16 -0.5 0
      vertex -16 -0.5 3
    endloop
  endfacet
  facet normal 1 0 0
    outer loop
      vertex -16 -4 0
      vertex -16 -1 3
      vertex -16 -4 6.99
    endloop
  endfacet
  facet normal 1 0 0
    outer loop
      vertex -16 -1 3
      vertex -16 -4 0
      vertex -16 -0.5 0
    endloop
  endfacet
  facet normal 0 -1 0
    outer loop
      vertex -16 -0.5 0
      vertex -10 -0.5 3
      vertex -16 -0.5 3
    endloop
  endfacet
  facet normal 0 -1 -0
    outer loop
      vertex -10 -0.5 3
      vertex -16 -0.5 0
      vertex -10 -0.5 0
    endloop
  endfacet
  facet normal 1 -0 0
    outer loop
      vertex -10 -0.5 3
      vertex -10 8.29999 0
      vertex -10 8.29999 3
    endloop
  endfacet
  facet normal 1 0 0
    outer loop
      vertex -10 8.29999 0
      vertex -10 -0.5 3
      vertex -10 -0.5 0
    endloop
  endfacet
  facet normal 0 -1 0
    outer loop
      vertex -10 8.29999 0
      vertex -1.7 8.29999 3
      vertex -10 8.29999 3
    endloop
  endfacet
  facet normal 0 -1 -0
    outer loop
      vertex -1.7 8.29999 3
      vertex -10 8.29999 0
      vertex -1.7 8.29999 0
    endloop
  endfacet
  facet normal 0.70711 -0.707104 0
    outer loop
      vertex -1.7 8.29999 3
      vertex -0.5 9.5 0
      vertex -0.5 9.5 3
    endloop
  endfacet
  facet normal 0.70711 -0.707104 0
    outer loop
      vertex -0.5 9.5 0
      vertex -1.7 8.29999 3
      vertex -1.7 8.29999 0
    endloop
  endfacet
  facet normal 1 -0 0
    outer loop
      vertex -0.5 9.5 3
      vertex -0.5 36.5 0
      vertex -0.5 36.5 3
    endloop
  endfacet
  facet normal 1 0 0
    outer loop
      vertex -0.5 36.5 0
      vertex -0.5 9.5 3
      vertex -0.5 9.5 0
    endloop
  endfacet
  facet normal 0.707107 0.707107 0
    outer loop
      vertex -0.5 36.5 3
      vertex -1.7 37.7 0
      vertex -1.7 37.7 3
    endloop
  endfacet
  facet normal 0.707107 0.707107 0
    outer loop
      vertex -1.7 37.7 0
      vertex -0.5 36.5 3
      vertex -0.5 36.5 0
    endloop
  endfacet
  facet normal -0.997859 0.0654033 0
    outer loop
      vertex -22.0428 136.847 0
      vertex -22 137.5 3
      vertex -22 137.5 0
    endloop
  endfacet
  facet normal -0.997859 0.0654033 0
    outer loop
      vertex -22 137.5 3
      vertex -22.0428 136.847 0
      vertex -22.0428 136.847 3
    endloop
  endfacet
  facet normal -0.980757 0.195233 0
    outer loop
      vertex -22.1704 136.206 0
      vertex -22.0428 136.847 3
      vertex -22.0428 136.847 0
    endloop
  endfacet
  facet normal -0.980757 0.195233 0
    outer loop
      vertex -22.0428 136.847 3
      vertex -22.1704 136.206 0
      vertex -22.1704 136.206 3
    endloop
  endfacet
  facet normal -0.946894 0.321546 0
    outer loop
      vertex -22.3806 135.587 0
      vertex -22.1704 136.206 3
      vertex -22.1704 136.206 0
    endloop
  endfacet
  facet normal -0.946894 0.321546 0
    outer loop
      vertex -22.1704 136.206 3
      vertex -22.3806 135.587 0
      vertex -22.3806 135.587 3
    endloop
  endfacet
  facet normal -0.89698 0.442072 0
    outer loop
      vertex -22.6699 135 0
      vertex -22.3806 135.587 3
      vertex -22.3806 135.587 0
    endloop
  endfacet
  facet normal -0.89698 0.442072 0
    outer loop
      vertex -22.3806 135.587 3
      vertex -22.6699 135 0
      vertex -22.6699 135 3
    endloop
  endfacet
  facet normal -0.831603 0.55537 0
    outer loop
      vertex -23.0332 134.456 0
      vertex -22.6699 135 3
      vertex -22.6699 135 0
    endloop
  endfacet
  facet normal -0.831603 0.55537 0
    outer loop
      vertex -22.6699 135 3
      vertex -23.0332 134.456 0
      vertex -23.0332 134.456 3
    endloop
  endfacet
  facet normal -0.75197 0.659197 0
    outer loop
      vertex -23.4645 133.964 0
      vertex -23.0332 134.456 3
      vertex -23.0332 134.456 0
    endloop
  endfacet
  facet normal -0.75197 0.659197 0
    outer loop
      vertex -23.0332 134.456 3
      vertex -23.4645 133.964 0
      vertex -23.4645 133.964 3
    endloop
  endfacet
  facet normal -0.659165 0.751998 0
    outer loop
      vertex -23.4645 133.964 0
      vertex -23.9562 133.533 3
      vertex -23.4645 133.964 3
    endloop
  endfacet
  facet normal -0.659165 0.751998 0
    outer loop
      vertex -23.9562 133.533 3
      vertex -23.4645 133.964 0
      vertex -23.9562 133.533 0
    endloop
  endfacet
  facet normal -0.555194 0.831721 0
    outer loop
      vertex -23.9562 133.533 0
      vertex -24.5 133.17 3
      vertex -23.9562 133.533 3
    endloop
  endfacet
  facet normal -0.555194 0.831721 0
    outer loop
      vertex -24.5 133.17 3
      vertex -23.9562 133.533 0
      vertex -24.5 133.17 0
    endloop
  endfacet
  facet normal -0.441945 0.897042 0
    outer loop
      vertex -24.5 133.17 0
      vertex -25.0866 132.881 3
      vertex -24.5 133.17 3
    endloop
  endfacet
  facet normal -0.441945 0.897042 0
    outer loop
      vertex -25.0866 132.881 3
      vertex -24.5 133.17 0
      vertex -25.0866 132.881 0
    endloop
  endfacet
  facet normal -0.322503 0.946569 0
    outer loop
      vertex -25.0866 132.881 0
      vertex -25.7059 132.67 3
      vertex -25.0866 132.881 3
    endloop
  endfacet
  facet normal -0.322503 0.946569 0
    outer loop
      vertex -25.7059 132.67 3
      vertex -25.0866 132.881 0
      vertex -25.7059 132.67 0
    endloop
  endfacet
  facet normal -0.194204 0.980961 0
    outer loop
      vertex -25.7059 132.67 0
      vertex -26.3474 132.543 3
      vertex -25.7059 132.67 3
    endloop
  endfacet
  facet normal -0.194204 0.980961 0
    outer loop
      vertex -26.3474 132.543 3
      vertex -25.7059 132.67 0
      vertex -26.3474 132.543 0
    endloop
  endfacet
  facet normal -0.0657477 0.997836 0
    outer loop
      vertex -26.3474 132.543 0
      vertex -27 132.5 3
      vertex -26.3474 132.543 3
    endloop
  endfacet
  facet normal -0.0657477 0.997836 0
    outer loop
      vertex -27 132.5 3
      vertex -26.3474 132.543 0
      vertex -27 132.5 0
    endloop
  endfacet
  facet normal 0 1 -0
    outer loop
      vertex -27 132.5 0
      vertex -84 132.5 3
      vertex -27 132.5 3
    endloop
  endfacet
  facet normal 0 1 0
    outer loop
      vertex -84 132.5 3
      vertex -27 132.5 0
      vertex -84 132.5 0
    endloop
  endfacet
  facet normal 0.0657477 0.997836 -0
    outer loop
      vertex -84 132.5 0
      vertex -84.6526 132.543 3
      vertex -84 132.5 3
    endloop
  endfacet
  facet normal 0.0657477 0.997836 0
    outer loop
      vertex -84.6526 132.543 3
      vertex -84 132.5 0
      vertex -84.6526 132.543 0
    endloop
  endfacet
  facet normal 0.194204 0.980961 -0
    outer loop
      vertex -84.6526 132.543 0
      vertex -85.2941 132.67 3
      vertex -84.6526 132.543 3
    endloop
  endfacet
  facet normal 0.194204 0.980961 0
    outer loop
      vertex -85.2941 132.67 3
      vertex -84.6526 132.543 0
      vertex -85.2941 132.67 0
    endloop
  endfacet
  facet normal 0.322503 0.946569 -0
    outer loop
      vertex -85.2941 132.67 0
      vertex -85.9134 132.881 3
      vertex -85.2941 132.67 3
    endloop
  endfacet
  facet normal 0.322503 0.946569 0
    outer loop
      vertex -85.9134 132.881 3
      vertex -85.2941 132.67 0
      vertex -85.9134 132.881 0
    endloop
  endfacet
  facet normal 0.441945 0.897042 -0
    outer loop
      vertex -85.9134 132.881 0
      vertex -86.5 133.17 3
      vertex -85.9134 132.881 3
    endloop
  endfacet
  facet normal 0.441945 0.897042 0
    outer loop
      vertex -86.5 133.17 3
      vertex -85.9134 132.881 0
      vertex -86.5 133.17 0
    endloop
  endfacet
  facet normal 0.555194 0.831721 -0
    outer loop
      vertex -86.5 133.17 0
      vertex -87.0438 133.533 3
      vertex -86.5 133.17 3
    endloop
  endfacet
  facet normal 0.555194 0.831721 0
    outer loop
      vertex -87.0438 133.533 3
      vertex -86.5 133.17 0
      vertex -87.0438 133.533 0
    endloop
  endfacet
  facet normal 0.659165 0.751998 -0
    outer loop
      vertex -87.0438 133.533 0
      vertex -87.5355 133.964 3
      vertex -87.0438 133.533 3
    endloop
  endfacet
  facet normal 0.659165 0.751998 0
    outer loop
      vertex -87.5355 133.964 3
      vertex -87.0438 133.533 0
      vertex -87.5355 133.964 0
    endloop
  endfacet
  facet normal 0.75197 0.659197 0
    outer loop
      vertex -87.5355 133.964 3
      vertex -87.9668 134.456 0
      vertex -87.9668 134.456 3
    endloop
  endfacet
  facet normal 0.75197 0.659197 0
    outer loop
      vertex -87.9668 134.456 0
      vertex -87.5355 133.964 3
      vertex -87.5355 133.964 0
    endloop
  endfacet
  facet normal 0.831603 0.55537 0
    outer loop
      vertex -87.9668 134.456 3
      vertex -88.3301 135 0
      vertex -88.3301 135 3
    endloop
  endfacet
  facet normal 0.831603 0.55537 0
    outer loop
      vertex -88.3301 135 0
      vertex -87.9668 134.456 3
      vertex -87.9668 134.456 0
    endloop
  endfacet
  facet normal 0.89698 0.442072 0
    outer loop
      vertex -88.3301 135 3
      vertex -88.6194 135.587 0
      vertex -88.6194 135.587 3
    endloop
  endfacet
  facet normal 0.89698 0.442072 0
    outer loop
      vertex -88.6194 135.587 0
      vertex -88.3301 135 3
      vertex -88.3301 135 0
    endloop
  endfacet
  facet normal 0.946894 0.321546 0
    outer loop
      vertex -88.6194 135.587 3
      vertex -88.8296 136.206 0
      vertex -88.8296 136.206 3
    endloop
  endfacet
  facet normal 0.946894 0.321546 0
    outer loop
      vertex -88.8296 136.206 0
      vertex -88.6194 135.587 3
      vertex -88.6194 135.587 0
    endloop
  endfacet
  facet normal 0.980757 0.195233 0
    outer loop
      vertex -88.8296 136.206 3
      vertex -88.9572 136.847 0
      vertex -88.9572 136.847 3
    endloop
  endfacet
  facet normal 0.980757 0.195233 0
    outer loop
      vertex -88.9572 136.847 0
      vertex -88.8296 136.206 3
      vertex -88.8296 136.206 0
    endloop
  endfacet
  facet normal 0.997859 0.0654033 0
    outer loop
      vertex -88.9572 136.847 3
      vertex -89 137.5 0
      vertex -89 137.5 3
    endloop
  endfacet
  facet normal 0.997859 0.0654033 0
    outer loop
      vertex -89 137.5 0
      vertex -88.9572 136.847 3
      vertex -88.9572 136.847 0
    endloop
  endfacet
  facet normal 1 -0 0
    outer loop
      vertex -89 137.5 3
      vertex -89 181 0
      vertex -89 181 3
    endloop
  endfacet
  facet normal 1 0 0
    outer loop
      vertex -89 181 0
      vertex -89 137.5 3
      vertex -89 137.5 0
    endloop
  endfacet
  facet normal 0.997859 -0.0654033 0
    outer loop
      vertex -89 181 3
      vertex -88.9572 181.653 0
      vertex -88.9572 181.653 3
    endloop
  endfacet
  facet normal 0.997859 -0.0654033 0
    outer loop
      vertex -88.9572 181.653 0
      vertex -89 181 3
      vertex -89 181 0
    endloop
  endfacet
  facet normal 0.980757 -0.195233 0
    outer loop
      vertex -88.9572 181.653 3
      vertex -88.8296 182.294 0
      vertex -88.8296 182.294 3
    endloop
  endfacet
  facet normal 0.980757 -0.195233 0
    outer loop
      vertex -88.8296 182.294 0
      vertex -88.9572 181.653 3
      vertex -88.9572 181.653 0
    endloop
  endfacet
  facet normal 0.946894 -0.321546 0
    outer loop
      vertex -88.8296 182.294 3
      vertex -88.6194 182.913 0
      vertex -88.6194 182.913 3
    endloop
  endfacet
  facet normal 0.946894 -0.321546 0
    outer loop
      vertex -88.6194 182.913 0
      vertex -88.8296 182.294 3
      vertex -88.8296 182.294 0
    endloop
  endfacet
  facet normal 0.89698 -0.442072 0
    outer loop
      vertex -88.6194 182.913 3
      vertex -88.3301 183.5 0
      vertex -88.3301 183.5 3
    endloop
  endfacet
  facet normal 0.89698 -0.442072 0
    outer loop
      vertex -88.3301 183.5 0
      vertex -88.6194 182.913 3
      vertex -88.6194 182.913 0
    endloop
  endfacet
  facet normal 0.831603 -0.55537 0
    outer loop
      vertex -88.3301 183.5 3
      vertex -87.9668 184.044 0
      vertex -87.9668 184.044 3
    endloop
  endfacet
  facet normal 0.831603 -0.55537 0
    outer loop
      vertex -87.9668 184.044 0
      vertex -88.3301 183.5 3
      vertex -88.3301 183.5 0
    endloop
  endfacet
  facet normal 0.75197 -0.659197 0
    outer loop
      vertex -87.9668 184.044 3
      vertex -87.5355 184.536 0
      vertex -87.5355 184.536 3
    endloop
  endfacet
  facet normal 0.75197 -0.659197 0
    outer loop
      vertex -87.5355 184.536 0
      vertex -87.9668 184.044 3
      vertex -87.9668 184.044 0
    endloop
  endfacet
  facet normal 0.659165 -0.751998 0
    outer loop
      vertex -87.5355 184.536 0
      vertex -87.0438 184.967 3
      vertex -87.5355 184.536 3
    endloop
  endfacet
  facet normal 0.659165 -0.751998 0
    outer loop
      vertex -87.0438 184.967 3
      vertex -87.5355 184.536 0
      vertex -87.0438 184.967 0
    endloop
  endfacet
  facet normal 0.555194 -0.831721 0
    outer loop
      vertex -87.0438 184.967 0
      vertex -86.5 185.33 3
      vertex -87.0438 184.967 3
    endloop
  endfacet
  facet normal 0.555194 -0.831721 0
    outer loop
      vertex -86.5 185.33 3
      vertex -87.0438 184.967 0
      vertex -86.5 185.33 0
    endloop
  endfacet
  facet normal 0.441945 -0.897042 0
    outer loop
      vertex -86.5 185.33 0
      vertex -85.9134 185.619 3
      vertex -86.5 185.33 3
    endloop
  endfacet
  facet normal 0.441945 -0.897042 0
    outer loop
      vertex -85.9134 185.619 3
      vertex -86.5 185.33 0
      vertex -85.9134 185.619 0
    endloop
  endfacet
  facet normal 0.322503 -0.946569 0
    outer loop
      vertex -85.9134 185.619 0
      vertex -85.2941 185.83 3
      vertex -85.9134 185.619 3
    endloop
  endfacet
  facet normal 0.322503 -0.946569 0
    outer loop
      vertex -85.2941 185.83 3
      vertex -85.9134 185.619 0
      vertex -85.2941 185.83 0
    endloop
  endfacet
  facet normal 0.194204 -0.980961 0
    outer loop
      vertex -85.2941 185.83 0
      vertex -84.6526 185.957 3
      vertex -85.2941 185.83 3
    endloop
  endfacet
  facet normal 0.194204 -0.980961 0
    outer loop
      vertex -84.6526 185.957 3
      vertex -85.2941 185.83 0
      vertex -84.6526 185.957 0
    endloop
  endfacet
  facet normal 0.0657477 -0.997836 0
    outer loop
      vertex -84.6526 185.957 0
      vertex -84 186 3
      vertex -84.6526 185.957 3
    endloop
  endfacet
  facet normal 0.0657477 -0.997836 0
    outer loop
      vertex -84 186 3
      vertex -84.6526 185.957 0
      vertex -84 186 0
    endloop
  endfacet
  facet normal 0 -1 0
    outer loop
      vertex -84 186 0
      vertex -27 186 3
      vertex -84 186 3
    endloop
  endfacet
  facet normal 0 -1 -0
    outer loop
      vertex -27 186 3
      vertex -84 186 0
      vertex -27 186 0
    endloop
  endfacet
  facet normal -0.0657477 -0.997836 0
    outer loop
      vertex -27 186 0
      vertex -26.3474 185.957 3
      vertex -27 186 3
    endloop
  endfacet
  facet normal -0.0657477 -0.997836 -0
    outer loop
      vertex -26.3474 185.957 3
      vertex -27 186 0
      vertex -26.3474 185.957 0
    endloop
  endfacet
  facet normal -0.194204 -0.980961 0
    outer loop
      vertex -26.3474 185.957 0
      vertex -25.7059 185.83 3
      vertex -26.3474 185.957 3
    endloop
  endfacet
  facet normal -0.194204 -0.980961 -0
    outer loop
      vertex -25.7059 185.83 3
      vertex -26.3474 185.957 0
      vertex -25.7059 185.83 0
    endloop
  endfacet
  facet normal -0.322503 -0.946569 0
    outer loop
      vertex -25.7059 185.83 0
      vertex -25.0866 185.619 3
      vertex -25.7059 185.83 3
    endloop
  endfacet
  facet normal -0.322503 -0.946569 -0
    outer loop
      vertex -25.0866 185.619 3
      vertex -25.7059 185.83 0
      vertex -25.0866 185.619 0
    endloop
  endfacet
  facet normal -0.441945 -0.897042 0
    outer loop
      vertex -25.0866 185.619 0
      vertex -24.5 185.33 3
      vertex -25.0866 185.619 3
    endloop
  endfacet
  facet normal -0.441945 -0.897042 -0
    outer loop
      vertex -24.5 185.33 3
      vertex -25.0866 185.619 0
      vertex -24.5 185.33 0
    endloop
  endfacet
  facet normal -0.555194 -0.831721 0
    outer loop
      vertex -24.5 185.33 0
      vertex -23.9562 184.967 3
      vertex -24.5 185.33 3
    endloop
  endfacet
  facet normal -0.555194 -0.831721 -0
    outer loop
      vertex -23.9562 184.967 3
      vertex -24.5 185.33 0
      vertex -23.9562 184.967 0
    endloop
  endfacet
  facet normal -0.659165 -0.751998 0
    outer loop
      vertex -23.9562 184.967 0
      vertex -23.4645 184.536 3
      vertex -23.9562 184.967 3
    endloop
  endfacet
  facet normal -0.659165 -0.751998 -0
    outer loop
      vertex -23.4645 184.536 3
      vertex -23.9562 184.967 0
      vertex -23.4645 184.536 0
    endloop
  endfacet
  facet normal -0.75197 -0.659197 0
    outer loop
      vertex -23.0332 184.044 0
      vertex -23.4645 184.536 3
      vertex -23.4645 184.536 0
    endloop
  endfacet
  facet normal -0.75197 -0.659197 0
    outer loop
      vertex -23.4645 184.536 3
      vertex -23.0332 184.044 0
      vertex -23.0332 184.044 3
    endloop
  endfacet
  facet normal -0.831603 -0.55537 0
    outer loop
      vertex -22.6699 183.5 0
      vertex -23.0332 184.044 3
      vertex -23.0332 184.044 0
    endloop
  endfacet
  facet normal -0.831603 -0.55537 0
    outer loop
      vertex -23.0332 184.044 3
      vertex -22.6699 183.5 0
      vertex -22.6699 183.5 3
    endloop
  endfacet
  facet normal -0.89698 -0.442072 0
    outer loop
      vertex -22.3806 182.913 0
      vertex -22.6699 183.5 3
      vertex -22.6699 183.5 0
    endloop
  endfacet
  facet normal -0.89698 -0.442072 0
    outer loop
      vertex -22.6699 183.5 3
      vertex -22.3806 182.913 0
      vertex -22.3806 182.913 3
    endloop
  endfacet
  facet normal -0.946894 -0.321546 0
    outer loop
      vertex -22.1704 182.294 0
      vertex -22.3806 182.913 3
      vertex -22.3806 182.913 0
    endloop
  endfacet
  facet normal -0.946894 -0.321546 0
    outer loop
      vertex -22.3806 182.913 3
      vertex -22.1704 182.294 0
      vertex -22.1704 182.294 3
    endloop
  endfacet
  facet normal -0.980757 -0.195233 0
    outer loop
      vertex -22.0428 181.653 0
      vertex -22.1704 182.294 3
      vertex -22.1704 182.294 0
    endloop
  endfacet
  facet normal -0.980757 -0.195233 0
    outer loop
      vertex -22.1704 182.294 3
      vertex -22.0428 181.653 0
      vertex -22.0428 181.653 3
    endloop
  endfacet
  facet normal -0.997859 -0.0654033 0
    outer loop
      vertex -22 181 0
      vertex -22.0428 181.653 3
      vertex -22.0428 181.653 0
    endloop
  endfacet
  facet normal -0.997859 -0.0654033 0
    outer loop
      vertex -22.0428 181.653 3
      vertex -22 181 0
      vertex -22 181 3
    endloop
  endfacet
  facet normal -1 0 0
    outer loop
      vertex -22 137.5 0
      vertex -22 181 3
      vertex -22 181 0
    endloop
  endfacet
  facet normal -1 -0 0
    outer loop
      vertex -22 181 3
      vertex -22 137.5 0
      vertex -22 137.5 3
    endloop
  endfacet
  facet normal -0.997856 0.0654432 0
    outer loop
      vertex -22.0428 75.3474 0
      vertex -22 76 3
      vertex -22 76 0
    endloop
  endfacet
  facet normal -0.997856 0.0654432 0
    outer loop
      vertex -22 76 3
      vertex -22.0428 75.3474 0
      vertex -22.0428 75.3474 3
    endloop
  endfacet
  facet normal -0.980786 0.195087 0
    outer loop
      vertex -22.1704 74.7059 0
      vertex -22.0428 75.3474 3
      vertex -22.0428 75.3474 0
    endloop
  endfacet
  facet normal -0.980786 0.195087 0
    outer loop
      vertex -22.0428 75.3474 3
      vertex -22.1704 74.7059 0
      vertex -22.1704 74.7059 3
    endloop
  endfacet
  facet normal -0.946941 0.321407 0
    outer loop
      vertex -22.3806 74.0866 0
      vertex -22.1704 74.7059 3
      vertex -22.1704 74.7059 0
    endloop
  endfacet
  facet normal -0.946941 0.321407 0
    outer loop
      vertex -22.1704 74.7059 3
      vertex -22.3806 74.0866 0
      vertex -22.3806 74.0866 3
    endloop
  endfacet
  facet normal -0.89686 0.442314 0
    outer loop
      vertex -22.6699 73.5 0
      vertex -22.3806 74.0866 3
      vertex -22.3806 74.0866 0
    endloop
  endfacet
  facet normal -0.89686 0.442314 0
    outer loop
      vertex -22.3806 74.0866 3
      vertex -22.6699 73.5 0
      vertex -22.6699 73.5 3
    endloop
  endfacet
  facet normal -0.831509 0.555512 0
    outer loop
      vertex -23.0332 72.9562 0
      vertex -22.6699 73.5 3
      vertex -22.6699 73.5 0
    endloop
  endfacet
  facet normal -0.831509 0.555512 0
    outer loop
      vertex -22.6699 73.5 3
      vertex -23.0332 72.9562 0
      vertex -23.0332 72.9562 3
    endloop
  endfacet
  facet normal -0.751771 0.659424 0
    outer loop
      vertex -23.4645 72.4645 0
      vertex -23.0332 72.9562 3
      vertex -23.0332 72.9562 0
    endloop
  endfacet
  facet normal -0.751771 0.659424 0
    outer loop
      vertex -23.0332 72.9562 3
      vertex -23.4645 72.4645 0
      vertex -23.4645 72.4645 3
    endloop
  endfacet
  facet normal -0.659424 0.751771 0
    outer loop
      vertex -23.4645 72.4645 0
      vertex -23.9562 72.0332 3
      vertex -23.4645 72.4645 3
    endloop
  endfacet
  facet normal -0.659424 0.751771 0
    outer loop
      vertex -23.9562 72.0332 3
      vertex -23.4645 72.4645 0
      vertex -23.9562 72.0332 0
    endloop
  endfacet
  facet normal -0.555512 0.831509 0
    outer loop
      vertex -23.9562 72.0332 0
      vertex -24.5 71.6699 3
      vertex -23.9562 72.0332 3
    endloop
  endfacet
  facet normal -0.555512 0.831509 0
    outer loop
      vertex -24.5 71.6699 3
      vertex -23.9562 72.0332 0
      vertex -24.5 71.6699 0
    endloop
  endfacet
  facet normal -0.442314 0.89686 0
    outer loop
      vertex -24.5 71.6699 0
      vertex -25.0866 71.3806 3
      vertex -24.5 71.6699 3
    endloop
  endfacet
  facet normal -0.442314 0.89686 0
    outer loop
      vertex -25.0866 71.3806 3
      vertex -24.5 71.6699 0
      vertex -25.0866 71.3806 0
    endloop
  endfacet
  facet normal -0.321407 0.946941 0
    outer loop
      vertex -25.0866 71.3806 0
      vertex -25.7059 71.1704 3
      vertex -25.0866 71.3806 3
    endloop
  endfacet
  facet normal -0.321407 0.946941 0
    outer loop
      vertex -25.7059 71.1704 3
      vertex -25.0866 71.3806 0
      vertex -25.7059 71.1704 0
    endloop
  endfacet
  facet normal -0.195087 0.980786 0
    outer loop
      vertex -25.7059 71.1704 0
      vertex -26.3474 71.0428 3
      vertex -25.7059 71.1704 3
    endloop
  endfacet
  facet normal -0.195087 0.980786 0
    outer loop
      vertex -26.3474 71.0428 3
      vertex -25.7059 71.1704 0
      vertex -26.3474 71.0428 0
    endloop
  endfacet
  facet normal -0.0654432 0.997856 0
    outer loop
      vertex -26.3474 71.0428 0
      vertex -27 71 3
      vertex -26.3474 71.0428 3
    endloop
  endfacet
  facet normal -0.0654432 0.997856 0
    outer loop
      vertex -27 71 3
      vertex -26.3474 71.0428 0
      vertex -27 71 0
    endloop
  endfacet
  facet normal 0 1 -0
    outer loop
      vertex -27 71 0
      vertex -84 71 3
      vertex -27 71 3
    endloop
  endfacet
  facet normal 0 1 0
    outer loop
      vertex -84 71 3
      vertex -27 71 0
      vertex -84 71 0
    endloop
  endfacet
  facet normal 0.0654432 0.997856 -0
    outer loop
      vertex -84 71 0
      vertex -84.6526 71.0428 3
      vertex -84 71 3
    endloop
  endfacet
  facet normal 0.0654432 0.997856 0
    outer loop
      vertex -84.6526 71.0428 3
      vertex -84 71 0
      vertex -84.6526 71.0428 0
    endloop
  endfacet
  facet normal 0.195087 0.980786 -0
    outer loop
      vertex -84.6526 71.0428 0
      vertex -85.2941 71.1704 3
      vertex -84.6526 71.0428 3
    endloop
  endfacet
  facet normal 0.195087 0.980786 0
    outer loop
      vertex -85.2941 71.1704 3
      vertex -84.6526 71.0428 0
      vertex -85.2941 71.1704 0
    endloop
  endfacet
  facet normal 0.321407 0.946941 -0
    outer loop
      vertex -85.2941 71.1704 0
      vertex -85.9134 71.3806 3
      vertex -85.2941 71.1704 3
    endloop
  endfacet
  facet normal 0.321407 0.946941 0
    outer loop
      vertex -85.9134 71.3806 3
      vertex -85.2941 71.1704 0
      vertex -85.9134 71.3806 0
    endloop
  endfacet
  facet normal 0.442314 0.89686 -0
    outer loop
      vertex -85.9134 71.3806 0
      vertex -86.5 71.6699 3
      vertex -85.9134 71.3806 3
    endloop
  endfacet
  facet normal 0.442314 0.89686 0
    outer loop
      vertex -86.5 71.6699 3
      vertex -85.9134 71.3806 0
      vertex -86.5 71.6699 0
    endloop
  endfacet
  facet normal 0.555512 0.831509 -0
    outer loop
      vertex -86.5 71.6699 0
      vertex -87.0438 72.0332 3
      vertex -86.5 71.6699 3
    endloop
  endfacet
  facet normal 0.555512 0.831509 0
    outer loop
      vertex -87.0438 72.0332 3
      vertex -86.5 71.6699 0
      vertex -87.0438 72.0332 0
    endloop
  endfacet
  facet normal 0.659424 0.751771 -0
    outer loop
      vertex -87.0438 72.0332 0
      vertex -87.5355 72.4645 3
      vertex -87.0438 72.0332 3
    endloop
  endfacet
  facet normal 0.659424 0.751771 0
    outer loop
      vertex -87.5355 72.4645 3
      vertex -87.0438 72.0332 0
      vertex -87.5355 72.4645 0
    endloop
  endfacet
  facet normal 0.751771 0.659424 0
    outer loop
      vertex -87.5355 72.4645 3
      vertex -87.9668 72.9562 0
      vertex -87.9668 72.9562 3
    endloop
  endfacet
  facet normal 0.751771 0.659424 0
    outer loop
      vertex -87.9668 72.9562 0
      vertex -87.5355 72.4645 3
      vertex -87.5355 72.4645 0
    endloop
  endfacet
  facet normal 0.831509 0.555512 0
    outer loop
      vertex -87.9668 72.9562 3
      vertex -88.3301 73.5 0
      vertex -88.3301 73.5 3
    endloop
  endfacet
  facet normal 0.831509 0.555512 0
    outer loop
      vertex -88.3301 73.5 0
      vertex -87.9668 72.9562 3
      vertex -87.9668 72.9562 0
    endloop
  endfacet
  facet normal 0.89686 0.442314 0
    outer loop
      vertex -88.3301 73.5 3
      vertex -88.6194 74.0866 0
      vertex -88.6194 74.0866 3
    endloop
  endfacet
  facet normal 0.89686 0.442314 0
    outer loop
      vertex -88.6194 74.0866 0
      vertex -88.3301 73.5 3
      vertex -88.3301 73.5 0
    endloop
  endfacet
  facet normal 0.946941 0.321407 0
    outer loop
      vertex -88.6194 74.0866 3
      vertex -88.8296 74.7059 0
      vertex -88.8296 74.7059 3
    endloop
  endfacet
  facet normal 0.946941 0.321407 0
    outer loop
      vertex -88.8296 74.7059 0
      vertex -88.6194 74.0866 3
      vertex -88.6194 74.0866 0
    endloop
  endfacet
  facet normal 0.980786 0.195087 0
    outer loop
      vertex -88.8296 74.7059 3
      vertex -88.9572 75.3474 0
      vertex -88.9572 75.3474 3
    endloop
  endfacet
  facet normal 0.980786 0.195087 0
    outer loop
      vertex -88.9572 75.3474 0
      vertex -88.8296 74.7059 3
      vertex -88.8296 74.7059 0
    endloop
  endfacet
  facet normal 0.997856 0.0654432 0
    outer loop
      vertex -88.9572 75.3474 3
      vertex -89 76 0
      vertex -89 76 3
    endloop
  endfacet
  facet normal 0.997856 0.0654432 0
    outer loop
      vertex -89 76 0
      vertex -88.9572 75.3474 3
      vertex -88.9572 75.3474 0
    endloop
  endfacet
  facet normal 1 -0 0
    outer loop
      vertex -89 76 3
      vertex -89 119.5 0
      vertex -89 119.5 3
    endloop
  endfacet
  facet normal 1 0 0
    outer loop
      vertex -89 119.5 0
      vertex -89 76 3
      vertex -89 76 0
    endloop
  endfacet
  facet normal 0.997859 -0.0654033 0
    outer loop
      vertex -89 119.5 3
      vertex -88.9572 120.153 0
      vertex -88.9572 120.153 3
    endloop
  endfacet
  facet normal 0.997859 -0.0654033 0
    outer loop
      vertex -88.9572 120.153 0
      vertex -89 119.5 3
      vertex -89 119.5 0
    endloop
  endfacet
  facet normal 0.980757 -0.195233 0
    outer loop
      vertex -88.9572 120.153 3
      vertex -88.8296 120.794 0
      vertex -88.8296 120.794 3
    endloop
  endfacet
  facet normal 0.980757 -0.195233 0
    outer loop
      vertex -88.8296 120.794 0
      vertex -88.9572 120.153 3
      vertex -88.9572 120.153 0
    endloop
  endfacet
  facet normal 0.946894 -0.321546 0
    outer loop
      vertex -88.8296 120.794 3
      vertex -88.6194 121.413 0
      vertex -88.6194 121.413 3
    endloop
  endfacet
  facet normal 0.946894 -0.321546 0
    outer loop
      vertex -88.6194 121.413 0
      vertex -88.8296 120.794 3
      vertex -88.8296 120.794 0
    endloop
  endfacet
  facet normal 0.89698 -0.442072 0
    outer loop
      vertex -88.6194 121.413 3
      vertex -88.3301 122 0
      vertex -88.3301 122 3
    endloop
  endfacet
  facet normal 0.89698 -0.442072 0
    outer loop
      vertex -88.3301 122 0
      vertex -88.6194 121.413 3
      vertex -88.6194 121.413 0
    endloop
  endfacet
  facet normal 0.831603 -0.55537 0
    outer loop
      vertex -88.3301 122 3
      vertex -87.9668 122.544 0
      vertex -87.9668 122.544 3
    endloop
  endfacet
  facet normal 0.831603 -0.55537 0
    outer loop
      vertex -87.9668 122.544 0
      vertex -88.3301 122 3
      vertex -88.3301 122 0
    endloop
  endfacet
  facet normal 0.75197 -0.659197 0
    outer loop
      vertex -87.9668 122.544 3
      vertex -87.5355 123.036 0
      vertex -87.5355 123.036 3
    endloop
  endfacet
  facet normal 0.75197 -0.659197 0
    outer loop
      vertex -87.5355 123.036 0
      vertex -87.9668 122.544 3
      vertex -87.9668 122.544 0
    endloop
  endfacet
  facet normal 0.659165 -0.751998 0
    outer loop
      vertex -87.5355 123.036 0
      vertex -87.0438 123.467 3
      vertex -87.5355 123.036 3
    endloop
  endfacet
  facet normal 0.659165 -0.751998 0
    outer loop
      vertex -87.0438 123.467 3
      vertex -87.5355 123.036 0
      vertex -87.0438 123.467 0
    endloop
  endfacet
  facet normal 0.555194 -0.831721 0
    outer loop
      vertex -87.0438 123.467 0
      vertex -86.5 123.83 3
      vertex -87.0438 123.467 3
    endloop
  endfacet
  facet normal 0.555194 -0.831721 0
    outer loop
      vertex -86.5 123.83 3
      vertex -87.0438 123.467 0
      vertex -86.5 123.83 0
    endloop
  endfacet
  facet normal 0.441945 -0.897042 0
    outer loop
      vertex -86.5 123.83 0
      vertex -85.9134 124.119 3
      vertex -86.5 123.83 3
    endloop
  endfacet
  facet normal 0.441945 -0.897042 0
    outer loop
      vertex -85.9134 124.119 3
      vertex -86.5 123.83 0
      vertex -85.9134 124.119 0
    endloop
  endfacet
  facet normal 0.322503 -0.946569 0
    outer loop
      vertex -85.9134 124.119 0
      vertex -85.2941 124.33 3
      vertex -85.9134 124.119 3
    endloop
  endfacet
  facet normal 0.322503 -0.946569 0
    outer loop
      vertex -85.2941 124.33 3
      vertex -85.9134 124.119 0
      vertex -85.2941 124.33 0
    endloop
  endfacet
  facet normal 0.194204 -0.980961 0
    outer loop
      vertex -85.2941 124.33 0
      vertex -84.6526 124.457 3
      vertex -85.2941 124.33 3
    endloop
  endfacet
  facet normal 0.194204 -0.980961 0
    outer loop
      vertex -84.6526 124.457 3
      vertex -85.2941 124.33 0
      vertex -84.6526 124.457 0
    endloop
  endfacet
  facet normal 0.0657477 -0.997836 0
    outer loop
      vertex -84.6526 124.457 0
      vertex -84 124.5 3
      vertex -84.6526 124.457 3
    endloop
  endfacet
  facet normal 0.0657477 -0.997836 0
    outer loop
      vertex -84 124.5 3
      vertex -84.6526 124.457 0
      vertex -84 124.5 0
    endloop
  endfacet
  facet normal 0 -1 0
    outer loop
      vertex -84 124.5 0
      vertex -27 124.5 3
      vertex -84 124.5 3
    endloop
  endfacet
  facet normal 0 -1 -0
    outer loop
      vertex -27 124.5 3
      vertex -84 124.5 0
      vertex -27 124.5 0
    endloop
  endfacet
  facet normal -0.0657477 -0.997836 0
    outer loop
      vertex -27 124.5 0
      vertex -26.3474 124.457 3
      vertex -27 124.5 3
    endloop
  endfacet
  facet normal -0.0657477 -0.997836 -0
    outer loop
      vertex -26.3474 124.457 3
      vertex -27 124.5 0
      vertex -26.3474 124.457 0
    endloop
  endfacet
  facet normal -0.194204 -0.980961 0
    outer loop
      vertex -26.3474 124.457 0
      vertex -25.7059 124.33 3
      vertex -26.3474 124.457 3
    endloop
  endfacet
  facet normal -0.194204 -0.980961 -0
    outer loop
      vertex -25.7059 124.33 3
      vertex -26.3474 124.457 0
      vertex -25.7059 124.33 0
    endloop
  endfacet
  facet normal -0.322503 -0.946569 0
    outer loop
      vertex -25.7059 124.33 0
      vertex -25.0866 124.119 3
      vertex -25.7059 124.33 3
    endloop
  endfacet
  facet normal -0.322503 -0.946569 -0
    outer loop
      vertex -25.0866 124.119 3
      vertex -25.7059 124.33 0
      vertex -25.0866 124.119 0
    endloop
  endfacet
  facet normal -0.441945 -0.897042 0
    outer loop
      vertex -25.0866 124.119 0
      vertex -24.5 123.83 3
      vertex -25.0866 124.119 3
    endloop
  endfacet
  facet normal -0.441945 -0.897042 -0
    outer loop
      vertex -24.5 123.83 3
      vertex -25.0866 124.119 0
      vertex -24.5 123.83 0
    endloop
  endfacet
  facet normal -0.555194 -0.831721 0
    outer loop
      vertex -24.5 123.83 0
      vertex -23.9562 123.467 3
      vertex -24.5 123.83 3
    endloop
  endfacet
  facet normal -0.555194 -0.831721 -0
    outer loop
      vertex -23.9562 123.467 3
      vertex -24.5 123.83 0
      vertex -23.9562 123.467 0
    endloop
  endfacet
  facet normal -0.659165 -0.751998 0
    outer loop
      vertex -23.9562 123.467 0
      vertex -23.4645 123.036 3
      vertex -23.9562 123.467 3
    endloop
  endfacet
  facet normal -0.659165 -0.751998 -0
    outer loop
      vertex -23.4645 123.036 3
      vertex -23.9562 123.467 0
      vertex -23.4645 123.036 0
    endloop
  endfacet
  facet normal -0.75197 -0.659197 0
    outer loop
      vertex -23.0332 122.544 0
      vertex -23.4645 123.036 3
      vertex -23.4645 123.036 0
    endloop
  endfacet
  facet normal -0.75197 -0.659197 0
    outer loop
      vertex -23.4645 123.036 3
      vertex -23.0332 122.544 0
      vertex -23.0332 122.544 3
    endloop
  endfacet
  facet normal -0.831603 -0.55537 0
    outer loop
      vertex -22.6699 122 0
      vertex -23.0332 122.544 3
      vertex -23.0332 122.544 0
    endloop
  endfacet
  facet normal -0.831603 -0.55537 0
    outer loop
      vertex -23.0332 122.544 3
      vertex -22.6699 122 0
      vertex -22.6699 122 3
    endloop
  endfacet
  facet normal -0.89698 -0.442072 0
    outer loop
      vertex -22.3806 121.413 0
      vertex -22.6699 122 3
      vertex -22.6699 122 0
    endloop
  endfacet
  facet normal -0.89698 -0.442072 0
    outer loop
      vertex -22.6699 122 3
      vertex -22.3806 121.413 0
      vertex -22.3806 121.413 3
    endloop
  endfacet
  facet normal -0.946894 -0.321546 0
    outer loop
      vertex -22.1704 120.794 0
      vertex -22.3806 121.413 3
      vertex -22.3806 121.413 0
    endloop
  endfacet
  facet normal -0.946894 -0.321546 0
    outer loop
      vertex -22.3806 121.413 3
      vertex -22.1704 120.794 0
      vertex -22.1704 120.794 3
    endloop
  endfacet
  facet normal -0.980757 -0.195233 0
    outer loop
      vertex -22.0428 120.153 0
      vertex -22.1704 120.794 3
      vertex -22.1704 120.794 0
    endloop
  endfacet
  facet normal -0.980757 -0.195233 0
    outer loop
      vertex -22.1704 120.794 3
      vertex -22.0428 120.153 0
      vertex -22.0428 120.153 3
    endloop
  endfacet
  facet normal -0.997859 -0.0654033 0
    outer loop
      vertex -22 119.5 0
      vertex -22.0428 120.153 3
      vertex -22.0428 120.153 0
    endloop
  endfacet
  facet normal -0.997859 -0.0654033 0
    outer loop
      vertex -22.0428 120.153 3
      vertex -22 119.5 0
      vertex -22 119.5 3
    endloop
  endfacet
  facet normal -1 0 0
    outer loop
      vertex -22 76 0
      vertex -22 119.5 3
      vertex -22 119.5 0
    endloop
  endfacet
  facet normal -1 -0 0
    outer loop
      vertex -22 119.5 3
      vertex -22 76 0
      vertex -22 76 3
    endloop
  endfacet
  facet normal -0.997856 0.0654432 0
    outer loop
      vertex -22.0428 14.8474 0
      vertex -22 15.5 3
      vertex -22 15.5 0
    endloop
  endfacet
  facet normal -0.997856 0.0654432 0
    outer loop
      vertex -22 15.5 3
      vertex -22.0428 14.8474 0
      vertex -22.0428 14.8474 3
    endloop
  endfacet
  facet normal -0.980786 0.195087 0
    outer loop
      vertex -22.1704 14.2059 0
      vertex -22.0428 14.8474 3
      vertex -22.0428 14.8474 0
    endloop
  endfacet
  facet normal -0.980786 0.195087 0
    outer loop
      vertex -22.0428 14.8474 3
      vertex -22.1704 14.2059 0
      vertex -22.1704 14.2059 3
    endloop
  endfacet
  facet normal -0.946941 0.321407 0
    outer loop
      vertex -22.3806 13.5866 0
      vertex -22.1704 14.2059 3
      vertex -22.1704 14.2059 0
    endloop
  endfacet
  facet normal -0.946941 0.321407 0
    outer loop
      vertex -22.1704 14.2059 3
      vertex -22.3806 13.5866 0
      vertex -22.3806 13.5866 3
    endloop
  endfacet
  facet normal -0.89686 0.442314 0
    outer loop
      vertex -22.6699 13 0
      vertex -22.3806 13.5866 3
      vertex -22.3806 13.5866 0
    endloop
  endfacet
  facet normal -0.89686 0.442314 0
    outer loop
      vertex -22.3806 13.5866 3
      vertex -22.6699 13 0
      vertex -22.6699 13 3
    endloop
  endfacet
  facet normal -0.831509 0.555512 0
    outer loop
      vertex -23.0332 12.4562 0
      vertex -22.6699 13 3
      vertex -22.6699 13 0
    endloop
  endfacet
  facet normal -0.831509 0.555512 0
    outer loop
      vertex -22.6699 13 3
      vertex -23.0332 12.4562 0
      vertex -23.0332 12.4562 3
    endloop
  endfacet
  facet normal -0.751771 0.659424 0
    outer loop
      vertex -23.4645 11.9645 0
      vertex -23.0332 12.4562 3
      vertex -23.0332 12.4562 0
    endloop
  endfacet
  facet normal -0.751771 0.659424 0
    outer loop
      vertex -23.0332 12.4562 3
      vertex -23.4645 11.9645 0
      vertex -23.4645 11.9645 3
    endloop
  endfacet
  facet normal -0.659424 0.751771 0
    outer loop
      vertex -23.4645 11.9645 0
      vertex -23.9562 11.5332 3
      vertex -23.4645 11.9645 3
    endloop
  endfacet
  facet normal -0.659424 0.751771 0
    outer loop
      vertex -23.9562 11.5332 3
      vertex -23.4645 11.9645 0
      vertex -23.9562 11.5332 0
    endloop
  endfacet
  facet normal -0.555512 0.831509 0
    outer loop
      vertex -23.9562 11.5332 0
      vertex -24.5 11.1699 3
      vertex -23.9562 11.5332 3
    endloop
  endfacet
  facet normal -0.555512 0.831509 0
    outer loop
      vertex -24.5 11.1699 3
      vertex -23.9562 11.5332 0
      vertex -24.5 11.1699 0
    endloop
  endfacet
  facet normal -0.442314 0.89686 0
    outer loop
      vertex -24.5 11.1699 0
      vertex -25.0866 10.8806 3
      vertex -24.5 11.1699 3
    endloop
  endfacet
  facet normal -0.442314 0.89686 0
    outer loop
      vertex -25.0866 10.8806 3
      vertex -24.5 11.1699 0
      vertex -25.0866 10.8806 0
    endloop
  endfacet
  facet normal -0.321407 0.946941 0
    outer loop
      vertex -25.0866 10.8806 0
      vertex -25.7059 10.6704 3
      vertex -25.0866 10.8806 3
    endloop
  endfacet
  facet normal -0.321407 0.946941 0
    outer loop
      vertex -25.7059 10.6704 3
      vertex -25.0866 10.8806 0
      vertex -25.7059 10.6704 0
    endloop
  endfacet
  facet normal -0.195087 0.980786 0
    outer loop
      vertex -25.7059 10.6704 0
      vertex -26.3474 10.5428 3
      vertex -25.7059 10.6704 3
    endloop
  endfacet
  facet normal -0.195087 0.980786 0
    outer loop
      vertex -26.3474 10.5428 3
      vertex -25.7059 10.6704 0
      vertex -26.3474 10.5428 0
    endloop
  endfacet
  facet normal -0.0654432 0.997856 0
    outer loop
      vertex -26.3474 10.5428 0
      vertex -27 10.5 3
      vertex -26.3474 10.5428 3
    endloop
  endfacet
  facet normal -0.0654432 0.997856 0
    outer loop
      vertex -27 10.5 3
      vertex -26.3474 10.5428 0
      vertex -27 10.5 0
    endloop
  endfacet
  facet normal 0 1 -0
    outer loop
      vertex -27 10.5 0
      vertex -71.4764 10.5 3
      vertex -27 10.5 3
    endloop
  endfacet
  facet normal 0 1 0
    outer loop
      vertex -71.4764 10.5 3
      vertex -27 10.5 0
      vertex -71.4764 10.5 0
    endloop
  endfacet
  facet normal 0.0327042 0.999465 -0
    outer loop
      vertex -71.4764 10.5 0
      vertex -71.8034 10.5107 3
      vertex -71.4764 10.5 3
    endloop
  endfacet
  facet normal 0.0327042 0.999465 0
    outer loop
      vertex -71.8034 10.5107 3
      vertex -71.4764 10.5 0
      vertex -71.8034 10.5107 0
    endloop
  endfacet
  facet normal 0.0654137 0.997858 -0
    outer loop
      vertex -71.8034 10.5107 0
      vertex -73.8887 10.6474 3
      vertex -71.8034 10.5107 3
    endloop
  endfacet
  facet normal 0.0654137 0.997858 0
    outer loop
      vertex -73.8887 10.6474 3
      vertex -71.8034 10.5107 0
      vertex -73.8887 10.6474 0
    endloop
  endfacet
  facet normal 0.130431 0.991457 -0
    outer loop
      vertex -73.8887 10.6474 0
      vertex -74.5371 10.7327 3
      vertex -73.8887 10.6474 3
    endloop
  endfacet
  facet normal 0.130431 0.991457 0
    outer loop
      vertex -74.5371 10.7327 3
      vertex -73.8887 10.6474 0
      vertex -74.5371 10.7327 0
    endloop
  endfacet
  facet normal 0.195133 0.980777 -0
    outer loop
      vertex -74.5371 10.7327 0
      vertex -76.0726 11.0382 3
      vertex -74.5371 10.7327 3
    endloop
  endfacet
  facet normal 0.195133 0.980777 0
    outer loop
      vertex -76.0726 11.0382 3
      vertex -74.5371 10.7327 0
      vertex -76.0726 11.0382 0
    endloop
  endfacet
  facet normal 0.258728 0.96595 -0
    outer loop
      vertex -76.0726 11.0382 0
      vertex -76.7043 11.2074 3
      vertex -76.0726 11.0382 3
    endloop
  endfacet
  facet normal 0.258728 0.96595 0
    outer loop
      vertex -76.7043 11.2074 3
      vertex -76.0726 11.0382 0
      vertex -76.7043 11.2074 0
    endloop
  endfacet
  facet normal 0.321418 0.946937 -0
    outer loop
      vertex -76.7043 11.2074 0
      vertex -78.1862 11.7104 3
      vertex -76.7043 11.2074 3
    endloop
  endfacet
  facet normal 0.321418 0.946937 0
    outer loop
      vertex -78.1862 11.7104 3
      vertex -76.7043 11.2074 0
      vertex -78.1862 11.7104 0
    endloop
  endfacet
  facet normal 0.382802 0.92383 -0
    outer loop
      vertex -78.1862 11.7104 0
      vertex -78.7905 11.9608 3
      vertex -78.1862 11.7104 3
    endloop
  endfacet
  facet normal 0.382802 0.92383 0
    outer loop
      vertex -78.7905 11.9608 3
      vertex -78.1862 11.7104 0
      vertex -78.7905 11.9608 0
    endloop
  endfacet
  facet normal 0.442274 0.89688 -0
    outer loop
      vertex -78.7905 11.9608 0
      vertex -80.1942 12.653 3
      vertex -78.7905 11.9608 3
    endloop
  endfacet
  facet normal 0.442274 0.89688 0
    outer loop
      vertex -80.1942 12.653 3
      vertex -78.7905 11.9608 0
      vertex -80.1942 12.653 0
    endloop
  endfacet
  facet normal 0.499987 0.866033 -0
    outer loop
      vertex -80.1942 12.653 0
      vertex -80.7606 12.98 3
      vertex -80.1942 12.653 3
    endloop
  endfacet
  facet normal 0.499987 0.866033 0
    outer loop
      vertex -80.7606 12.98 3
      vertex -80.1942 12.653 0
      vertex -80.7606 12.98 0
    endloop
  endfacet
  facet normal 0.555599 0.83145 -0
    outer loop
      vertex -80.7606 12.98 0
      vertex -82.0621 13.8497 3
      vertex -80.7606 12.98 3
    endloop
  endfacet
  facet normal 0.555599 0.83145 0
    outer loop
      vertex -82.0621 13.8497 3
      vertex -80.7606 12.98 0
      vertex -82.0621 13.8497 0
    endloop
  endfacet
  facet normal 0.608698 0.793402 -0
    outer loop
      vertex -82.0621 13.8497 0
      vertex -82.581 14.2478 3
      vertex -82.0621 13.8497 3
    endloop
  endfacet
  facet normal 0.608698 0.793402 0
    outer loop
      vertex -82.581 14.2478 3
      vertex -82.0621 13.8497 0
      vertex -82.581 14.2478 0
    endloop
  endfacet
  facet normal 0.659368 0.75182 -0
    outer loop
      vertex -82.581 14.2478 0
      vertex -83.7577 15.2798 3
      vertex -82.581 14.2478 3
    endloop
  endfacet
  facet normal 0.659368 0.75182 0
    outer loop
      vertex -83.7577 15.2798 3
      vertex -82.581 14.2478 0
      vertex -83.7577 15.2798 0
    endloop
  endfacet
  facet normal 0.70703 0.707183 -0
    outer loop
      vertex -83.7577 15.2798 0
      vertex -84.2202 15.7422 3
      vertex -83.7577 15.2798 3
    endloop
  endfacet
  facet normal 0.70703 0.707183 0
    outer loop
      vertex -84.2202 15.7422 3
      vertex -83.7577 15.2798 0
      vertex -84.2202 15.7422 0
    endloop
  endfacet
  facet normal 0.751852 0.659332 0
    outer loop
      vertex -84.2202 15.7422 3
      vertex -85.2521 16.9189 0
      vertex -85.2521 16.9189 3
    endloop
  endfacet
  facet normal 0.751852 0.659332 0
    outer loop
      vertex -85.2521 16.9189 0
      vertex -84.2202 15.7422 3
      vertex -84.2202 15.7422 0
    endloop
  endfacet
  facet normal 0.793328 0.608794 0
    outer loop
      vertex -85.2521 16.9189 3
      vertex -85.6503 17.4378 0
      vertex -85.6503 17.4378 3
    endloop
  endfacet
  facet normal 0.793328 0.608794 0
    outer loop
      vertex -85.6503 17.4378 0
      vertex -85.2521 16.9189 3
      vertex -85.2521 16.9189 0
    endloop
  endfacet
  facet normal 0.83147 0.55557 0
    outer loop
      vertex -85.6503 17.4378 3
      vertex -86.52 18.7394 0
      vertex -86.52 18.7394 3
    endloop
  endfacet
  facet normal 0.83147 0.55557 0
    outer loop
      vertex -86.52 18.7394 0
      vertex -85.6503 17.4378 3
      vertex -85.6503 17.4378 0
    endloop
  endfacet
  facet normal 0.866033 0.499987 0
    outer loop
      vertex -86.52 18.7394 3
      vertex -86.847 19.3058 0
      vertex -86.847 19.3058 3
    endloop
  endfacet
  facet normal 0.866033 0.499987 0
    outer loop
      vertex -86.847 19.3058 0
      vertex -86.52 18.7394 3
      vertex -86.52 18.7394 0
    endloop
  endfacet
  facet normal 0.896867 0.4423 0
    outer loop
      vertex -86.847 19.3058 3
      vertex -87.5392 20.7094 0
      vertex -87.5392 20.7094 3
    endloop
  endfacet
  facet normal 0.896867 0.4423 0
    outer loop
      vertex -87.5392 20.7094 0
      vertex -86.847 19.3058 3
      vertex -86.847 19.3058 0
    endloop
  endfacet
  facet normal 0.923885 0.382671 0
    outer loop
      vertex -87.5392 20.7094 3
      vertex -87.7895 21.3137 0
      vertex -87.7895 21.3137 3
    endloop
  endfacet
  facet normal 0.923885 0.382671 0
    outer loop
      vertex -87.7895 21.3137 0
      vertex -87.5392 20.7094 3
      vertex -87.5392 20.7094 0
    endloop
  endfacet
  facet normal 0.946938 0.321417 0
    outer loop
      vertex -87.7895 21.3137 3
      vertex -88.2926 22.7959 0
      vertex -88.2926 22.7959 3
    endloop
  endfacet
  facet normal 0.946938 0.321417 0
    outer loop
      vertex -88.2926 22.7959 0
      vertex -87.7895 21.3137 3
      vertex -87.7895 21.3137 0
    endloop
  endfacet
  facet normal 0.965912 0.258871 0
    outer loop
      vertex -88.2926 22.7959 3
      vertex -88.4619 23.4276 0
      vertex -88.4619 23.4276 3
    endloop
  endfacet
  facet normal 0.965912 0.258871 0
    outer loop
      vertex -88.4619 23.4276 0
      vertex -88.2926 22.7959 3
      vertex -88.2926 22.7959 0
    endloop
  endfacet
  facet normal 0.980794 0.195047 0
    outer loop
      vertex -88.4619 23.4276 3
      vertex -88.7672 24.9628 0
      vertex -88.7672 24.9628 3
    endloop
  endfacet
  facet normal 0.980794 0.195047 0
    outer loop
      vertex -88.7672 24.9628 0
      vertex -88.4619 23.4276 3
      vertex -88.4619 23.4276 0
    endloop
  endfacet
  facet normal 0.99144 0.130561 0
    outer loop
      vertex -88.7672 24.9628 3
      vertex -88.8526 25.6113 0
      vertex -88.8526 25.6113 3
    endloop
  endfacet
  facet normal 0.99144 0.130561 0
    outer loop
      vertex -88.8526 25.6113 0
      vertex -88.7672 24.9628 3
      vertex -88.7672 24.9628 0
    endloop
  endfacet
  facet normal 0.997858 0.0654137 0
    outer loop
      vertex -88.8526 25.6113 3
      vertex -88.9893 27.6966 0
      vertex -88.9893 27.6966 3
    endloop
  endfacet
  facet normal 0.997858 0.0654137 0
    outer loop
      vertex -88.9893 27.6966 0
      vertex -88.8526 25.6113 3
      vertex -88.8526 25.6113 0
    endloop
  endfacet
  facet normal 0.999465 0.0327042 0
    outer loop
      vertex -88.9893 27.6966 3
      vertex -89 28.0236 0
      vertex -89 28.0236 3
    endloop
  endfacet
  facet normal 0.999465 0.0327042 0
    outer loop
      vertex -89 28.0236 0
      vertex -88.9893 27.6966 3
      vertex -88.9893 27.6966 0
    endloop
  endfacet
  facet normal 1 -0 0
    outer loop
      vertex -89 28.0236 3
      vertex -89 58 0
      vertex -89 58 3
    endloop
  endfacet
  facet normal 1 0 0
    outer loop
      vertex -89 58 0
      vertex -89 28.0236 3
      vertex -89 28.0236 0
    endloop
  endfacet
  facet normal 0.997856 -0.0654432 0
    outer loop
      vertex -89 58 3
      vertex -88.9572 58.6526 0
      vertex -88.9572 58.6526 3
    endloop
  endfacet
  facet normal 0.997856 -0.0654432 0
    outer loop
      vertex -88.9572 58.6526 0
      vertex -89 58 3
      vertex -89 58 0
    endloop
  endfacet
  facet normal 0.980786 -0.195087 0
    outer loop
      vertex -88.9572 58.6526 3
      vertex -88.8296 59.2941 0
      vertex -88.8296 59.2941 3
    endloop
  endfacet
  facet normal 0.980786 -0.195087 0
    outer loop
      vertex -88.8296 59.2941 0
      vertex -88.9572 58.6526 3
      vertex -88.9572 58.6526 0
    endloop
  endfacet
  facet normal 0.946941 -0.321407 0
    outer loop
      vertex -88.8296 59.2941 3
      vertex -88.6194 59.9134 0
      vertex -88.6194 59.9134 3
    endloop
  endfacet
  facet normal 0.946941 -0.321407 0
    outer loop
      vertex -88.6194 59.9134 0
      vertex -88.8296 59.2941 3
      vertex -88.8296 59.2941 0
    endloop
  endfacet
  facet normal 0.89686 -0.442314 0
    outer loop
      vertex -88.6194 59.9134 3
      vertex -88.3301 60.5 0
      vertex -88.3301 60.5 3
    endloop
  endfacet
  facet normal 0.89686 -0.442314 0
    outer loop
      vertex -88.3301 60.5 0
      vertex -88.6194 59.9134 3
      vertex -88.6194 59.9134 0
    endloop
  endfacet
  facet normal 0.831509 -0.555512 0
    outer loop
      vertex -88.3301 60.5 3
      vertex -87.9668 61.0438 0
      vertex -87.9668 61.0438 3
    endloop
  endfacet
  facet normal 0.831509 -0.555512 0
    outer loop
      vertex -87.9668 61.0438 0
      vertex -88.3301 60.5 3
      vertex -88.3301 60.5 0
    endloop
  endfacet
  facet normal 0.751771 -0.659424 0
    outer loop
      vertex -87.9668 61.0438 3
      vertex -87.5355 61.5355 0
      vertex -87.5355 61.5355 3
    endloop
  endfacet
  facet normal 0.751771 -0.659424 0
    outer loop
      vertex -87.5355 61.5355 0
      vertex -87.9668 61.0438 3
      vertex -87.9668 61.0438 0
    endloop
  endfacet
  facet normal 0.659424 -0.751771 0
    outer loop
      vertex -87.5355 61.5355 0
      vertex -87.0438 61.9668 3
      vertex -87.5355 61.5355 3
    endloop
  endfacet
  facet normal 0.659424 -0.751771 0
    outer loop
      vertex -87.0438 61.9668 3
      vertex -87.5355 61.5355 0
      vertex -87.0438 61.9668 0
    endloop
  endfacet
  facet normal 0.555512 -0.831509 0
    outer loop
      vertex -87.0438 61.9668 0
      vertex -86.5 62.3301 3
      vertex -87.0438 61.9668 3
    endloop
  endfacet
  facet normal 0.555512 -0.831509 0
    outer loop
      vertex -86.5 62.3301 3
      vertex -87.0438 61.9668 0
      vertex -86.5 62.3301 0
    endloop
  endfacet
  facet normal 0.442314 -0.89686 0
    outer loop
      vertex -86.5 62.3301 0
      vertex -85.9134 62.6194 3
      vertex -86.5 62.3301 3
    endloop
  endfacet
  facet normal 0.442314 -0.89686 0
    outer loop
      vertex -85.9134 62.6194 3
      vertex -86.5 62.3301 0
      vertex -85.9134 62.6194 0
    endloop
  endfacet
  facet normal 0.321407 -0.946941 0
    outer loop
      vertex -85.9134 62.6194 0
      vertex -85.2941 62.8296 3
      vertex -85.9134 62.6194 3
    endloop
  endfacet
  facet normal 0.321407 -0.946941 0
    outer loop
      vertex -85.2941 62.8296 3
      vertex -85.9134 62.6194 0
      vertex -85.2941 62.8296 0
    endloop
  endfacet
  facet normal 0.195087 -0.980786 0
    outer loop
      vertex -85.2941 62.8296 0
      vertex -84.6526 62.9572 3
      vertex -85.2941 62.8296 3
    endloop
  endfacet
  facet normal 0.195087 -0.980786 0
    outer loop
      vertex -84.6526 62.9572 3
      vertex -85.2941 62.8296 0
      vertex -84.6526 62.9572 0
    endloop
  endfacet
  facet normal 0.0654432 -0.997856 0
    outer loop
      vertex -84.6526 62.9572 0
      vertex -84 63 3
      vertex -84.6526 62.9572 3
    endloop
  endfacet
  facet normal 0.0654432 -0.997856 0
    outer loop
      vertex -84 63 3
      vertex -84.6526 62.9572 0
      vertex -84 63 0
    endloop
  endfacet
  facet normal 0 -1 0
    outer loop
      vertex -84 63 0
      vertex -27 63 3
      vertex -84 63 3
    endloop
  endfacet
  facet normal 0 -1 -0
    outer loop
      vertex -27 63 3
      vertex -84 63 0
      vertex -27 63 0
    endloop
  endfacet
  facet normal -0.0654432 -0.997856 0
    outer loop
      vertex -27 63 0
      vertex -26.3474 62.9572 3
      vertex -27 63 3
    endloop
  endfacet
  facet normal -0.0654432 -0.997856 -0
    outer loop
      vertex -26.3474 62.9572 3
      vertex -27 63 0
      vertex -26.3474 62.9572 0
    endloop
  endfacet
  facet normal -0.195087 -0.980786 0
    outer loop
      vertex -26.3474 62.9572 0
      vertex -25.7059 62.8296 3
      vertex -26.3474 62.9572 3
    endloop
  endfacet
  facet normal -0.195087 -0.980786 -0
    outer loop
      vertex -25.7059 62.8296 3
      vertex -26.3474 62.9572 0
      vertex -25.7059 62.8296 0
    endloop
  endfacet
  facet normal -0.321407 -0.946941 0
    outer loop
      vertex -25.7059 62.8296 0
      vertex -25.0866 62.6194 3
      vertex -25.7059 62.8296 3
    endloop
  endfacet
  facet normal -0.321407 -0.946941 -0
    outer loop
      vertex -25.0866 62.6194 3
      vertex -25.7059 62.8296 0
      vertex -25.0866 62.6194 0
    endloop
  endfacet
  facet normal -0.442314 -0.89686 0
    outer loop
      vertex -25.0866 62.6194 0
      vertex -24.5 62.3301 3
      vertex -25.0866 62.6194 3
    endloop
  endfacet
  facet normal -0.442314 -0.89686 -0
    outer loop
      vertex -24.5 62.3301 3
      vertex -25.0866 62.6194 0
      vertex -24.5 62.3301 0
    endloop
  endfacet
  facet normal -0.555512 -0.831509 0
    outer loop
      vertex -24.5 62.3301 0
      vertex -23.9562 61.9668 3
      vertex -24.5 62.3301 3
    endloop
  endfacet
  facet normal -0.555512 -0.831509 -0
    outer loop
      vertex -23.9562 61.9668 3
      vertex -24.5 62.3301 0
      vertex -23.9562 61.9668 0
    endloop
  endfacet
  facet normal -0.659424 -0.751771 0
    outer loop
      vertex -23.9562 61.9668 0
      vertex -23.4645 61.5355 3
      vertex -23.9562 61.9668 3
    endloop
  endfacet
  facet normal -0.659424 -0.751771 -0
    outer loop
      vertex -23.4645 61.5355 3
      vertex -23.9562 61.9668 0
      vertex -23.4645 61.5355 0
    endloop
  endfacet
  facet normal -0.751771 -0.659424 0
    outer loop
      vertex -23.0332 61.0438 0
      vertex -23.4645 61.5355 3
      vertex -23.4645 61.5355 0
    endloop
  endfacet
  facet normal -0.751771 -0.659424 0
    outer loop
      vertex -23.4645 61.5355 3
      vertex -23.0332 61.0438 0
      vertex -23.0332 61.0438 3
    endloop
  endfacet
  facet normal -0.831509 -0.555512 0
    outer loop
      vertex -22.6699 60.5 0
      vertex -23.0332 61.0438 3
      vertex -23.0332 61.0438 0
    endloop
  endfacet
  facet normal -0.831509 -0.555512 0
    outer loop
      vertex -23.0332 61.0438 3
      vertex -22.6699 60.5 0
      vertex -22.6699 60.5 3
    endloop
  endfacet
  facet normal -0.89686 -0.442314 0
    outer loop
      vertex -22.3806 59.9134 0
      vertex -22.6699 60.5 3
      vertex -22.6699 60.5 0
    endloop
  endfacet
  facet normal -0.89686 -0.442314 0
    outer loop
      vertex -22.6699 60.5 3
      vertex -22.3806 59.9134 0
      vertex -22.3806 59.9134 3
    endloop
  endfacet
  facet normal -0.946941 -0.321407 0
    outer loop
      vertex -22.1704 59.2941 0
      vertex -22.3806 59.9134 3
      vertex -22.3806 59.9134 0
    endloop
  endfacet
  facet normal -0.946941 -0.321407 0
    outer loop
      vertex -22.3806 59.9134 3
      vertex -22.1704 59.2941 0
      vertex -22.1704 59.2941 3
    endloop
  endfacet
  facet normal -0.980786 -0.195087 0
    outer loop
      vertex -22.0428 58.6526 0
      vertex -22.1704 59.2941 3
      vertex -22.1704 59.2941 0
    endloop
  endfacet
  facet normal -0.980786 -0.195087 0
    outer loop
      vertex -22.1704 59.2941 3
      vertex -22.0428 58.6526 0
      vertex -22.0428 58.6526 3
    endloop
  endfacet
  facet normal -0.997856 -0.0654432 0
    outer loop
      vertex -22 58 0
      vertex -22.0428 58.6526 3
      vertex -22.0428 58.6526 0
    endloop
  endfacet
  facet normal -0.997856 -0.0654432 0
    outer loop
      vertex -22.0428 58.6526 3
      vertex -22 58 0
      vertex -22 58 3
    endloop
  endfacet
  facet normal -1 0 0
    outer loop
      vertex -22 15.5 0
      vertex -22 58 3
      vertex -22 58 0
    endloop
  endfacet
  facet normal -1 -0 0
    outer loop
      vertex -22 58 3
      vertex -22 15.5 0
      vertex -22 15.5 3
    endloop
  endfacet
  facet normal -0.707107 0 0.707107
    outer loop
      vertex -70 -4 6.99
      vertex -67 -1 9.99
      vertex -70 -1 6.99
    endloop
  endfacet
  facet normal -0.707107 0 0.707107
    outer loop
      vertex -67 -1 9.99
      vertex -70 -4 6.99
      vertex -67 -4 9.99
    endloop
  endfacet
  facet normal 0.707107 -0 0.707107
    outer loop
      vertex -19 -4 9.99
      vertex -16 -1 6.99
      vertex -19 -1 9.99
    endloop
  endfacet
  facet normal 0.707107 0 0.707107
    outer loop
      vertex -16 -1 6.99
      vertex -19 -4 9.99
      vertex -16 -4 6.99
    endloop
  endfacet
  facet normal -0 0 1
    outer loop
      vertex -67 -1 9.99
      vertex -19 -4 9.99
      vertex -19 -1 9.99
    endloop
  endfacet
  facet normal 0 0 1
    outer loop
      vertex -19 -4 9.99
      vertex -67 -1 9.99
      vertex -67 -4 9.99
    endloop
  endfacet
  facet normal 0 1 -0
    outer loop
      vertex -16 -1 3
      vertex -19 -1 9.99
      vertex -16 -1 6.99
    endloop
  endfacet
  facet normal 0 1 0
    outer loop
      vertex -19 -1 9.99
      vertex -16 -1 3
      vertex -67 -1 9.99
    endloop
  endfacet
  facet normal 0 1 0
    outer loop
      vertex -70 -1 3
      vertex -67 -1 9.99
      vertex -16 -1 3
    endloop
  endfacet
  facet normal 0 1 0
    outer loop
      vertex -67 -1 9.99
      vertex -70 -1 3
      vertex -70 -1 6.99
    endloop
  endfacet
  facet normal -0.707107 0 0.707107
    outer loop
      vertex -94 127 6.99
      vertex -91 130 9.99
      vertex -94 130 6.99
    endloop
  endfacet
  facet normal -0.707107 0 0.707107
    outer loop
      vertex -91 130 9.99
      vertex -94 127 6.99
      vertex -91 127 9.99
    endloop
  endfacet
  facet normal 0.707107 -0 0.707107
    outer loop
      vertex -59 127 9.99
      vertex -56 130 6.99
      vertex -59 130 9.99
    endloop
  endfacet
  facet normal 0.707107 0 0.707107
    outer loop
      vertex -56 130 6.99
      vertex -59 127 9.99
      vertex -56 127 6.99
    endloop
  endfacet
  facet normal -0 0 1
    outer loop
      vertex -91 130 9.99
      vertex -59 127 9.99
      vertex -59 130 9.99
    endloop
  endfacet
  facet normal 0 0 1
    outer loop
      vertex -59 127 9.99
      vertex -91 130 9.99
      vertex -91 127 9.99
    endloop
  endfacet
  facet normal -1 0 0
    outer loop
      vertex -94 127 3
      vertex -94 130 6.99
      vertex -94 130 3
    endloop
  endfacet
  facet normal -1 -0 0
    outer loop
      vertex -94 130 6.99
      vertex -94 127 3
      vertex -94 127 6.99
    endloop
  endfacet
  facet normal 1 -0 0
    outer loop
      vertex -56 127 6.99
      vertex -56 130 3
      vertex -56 130 6.99
    endloop
  endfacet
  facet normal 1 0 0
    outer loop
      vertex -56 130 3
      vertex -56 127 6.99
      vertex -56 127 3
    endloop
  endfacet
  facet normal 0 -1 0
    outer loop
      vertex -94 127 3
      vertex -91 127 9.99
      vertex -94 127 6.99
    endloop
  endfacet
  facet normal 0 -1 -0
    outer loop
      vertex -91 127 9.99
      vertex -94 127 3
      vertex -59 127 9.99
    endloop
  endfacet
  facet normal 0 -1 0
    outer loop
      vertex -56 127 3
      vertex -59 127 9.99
      vertex -94 127 3
    endloop
  endfacet
  facet normal 0 -1 0
    outer loop
      vertex -59 127 9.99
      vertex -56 127 3
      vertex -56 127 6.99
    endloop
  endfacet
  facet normal 0 1 -0
    outer loop
      vertex -56 130 3
      vertex -59 130 9.99
      vertex -56 130 6.99
    endloop
  endfacet
  facet normal 0 1 0
    outer loop
      vertex -59 130 9.99
      vertex -56 130 3
      vertex -91 130 9.99
    endloop
  endfacet
  facet normal 0 1 0
    outer loop
      vertex -94 130 3
      vertex -91 130 9.99
      vertex -56 130 3
    endloop
  endfacet
  facet normal 0 1 0
    outer loop
      vertex -91 130 9.99
      vertex -94 130 3
      vertex -94 130 6.99
    endloop
  endfacet
endsolid OpenSCAD_Model
