solid OpenSCAD_Model
  facet normal 0 0 -1
    outer loop
      vertex -29.5799 68.2665 0
      vertex -94.3933 63.7446 0
      vertex -94.3456 64.5279 0
    endloop
  endfacet
  facet normal 0 0 -1
    outer loop
      vertex -29.5799 68.2665 0
      vertex -94.5428 62.9741 0
      vertex -94.3933 63.7446 0
    endloop
  endfacet
  facet normal 0 0 -1
    outer loop
      vertex -29.5799 68.2665 0
      vertex -94.7916 62.2297 0
      vertex -94.5428 62.9741 0
    endloop
  endfacet
  facet normal 0 0 -1
    outer loop
      vertex -29.5799 68.2665 0
      vertex -95.1355 61.5242 0
      vertex -94.7916 62.2297 0
    endloop
  endfacet
  facet normal 0 0 -1
    outer loop
      vertex -29.5799 68.2665 0
      vertex -95.5685 60.8696 0
      vertex -95.1355 61.5242 0
    endloop
  endfacet
  facet normal 0 0 -1
    outer loop
      vertex -29.5799 68.2665 0
      vertex -96.0832 60.2772 0
      vertex -95.5685 60.8696 0
    endloop
  endfacet
  facet normal 0 0 -1
    outer loop
      vertex -29.5799 68.2665 0
      vertex -96.6708 59.7569 0
      vertex -96.0832 60.2772 0
    endloop
  endfacet
  facet normal 0 0 -1
    outer loop
      vertex -29.5799 68.2665 0
      vertex -97.3214 59.3179 0
      vertex -96.6708 59.7569 0
    endloop
  endfacet
  facet normal 0 0 -1
    outer loop
      vertex -29.5799 68.2665 0
      vertex -98.0236 58.9675 0
      vertex -97.3214 59.3179 0
    endloop
  endfacet
  facet normal 0 0 -1
    outer loop
      vertex -29.5799 68.2665 0
      vertex -98.7656 58.7117 0
      vertex -98.0236 58.9675 0
    endloop
  endfacet
  facet normal 0 0 -1
    outer loop
      vertex -144.908 36.7883 0
      vertex -98.7656 58.7117 0
      vertex -29.5799 68.2665 0
    endloop
  endfacet
  facet normal 0 0 -1
    outer loop
      vertex -179.501 36.6754 0
      vertex -144.908 36.7883 0
      vertex -145.65 36.5325 0
    endloop
  endfacet
  facet normal -0 0 -1
    outer loop
      vertex -144.908 36.7883 0
      vertex -179.501 36.6754 0
      vertex -98.7656 58.7117 0
    endloop
  endfacet
  facet normal 0 0 -1
    outer loop
      vertex -146.352 36.1821 0
      vertex -179.501 36.6754 0
      vertex -145.65 36.5325 0
    endloop
  endfacet
  facet normal 0 0 -1
    outer loop
      vertex -147.003 35.7431 0
      vertex -179.501 36.6754 0
      vertex -146.352 36.1821 0
    endloop
  endfacet
  facet normal 0 0 -1
    outer loop
      vertex -147.59 35.2228 0
      vertex -179.501 36.6754 0
      vertex -147.003 35.7431 0
    endloop
  endfacet
  facet normal 0 0 -1
    outer loop
      vertex -148.105 34.6304 0
      vertex -179.501 36.6754 0
      vertex -147.59 35.2228 0
    endloop
  endfacet
  facet normal 0 0 -1
    outer loop
      vertex -148.538 33.9758 0
      vertex -179.501 36.6754 0
      vertex -148.105 34.6304 0
    endloop
  endfacet
  facet normal 0 0 -1
    outer loop
      vertex -148.882 33.2703 0
      vertex -179.501 36.6754 0
      vertex -148.538 33.9758 0
    endloop
  endfacet
  facet normal 0 0 -1
    outer loop
      vertex -149.131 32.5259 0
      vertex -179.501 36.6754 0
      vertex -148.882 33.2703 0
    endloop
  endfacet
  facet normal 0 0 -1
    outer loop
      vertex -149.28 31.7554 0
      vertex -179.501 36.6754 0
      vertex -149.131 32.5259 0
    endloop
  endfacet
  facet normal 0 0 -1
    outer loop
      vertex -179.501 36.6754 0
      vertex -149.28 31.7554 0
      vertex -149.328 30.9721 0
    endloop
  endfacet
  facet normal 0 0 -1
    outer loop
      vertex -30.4671 128.246 0
      vertex -64.8389 125.902 0
      vertex -64.8119 126.686 0
    endloop
  endfacet
  facet normal 0 0 -1
    outer loop
      vertex -30.4671 128.246 0
      vertex -64.968 125.128 0
      vertex -64.8389 125.902 0
    endloop
  endfacet
  facet normal 0 0 -1
    outer loop
      vertex -30.4671 128.246 0
      vertex -65.1971 124.377 0
      vertex -64.968 125.128 0
    endloop
  endfacet
  facet normal 0 0 -1
    outer loop
      vertex -30.4671 128.246 0
      vertex -65.5222 123.663 0
      vertex -65.1971 124.377 0
    endloop
  endfacet
  facet normal 0 0 -1
    outer loop
      vertex -30.4671 128.246 0
      vertex -65.9378 122.997 0
      vertex -65.5222 123.663 0
    endloop
  endfacet
  facet normal 0 0 -1
    outer loop
      vertex -30.4671 128.246 0
      vertex -66.4367 122.391 0
      vertex -65.9378 122.997 0
    endloop
  endfacet
  facet normal 0 0 -1
    outer loop
      vertex -30.4671 128.246 0
      vertex -67.0105 121.856 0
      vertex -66.4367 122.391 0
    endloop
  endfacet
  facet normal 0 0 -1
    outer loop
      vertex -30.4671 128.246 0
      vertex -67.6492 121.399 0
      vertex -67.0105 121.856 0
    endloop
  endfacet
  facet normal 0 0 -1
    outer loop
      vertex -30.4671 128.246 0
      vertex -68.342 121.031 0
      vertex -67.6492 121.399 0
    endloop
  endfacet
  facet normal 0 0 -1
    outer loop
      vertex -113.108 90.9693 0
      vertex -68.342 121.031 0
      vertex -30.4671 128.246 0
    endloop
  endfacet
  facet normal 0 0 -1
    outer loop
      vertex -125.206 95.3811 0
      vertex -113.108 90.9693 0
      vertex -113.801 90.6005 0
    endloop
  endfacet
  facet normal 0 0 -1
    outer loop
      vertex -113.108 90.9693 0
      vertex -125.206 95.3811 0
      vertex -68.342 121.031 0
    endloop
  endfacet
  facet normal 0 0 -1
    outer loop
      vertex -114.44 90.1444 0
      vertex -125.206 95.3811 0
      vertex -113.801 90.6005 0
    endloop
  endfacet
  facet normal 0 0 -1
    outer loop
      vertex -115.014 89.6089 0
      vertex -125.206 95.3811 0
      vertex -114.44 90.1444 0
    endloop
  endfacet
  facet normal 0 0 -1
    outer loop
      vertex -115.512 89.0031 0
      vertex -125.206 95.3811 0
      vertex -115.014 89.6089 0
    endloop
  endfacet
  facet normal 0 0 -1
    outer loop
      vertex -115.928 88.3373 0
      vertex -125.206 95.3811 0
      vertex -115.512 89.0031 0
    endloop
  endfacet
  facet normal 0 0 -1
    outer loop
      vertex -116.253 87.6229 0
      vertex -125.206 95.3811 0
      vertex -115.928 88.3373 0
    endloop
  endfacet
  facet normal 0 0 -1
    outer loop
      vertex -116.482 86.8723 0
      vertex -125.206 95.3811 0
      vertex -116.253 87.6229 0
    endloop
  endfacet
  facet normal 0 0 -1
    outer loop
      vertex -125.863 95.1297 0
      vertex -116.482 86.8723 0
      vertex -116.611 86.0981 0
    endloop
  endfacet
  facet normal 0 0 -1
    outer loop
      vertex -126.626 94.9425 0
      vertex -116.611 86.0981 0
      vertex -116.638 85.3138 0
    endloop
  endfacet
  facet normal -0 0 -1
    outer loop
      vertex -5.65056 145.429 0
      vertex -22.8038 125.777 0
      vertex -5.85 145.528 0
    endloop
  endfacet
  facet normal 0 0 -1
    outer loop
      vertex -6.20208 145.798 0
      vertex -22.0513 146.717 0
      vertex -22 147.5 0
    endloop
  endfacet
  facet normal 0 0 -1
    outer loop
      vertex -23.2399 126.43 0
      vertex -5.85 145.528 0
      vertex -22.8038 125.777 0
    endloop
  endfacet
  facet normal 0 0 -1
    outer loop
      vertex -6.20208 145.798 0
      vertex -22.2045 145.947 0
      vertex -22.0513 146.717 0
    endloop
  endfacet
  facet normal -0 0 -1
    outer loop
      vertex -5.85 145.528 0
      vertex -23.2399 126.43 0
      vertex -6.03489 145.651 0
    endloop
  endfacet
  facet normal -0 0 -1
    outer loop
      vertex -6.20208 145.798 0
      vertex -22.4567 145.204 0
      vertex -22.2045 145.947 0
    endloop
  endfacet
  facet normal 0 0 -1
    outer loop
      vertex -23.2399 143.847 0
      vertex -6.03489 145.651 0
      vertex -23.2399 126.43 0
    endloop
  endfacet
  facet normal 0 0 -1
    outer loop
      vertex -6.20208 145.798 0
      vertex -22.8038 144.5 0
      vertex -22.4567 145.204 0
    endloop
  endfacet
  facet normal -0 0 -1
    outer loop
      vertex -6.03489 145.651 0
      vertex -23.2399 143.847 0
      vertex -6.20208 145.798 0
    endloop
  endfacet
  facet normal 0 0 -1
    outer loop
      vertex -6.20208 145.798 0
      vertex -23.2399 143.847 0
      vertex -22.8038 144.5 0
    endloop
  endfacet
  facet normal 0 0 -1
    outer loop
      vertex -23.7574 127.02 0
      vertex -23.2399 143.847 0
      vertex -23.2399 126.43 0
    endloop
  endfacet
  facet normal 0 0 -1
    outer loop
      vertex -23.7574 127.02 0
      vertex -23.7574 143.257 0
      vertex -23.2399 143.847 0
    endloop
  endfacet
  facet normal 0 0 -1
    outer loop
      vertex -24.3474 127.537 0
      vertex -23.7574 143.257 0
      vertex -23.7574 127.02 0
    endloop
  endfacet
  facet normal 0 0 -1
    outer loop
      vertex -24.3474 127.537 0
      vertex -24.3474 142.74 0
      vertex -23.7574 143.257 0
    endloop
  endfacet
  facet normal 0 0 -1
    outer loop
      vertex -25 127.973 0
      vertex -24.3474 142.74 0
      vertex -24.3474 127.537 0
    endloop
  endfacet
  facet normal 0 0 -1
    outer loop
      vertex -25 127.973 0
      vertex -25 142.304 0
      vertex -24.3474 142.74 0
    endloop
  endfacet
  facet normal 0 0 -1
    outer loop
      vertex -25.7039 128.32 0
      vertex -25 142.304 0
      vertex -25 127.973 0
    endloop
  endfacet
  facet normal 0 0 -1
    outer loop
      vertex -25.7039 128.32 0
      vertex -25.7039 141.957 0
      vertex -25 142.304 0
    endloop
  endfacet
  facet normal 0 0 -1
    outer loop
      vertex -26.4471 128.573 0
      vertex -25.7039 141.957 0
      vertex -25.7039 128.32 0
    endloop
  endfacet
  facet normal 0 0 -1
    outer loop
      vertex -26.4471 128.573 0
      vertex -26.4471 141.704 0
      vertex -25.7039 141.957 0
    endloop
  endfacet
  facet normal 0 0 -1
    outer loop
      vertex -27.2168 128.726 0
      vertex -26.4471 141.704 0
      vertex -26.4471 128.573 0
    endloop
  endfacet
  facet normal 0 0 -1
    outer loop
      vertex -27.2168 128.726 0
      vertex -27.2168 141.551 0
      vertex -26.4471 141.704 0
    endloop
  endfacet
  facet normal 0 0 -1
    outer loop
      vertex -28 128.777 0
      vertex -27.2168 141.551 0
      vertex -27.2168 128.726 0
    endloop
  endfacet
  facet normal 0 0 -1
    outer loop
      vertex -28 128.777 0
      vertex -28 141.5 0
      vertex -27.2168 141.551 0
    endloop
  endfacet
  facet normal 0 0 -1
    outer loop
      vertex -28.7832 128.726 0
      vertex -28 141.5 0
      vertex -28 128.777 0
    endloop
  endfacet
  facet normal 0 0 -1
    outer loop
      vertex -29.5529 128.573 0
      vertex -28 141.5 0
      vertex -28.7832 128.726 0
    endloop
  endfacet
  facet normal 0 0 -1
    outer loop
      vertex -30.4671 128.246 0
      vertex -28 141.5 0
      vertex -29.5529 128.573 0
    endloop
  endfacet
  facet normal 0 0 -1
    outer loop
      vertex -64.8875 127.467 0
      vertex -30.4671 128.246 0
      vertex -64.8119 126.686 0
    endloop
  endfacet
  facet normal 0 0 -1
    outer loop
      vertex -65.0645 128.232 0
      vertex -30.4671 128.246 0
      vertex -64.8875 127.467 0
    endloop
  endfacet
  facet normal 0 0 -1
    outer loop
      vertex -65.3397 128.967 0
      vertex -30.4671 128.246 0
      vertex -65.0645 128.232 0
    endloop
  endfacet
  facet normal 0 0 -1
    outer loop
      vertex -30.4671 128.246 0
      vertex -65.3397 128.967 0
      vertex -28 141.5 0
    endloop
  endfacet
  facet normal 0 0 -1
    outer loop
      vertex -65.7085 129.66 0
      vertex -28 141.5 0
      vertex -65.3397 128.967 0
    endloop
  endfacet
  facet normal 0 0 -1
    outer loop
      vertex -66.1646 130.299 0
      vertex -28 141.5 0
      vertex -65.7085 129.66 0
    endloop
  endfacet
  facet normal 0 0 -1
    outer loop
      vertex -66.7001 130.872 0
      vertex -28 141.5 0
      vertex -66.1646 130.299 0
    endloop
  endfacet
  facet normal 0 0 -1
    outer loop
      vertex -72.7727 141.5 0
      vertex -66.7001 130.872 0
      vertex -67.306 131.371 0
    endloop
  endfacet
  facet normal 0 0 -1
    outer loop
      vertex -72.7727 141.5 0
      vertex -67.306 131.371 0
      vertex -67.9718 131.787 0
    endloop
  endfacet
  facet normal 0 0 -1
    outer loop
      vertex -72.7727 141.5 0
      vertex -67.9718 131.787 0
      vertex -68.6861 132.112 0
    endloop
  endfacet
  facet normal 0 0 -1
    outer loop
      vertex -72.7727 141.5 0
      vertex -68.6861 132.112 0
      vertex -69.4368 132.341 0
    endloop
  endfacet
  facet normal 0 0 -1
    outer loop
      vertex -72.7727 141.5 0
      vertex -69.4368 132.341 0
      vertex -70.2109 132.47 0
    endloop
  endfacet
  facet normal 0 0 -1
    outer loop
      vertex -72.7727 141.5 0
      vertex -70.2109 132.47 0
      vertex -70.809 132.5 0
    endloop
  endfacet
  facet normal 0 0 -1
    outer loop
      vertex -66.7001 130.872 0
      vertex -72.7727 141.5 0
      vertex -28 141.5 0
    endloop
  endfacet
  facet normal 0 0 -1
    outer loop
      vertex -70.809 132.5 0
      vertex -73.4393 141.537 0
      vertex -72.7727 141.5 0
    endloop
  endfacet
  facet normal 0 0 -1
    outer loop
      vertex -70.809 132.5 0
      vertex -74.2119 141.675 0
      vertex -73.4393 141.537 0
    endloop
  endfacet
  facet normal 0 0 -1
    outer loop
      vertex -70.809 132.5 0
      vertex -74.9599 141.913 0
      vertex -74.2119 141.675 0
    endloop
  endfacet
  facet normal 0 0 -1
    outer loop
      vertex -70.809 132.5 0
      vertex -75.6705 142.246 0
      vertex -74.9599 141.913 0
    endloop
  endfacet
  facet normal 0 0 -1
    outer loop
      vertex -70.809 132.5 0
      vertex -76.3315 142.669 0
      vertex -75.6705 142.246 0
    endloop
  endfacet
  facet normal 0 0 -1
    outer loop
      vertex -70.809 132.5 0
      vertex -76.9315 143.175 0
      vertex -76.3315 142.669 0
    endloop
  endfacet
  facet normal 0 0 -1
    outer loop
      vertex -104.21 132.5 0
      vertex -76.9315 143.175 0
      vertex -70.809 132.5 0
    endloop
  endfacet
  facet normal -0 0 -1
    outer loop
      vertex -76.9315 143.175 0
      vertex -104.21 132.5 0
      vertex -77.4604 143.755 0
    endloop
  endfacet
  facet normal -0 0 -1
    outer loop
      vertex -78.7049 146.601 0
      vertex -104.21 132.5 0
      vertex -78.7716 147.383 0
    endloop
  endfacet
  facet normal -0 0 -1
    outer loop
      vertex -78.5368 145.834 0
      vertex -104.21 132.5 0
      vertex -78.7049 146.601 0
    endloop
  endfacet
  facet normal -0 0 -1
    outer loop
      vertex -78.27 145.096 0
      vertex -104.21 132.5 0
      vertex -78.5368 145.834 0
    endloop
  endfacet
  facet normal -0 0 -1
    outer loop
      vertex -77.9092 144.399 0
      vertex -104.21 132.5 0
      vertex -78.27 145.096 0
    endloop
  endfacet
  facet normal -0 0 -1
    outer loop
      vertex -77.4604 143.755 0
      vertex -104.21 132.5 0
      vertex -77.9092 144.399 0
    endloop
  endfacet
  facet normal 0 0 -1
    outer loop
      vertex -22.4567 64.7744 0
      vertex -4.56001 98.3579 0
      vertex -22.2045 64.0312 0
    endloop
  endfacet
  facet normal 0 0 -1
    outer loop
      vertex -4.77811 98.3145 0
      vertex -22.0513 84.7168 0
      vertex -22 85.5 0
    endloop
  endfacet
  facet normal 0 0 -1
    outer loop
      vertex -22.4567 83.2039 0
      vertex -4.56001 98.3579 0
      vertex -22.4567 64.7744 0
    endloop
  endfacet
  facet normal 0 0 -1
    outer loop
      vertex -4.77811 98.3145 0
      vertex -22.2045 83.9471 0
      vertex -22.0513 84.7168 0
    endloop
  endfacet
  facet normal 0 0 -1
    outer loop
      vertex -4.56001 98.3579 0
      vertex -22.4567 83.2039 0
      vertex -4.77811 98.3145 0
    endloop
  endfacet
  facet normal 0 0 -1
    outer loop
      vertex -4.77811 98.3145 0
      vertex -22.4567 83.2039 0
      vertex -22.2045 83.9471 0
    endloop
  endfacet
  facet normal 0 0 -1
    outer loop
      vertex -22.8038 65.4783 0
      vertex -22.4567 83.2039 0
      vertex -22.4567 64.7744 0
    endloop
  endfacet
  facet normal 0 0 -1
    outer loop
      vertex -22.8038 65.4783 0
      vertex -22.8038 82.5 0
      vertex -22.4567 83.2039 0
    endloop
  endfacet
  facet normal 0 0 -1
    outer loop
      vertex -23.2399 66.1308 0
      vertex -22.8038 82.5 0
      vertex -22.8038 65.4783 0
    endloop
  endfacet
  facet normal 0 0 -1
    outer loop
      vertex -23.2399 66.1308 0
      vertex -23.2399 81.8474 0
      vertex -22.8038 82.5 0
    endloop
  endfacet
  facet normal 0 0 -1
    outer loop
      vertex -23.7574 66.7209 0
      vertex -23.2399 81.8474 0
      vertex -23.2399 66.1308 0
    endloop
  endfacet
  facet normal 0 0 -1
    outer loop
      vertex -23.7574 66.7209 0
      vertex -23.7574 81.2574 0
      vertex -23.2399 81.8474 0
    endloop
  endfacet
  facet normal 0 0 -1
    outer loop
      vertex -24.3474 67.2384 0
      vertex -23.7574 81.2574 0
      vertex -23.7574 66.7209 0
    endloop
  endfacet
  facet normal 0 0 -1
    outer loop
      vertex -24.3474 67.2384 0
      vertex -24.3474 80.7399 0
      vertex -23.7574 81.2574 0
    endloop
  endfacet
  facet normal 0 0 -1
    outer loop
      vertex -25 67.6744 0
      vertex -24.3474 80.7399 0
      vertex -24.3474 67.2384 0
    endloop
  endfacet
  facet normal 0 0 -1
    outer loop
      vertex -25 67.6744 0
      vertex -25 80.3038 0
      vertex -24.3474 80.7399 0
    endloop
  endfacet
  facet normal 0 0 -1
    outer loop
      vertex -25.7039 68.0215 0
      vertex -25 80.3038 0
      vertex -25 67.6744 0
    endloop
  endfacet
  facet normal 0 0 -1
    outer loop
      vertex -25.7039 68.0215 0
      vertex -25.7039 79.9567 0
      vertex -25 80.3038 0
    endloop
  endfacet
  facet normal 0 0 -1
    outer loop
      vertex -26.4471 68.2738 0
      vertex -25.7039 79.9567 0
      vertex -25.7039 68.0215 0
    endloop
  endfacet
  facet normal 0 0 -1
    outer loop
      vertex -26.4471 68.2738 0
      vertex -26.4471 79.7045 0
      vertex -25.7039 79.9567 0
    endloop
  endfacet
  facet normal 0 0 -1
    outer loop
      vertex -27.2168 68.4269 0
      vertex -26.4471 79.7045 0
      vertex -26.4471 68.2738 0
    endloop
  endfacet
  facet normal 0 0 -1
    outer loop
      vertex -27.2168 68.4269 0
      vertex -27.2168 79.5513 0
      vertex -26.4471 79.7045 0
    endloop
  endfacet
  facet normal 0 0 -1
    outer loop
      vertex -28 68.4783 0
      vertex -27.2168 79.5513 0
      vertex -27.2168 68.4269 0
    endloop
  endfacet
  facet normal 0 0 -1
    outer loop
      vertex -28 68.4783 0
      vertex -28 79.5 0
      vertex -27.2168 79.5513 0
    endloop
  endfacet
  facet normal 0 0 -1
    outer loop
      vertex -28.7832 68.4269 0
      vertex -28 79.5 0
      vertex -28 68.4783 0
    endloop
  endfacet
  facet normal 0 0 -1
    outer loop
      vertex -29.5799 68.2665 0
      vertex -28 79.5 0
      vertex -28.7832 68.4269 0
    endloop
  endfacet
  facet normal 0 0 -1
    outer loop
      vertex -94.4006 65.3108 0
      vertex -29.5799 68.2665 0
      vertex -94.3456 64.5279 0
    endloop
  endfacet
  facet normal 0 0 -1
    outer loop
      vertex -94.5573 66.0799 0
      vertex -29.5799 68.2665 0
      vertex -94.4006 65.3108 0
    endloop
  endfacet
  facet normal 0 0 -1
    outer loop
      vertex -94.813 66.8219 0
      vertex -29.5799 68.2665 0
      vertex -94.5573 66.0799 0
    endloop
  endfacet
  facet normal -0 0 -1
    outer loop
      vertex -29.5799 68.2665 0
      vertex -94.813 66.8219 0
      vertex -28 79.5 0
    endloop
  endfacet
  facet normal 0 0 -1
    outer loop
      vertex -95.1634 67.5242 0
      vertex -28 79.5 0
      vertex -94.813 66.8219 0
    endloop
  endfacet
  facet normal 0 0 -1
    outer loop
      vertex -95.6025 68.1747 0
      vertex -28 79.5 0
      vertex -95.1634 67.5242 0
    endloop
  endfacet
  facet normal 0 0 -1
    outer loop
      vertex -96.1227 68.7623 0
      vertex -28 79.5 0
      vertex -95.6025 68.1747 0
    endloop
  endfacet
  facet normal 0 0 -1
    outer loop
      vertex -96.7151 69.2771 0
      vertex -28 79.5 0
      vertex -96.1227 68.7623 0
    endloop
  endfacet
  facet normal 0 0 -1
    outer loop
      vertex -97.3698 69.7101 0
      vertex -28 79.5 0
      vertex -96.7151 69.2771 0
    endloop
  endfacet
  facet normal 0 0 -1
    outer loop
      vertex -110.641 79.5 0
      vertex -97.3698 69.7101 0
      vertex -98.0753 70.0539 0
    endloop
  endfacet
  facet normal 0 0 -1
    outer loop
      vertex -110.641 79.5 0
      vertex -98.0753 70.0539 0
      vertex -98.8196 70.3027 0
    endloop
  endfacet
  facet normal 0 0 -1
    outer loop
      vertex -110.641 79.5 0
      vertex -98.8196 70.3027 0
      vertex -99.5901 70.4523 0
    endloop
  endfacet
  facet normal 0 0 -1
    outer loop
      vertex -110.641 79.5 0
      vertex -99.5901 70.4523 0
      vertex -100.346 70.5 0
    endloop
  endfacet
  facet normal 0 0 -1
    outer loop
      vertex -97.3698 69.7101 0
      vertex -110.641 79.5 0
      vertex -28 79.5 0
    endloop
  endfacet
  facet normal 0 0 -1
    outer loop
      vertex -100.346 70.5 0
      vertex -111.239 79.5299 0
      vertex -110.641 79.5 0
    endloop
  endfacet
  facet normal 0 0 -1
    outer loop
      vertex -100.346 70.5 0
      vertex -112.014 79.659 0
      vertex -111.239 79.5299 0
    endloop
  endfacet
  facet normal 0 0 -1
    outer loop
      vertex -100.346 70.5 0
      vertex -112.764 79.8881 0
      vertex -112.014 79.659 0
    endloop
  endfacet
  facet normal 0 0 -1
    outer loop
      vertex -100.346 70.5 0
      vertex -113.479 80.2132 0
      vertex -112.764 79.8881 0
    endloop
  endfacet
  facet normal 0 0 -1
    outer loop
      vertex -160.923 70.5 0
      vertex -113.479 80.2132 0
      vertex -100.346 70.5 0
    endloop
  endfacet
  facet normal 0 0 -1
    outer loop
      vertex -127.406 94.8564 0
      vertex -116.638 85.3138 0
      vertex -116.563 84.5326 0
    endloop
  endfacet
  facet normal 0 0 -1
    outer loop
      vertex -128.19 94.8728 0
      vertex -116.563 84.5326 0
      vertex -116.386 83.7679 0
    endloop
  endfacet
  facet normal 0 0 -1
    outer loop
      vertex -128.966 94.9915 0
      vertex -116.386 83.7679 0
      vertex -116.111 83.0329 0
    endloop
  endfacet
  facet normal 0 0 -1
    outer loop
      vertex -160.923 70.5 0
      vertex -116.111 83.0329 0
      vertex -115.742 82.3401 0
    endloop
  endfacet
  facet normal 0 0 -1
    outer loop
      vertex -160.923 70.5 0
      vertex -115.742 82.3401 0
      vertex -115.286 81.7014 0
    endloop
  endfacet
  facet normal 0 0 -1
    outer loop
      vertex -116.482 86.8723 0
      vertex -125.863 95.1297 0
      vertex -125.206 95.3811 0
    endloop
  endfacet
  facet normal 0 0 -1
    outer loop
      vertex -116.611 86.0981 0
      vertex -126.626 94.9425 0
      vertex -125.863 95.1297 0
    endloop
  endfacet
  facet normal 0 0 -1
    outer loop
      vertex -116.638 85.3138 0
      vertex -127.406 94.8564 0
      vertex -126.626 94.9425 0
    endloop
  endfacet
  facet normal 0 0 -1
    outer loop
      vertex -116.563 84.5326 0
      vertex -128.19 94.8728 0
      vertex -127.406 94.8564 0
    endloop
  endfacet
  facet normal 0 0 -1
    outer loop
      vertex -160.923 70.5 0
      vertex -115.286 81.7014 0
      vertex -114.75 81.1277 0
    endloop
  endfacet
  facet normal 0 0 -1
    outer loop
      vertex -116.386 83.7679 0
      vertex -128.966 94.9915 0
      vertex -128.19 94.8728 0
    endloop
  endfacet
  facet normal 0 0 -1
    outer loop
      vertex -116.111 83.0329 0
      vertex -129.72 95.2105 0
      vertex -128.966 94.9915 0
    endloop
  endfacet
  facet normal -0 0 -1
    outer loop
      vertex -116.111 83.0329 0
      vertex -160.923 70.5 0
      vertex -129.72 95.2105 0
    endloop
  endfacet
  facet normal -0 0 -1
    outer loop
      vertex -129.72 95.2105 0
      vertex -160.923 70.5 0
      vertex -130.438 95.526 0
    endloop
  endfacet
  facet normal -0 0 -1
    outer loop
      vertex -130.438 95.526 0
      vertex -160.923 70.5 0
      vertex -131.11 95.9325 0
    endloop
  endfacet
  facet normal -0 0 -1
    outer loop
      vertex -133.581 99.8034 0
      vertex -160.923 70.5 0
      vertex -133.667 100.584 0
    endloop
  endfacet
  facet normal -0 0 -1
    outer loop
      vertex -133.393 99.0412 0
      vertex -160.923 70.5 0
      vertex -133.581 99.8034 0
    endloop
  endfacet
  facet normal -0 0 -1
    outer loop
      vertex -133.108 98.31 0
      vertex -160.923 70.5 0
      vertex -133.393 99.0412 0
    endloop
  endfacet
  facet normal -0 0 -1
    outer loop
      vertex -132.73 97.6223 0
      vertex -160.923 70.5 0
      vertex -133.108 98.31 0
    endloop
  endfacet
  facet normal -0 0 -1
    outer loop
      vertex -132.265 96.9897 0
      vertex -160.923 70.5 0
      vertex -132.73 97.6223 0
    endloop
  endfacet
  facet normal -0 0 -1
    outer loop
      vertex -131.722 96.4233 0
      vertex -160.923 70.5 0
      vertex -132.265 96.9897 0
    endloop
  endfacet
  facet normal -0 0 -1
    outer loop
      vertex -131.11 95.9325 0
      vertex -160.923 70.5 0
      vertex -131.722 96.4233 0
    endloop
  endfacet
  facet normal -0 0 -1
    outer loop
      vertex -114.144 80.6288 0
      vertex -160.923 70.5 0
      vertex -114.75 81.1277 0
    endloop
  endfacet
  facet normal -0 0 -1
    outer loop
      vertex -113.479 80.2132 0
      vertex -160.923 70.5 0
      vertex -114.144 80.6288 0
    endloop
  endfacet
  facet normal 0 0 -1
    outer loop
      vertex -3.35793 147.44 0
      vertex 0 201.5 0
      vertex -3.31454 147.222 0
    endloop
  endfacet
  facet normal 0 0 -1
    outer loop
      vertex 0 201.5 0
      vertex -3.31454 194.778 0
      vertex -3.3 195 0
    endloop
  endfacet
  facet normal 0 0 -1
    outer loop
      vertex -3.42941 147.651 0
      vertex 0 201.5 0
      vertex -3.35793 147.44 0
    endloop
  endfacet
  facet normal 0 0 -1
    outer loop
      vertex 0 201.5 0
      vertex -3.35793 194.56 0
      vertex -3.31454 194.778 0
    endloop
  endfacet
  facet normal 0 0 -1
    outer loop
      vertex -3.42941 194.349 0
      vertex 0 201.5 0
      vertex -3.42941 147.651 0
    endloop
  endfacet
  facet normal 0 0 -1
    outer loop
      vertex 0 201.5 0
      vertex -3.42941 194.349 0
      vertex -3.35793 194.56 0
    endloop
  endfacet
  facet normal 0 0 -1
    outer loop
      vertex -3.52776 147.85 0
      vertex -3.42941 194.349 0
      vertex -3.42941 147.651 0
    endloop
  endfacet
  facet normal 0 0 -1
    outer loop
      vertex -3.52776 147.85 0
      vertex -3.52776 194.15 0
      vertex -3.42941 194.349 0
    endloop
  endfacet
  facet normal 0 0 -1
    outer loop
      vertex -3.6513 148.035 0
      vertex -3.52776 194.15 0
      vertex -3.52776 147.85 0
    endloop
  endfacet
  facet normal 0 0 -1
    outer loop
      vertex -3.6513 148.035 0
      vertex -3.6513 193.965 0
      vertex -3.52776 194.15 0
    endloop
  endfacet
  facet normal 0 0 -1
    outer loop
      vertex -3.79792 148.202 0
      vertex -3.6513 193.965 0
      vertex -3.6513 148.035 0
    endloop
  endfacet
  facet normal 0 0 -1
    outer loop
      vertex -3.79792 148.202 0
      vertex -3.79792 193.798 0
      vertex -3.6513 193.965 0
    endloop
  endfacet
  facet normal 0 0 -1
    outer loop
      vertex -3.96511 148.349 0
      vertex -3.79792 193.798 0
      vertex -3.79792 148.202 0
    endloop
  endfacet
  facet normal 0 0 -1
    outer loop
      vertex -3.96511 148.349 0
      vertex -3.96511 193.651 0
      vertex -3.79792 193.798 0
    endloop
  endfacet
  facet normal 0 0 -1
    outer loop
      vertex -4.15 148.472 0
      vertex -3.96511 193.651 0
      vertex -3.96511 148.349 0
    endloop
  endfacet
  facet normal 0 0 -1
    outer loop
      vertex -4.15 148.472 0
      vertex -4.15 193.528 0
      vertex -3.96511 193.651 0
    endloop
  endfacet
  facet normal 0 0 -1
    outer loop
      vertex -4.34944 148.571 0
      vertex -4.15 193.528 0
      vertex -4.15 148.472 0
    endloop
  endfacet
  facet normal 0 0 -1
    outer loop
      vertex -4.34944 148.571 0
      vertex -4.34944 193.429 0
      vertex -4.15 193.528 0
    endloop
  endfacet
  facet normal 0 0 -1
    outer loop
      vertex -4.56001 148.642 0
      vertex -4.34944 193.429 0
      vertex -4.34944 148.571 0
    endloop
  endfacet
  facet normal 0 0 -1
    outer loop
      vertex -4.56001 148.642 0
      vertex -4.56001 193.358 0
      vertex -4.34944 193.429 0
    endloop
  endfacet
  facet normal 0 0 -1
    outer loop
      vertex -4.77811 148.685 0
      vertex -4.56001 193.358 0
      vertex -4.56001 148.642 0
    endloop
  endfacet
  facet normal 0 0 -1
    outer loop
      vertex -4.77811 148.685 0
      vertex -4.77811 193.315 0
      vertex -4.56001 193.358 0
    endloop
  endfacet
  facet normal 0 0 -1
    outer loop
      vertex -5 148.7 0
      vertex -4.77811 193.315 0
      vertex -4.77811 148.685 0
    endloop
  endfacet
  facet normal 0 0 -1
    outer loop
      vertex -5 148.7 0
      vertex -5 193.3 0
      vertex -4.77811 193.315 0
    endloop
  endfacet
  facet normal 0 0 -1
    outer loop
      vertex -22 183.268 0
      vertex -5 148.7 0
      vertex -5.22189 148.685 0
    endloop
  endfacet
  facet normal 0 0 -1
    outer loop
      vertex -5 148.7 0
      vertex -22 183.268 0
      vertex -5 193.3 0
    endloop
  endfacet
  facet normal 0 0 -1
    outer loop
      vertex -22 183.268 0
      vertex -5.22189 148.685 0
      vertex -5.43999 148.642 0
    endloop
  endfacet
  facet normal -0 0 -1
    outer loop
      vertex -5 193.3 0
      vertex -22 183.268 0
      vertex -5.22189 193.315 0
    endloop
  endfacet
  facet normal 0 0 -1
    outer loop
      vertex -22 183.268 0
      vertex -5.43999 148.642 0
      vertex -5.65056 148.571 0
    endloop
  endfacet
  facet normal -0 0 -1
    outer loop
      vertex -5.22189 193.315 0
      vertex -22 183.268 0
      vertex -5.43999 193.358 0
    endloop
  endfacet
  facet normal 0 0 -1
    outer loop
      vertex -22 183.268 0
      vertex -5.65056 148.571 0
      vertex -5.85 148.472 0
    endloop
  endfacet
  facet normal -0 0 -1
    outer loop
      vertex -5.43999 193.358 0
      vertex -22 183.268 0
      vertex -5.65056 193.429 0
    endloop
  endfacet
  facet normal 0 0 -1
    outer loop
      vertex -22 147.5 0
      vertex -5.85 148.472 0
      vertex -6.03489 148.349 0
    endloop
  endfacet
  facet normal -0 0 -1
    outer loop
      vertex -5.65056 193.429 0
      vertex -22 183.268 0
      vertex -5.85 193.528 0
    endloop
  endfacet
  facet normal 0 0 -1
    outer loop
      vertex -22 147.5 0
      vertex -6.03489 148.349 0
      vertex -6.20208 148.202 0
    endloop
  endfacet
  facet normal 0 0 -1
    outer loop
      vertex -22.0513 184.052 0
      vertex -5.85 193.528 0
      vertex -22 183.268 0
    endloop
  endfacet
  facet normal 0 0 -1
    outer loop
      vertex -22 147.5 0
      vertex -6.20208 148.202 0
      vertex -6.3487 148.035 0
    endloop
  endfacet
  facet normal -0 0 -1
    outer loop
      vertex -5.85 193.528 0
      vertex -22.0513 184.052 0
      vertex -6.03489 193.651 0
    endloop
  endfacet
  facet normal 0 0 -1
    outer loop
      vertex -22 147.5 0
      vertex -6.3487 148.035 0
      vertex -6.47224 147.85 0
    endloop
  endfacet
  facet normal -0 0 -1
    outer loop
      vertex -6.03489 193.651 0
      vertex -22.0513 184.052 0
      vertex -6.20208 193.798 0
    endloop
  endfacet
  facet normal 0 0 -1
    outer loop
      vertex -22 147.5 0
      vertex -6.47224 147.85 0
      vertex -6.57059 147.651 0
    endloop
  endfacet
  facet normal 0 0 -1
    outer loop
      vertex -22.2045 184.821 0
      vertex -6.20208 193.798 0
      vertex -22.0513 184.052 0
    endloop
  endfacet
  facet normal 0 0 -1
    outer loop
      vertex -22 147.5 0
      vertex -6.57059 147.651 0
      vertex -6.64207 147.44 0
    endloop
  endfacet
  facet normal -0 0 -1
    outer loop
      vertex -6.20208 193.798 0
      vertex -22.2045 184.821 0
      vertex -6.3487 193.965 0
    endloop
  endfacet
  facet normal 0 0 -1
    outer loop
      vertex -22 147.5 0
      vertex -6.64207 147.44 0
      vertex -6.68546 147.222 0
    endloop
  endfacet
  facet normal 0 0 -1
    outer loop
      vertex -22.4567 185.565 0
      vertex -6.3487 193.965 0
      vertex -22.2045 184.821 0
    endloop
  endfacet
  facet normal 0 0 -1
    outer loop
      vertex -22 147.5 0
      vertex -6.68546 147.222 0
      vertex -6.7 147 0
    endloop
  endfacet
  facet normal -0 0 -1
    outer loop
      vertex -6.3487 193.965 0
      vertex -22.4567 185.565 0
      vertex -6.47224 194.15 0
    endloop
  endfacet
  facet normal 0 0 -1
    outer loop
      vertex -3.31454 100.222 0
      vertex -3.3 147 0
      vertex -3.3 100 0
    endloop
  endfacet
  facet normal 0 0 -1
    outer loop
      vertex -3.31454 100.222 0
      vertex -3.31454 146.778 0
      vertex -3.3 147 0
    endloop
  endfacet
  facet normal 0 0 -1
    outer loop
      vertex -3.35793 100.44 0
      vertex -3.31454 146.778 0
      vertex -3.31454 100.222 0
    endloop
  endfacet
  facet normal 0 0 -1
    outer loop
      vertex -3.35793 100.44 0
      vertex -3.35793 146.56 0
      vertex -3.31454 146.778 0
    endloop
  endfacet
  facet normal 0 0 -1
    outer loop
      vertex -3.42941 100.651 0
      vertex -3.35793 146.56 0
      vertex -3.35793 100.44 0
    endloop
  endfacet
  facet normal 0 0 -1
    outer loop
      vertex -3.42941 100.651 0
      vertex -3.42941 146.349 0
      vertex -3.35793 146.56 0
    endloop
  endfacet
  facet normal 0 0 -1
    outer loop
      vertex -3.52776 100.85 0
      vertex -3.42941 146.349 0
      vertex -3.42941 100.651 0
    endloop
  endfacet
  facet normal 0 0 -1
    outer loop
      vertex -3.52776 100.85 0
      vertex -3.52776 146.15 0
      vertex -3.42941 146.349 0
    endloop
  endfacet
  facet normal 0 0 -1
    outer loop
      vertex -3.6513 101.035 0
      vertex -3.52776 146.15 0
      vertex -3.52776 100.85 0
    endloop
  endfacet
  facet normal 0 0 -1
    outer loop
      vertex -3.6513 101.035 0
      vertex -3.6513 145.965 0
      vertex -3.52776 146.15 0
    endloop
  endfacet
  facet normal 0 0 -1
    outer loop
      vertex -3.79792 101.202 0
      vertex -3.6513 145.965 0
      vertex -3.6513 101.035 0
    endloop
  endfacet
  facet normal 0 0 -1
    outer loop
      vertex -3.79792 101.202 0
      vertex -3.79792 145.798 0
      vertex -3.6513 145.965 0
    endloop
  endfacet
  facet normal 0 0 -1
    outer loop
      vertex -3.96511 101.349 0
      vertex -3.79792 145.798 0
      vertex -3.79792 101.202 0
    endloop
  endfacet
  facet normal 0 0 -1
    outer loop
      vertex -3.96511 101.349 0
      vertex -3.96511 145.651 0
      vertex -3.79792 145.798 0
    endloop
  endfacet
  facet normal 0 0 -1
    outer loop
      vertex -4.15 101.472 0
      vertex -3.96511 145.651 0
      vertex -3.96511 101.349 0
    endloop
  endfacet
  facet normal 0 0 -1
    outer loop
      vertex -4.15 101.472 0
      vertex -4.15 145.528 0
      vertex -3.96511 145.651 0
    endloop
  endfacet
  facet normal 0 0 -1
    outer loop
      vertex -4.34944 101.571 0
      vertex -4.15 145.528 0
      vertex -4.15 101.472 0
    endloop
  endfacet
  facet normal 0 0 -1
    outer loop
      vertex -4.34944 101.571 0
      vertex -4.34944 145.429 0
      vertex -4.15 145.528 0
    endloop
  endfacet
  facet normal 0 0 -1
    outer loop
      vertex -4.56001 101.642 0
      vertex -4.34944 145.429 0
      vertex -4.34944 101.571 0
    endloop
  endfacet
  facet normal 0 0 -1
    outer loop
      vertex -4.56001 101.642 0
      vertex -4.56001 145.358 0
      vertex -4.34944 145.429 0
    endloop
  endfacet
  facet normal 0 0 -1
    outer loop
      vertex -22 122.777 0
      vertex -4.56001 101.642 0
      vertex -4.77811 101.685 0
    endloop
  endfacet
  facet normal 0 0 -1
    outer loop
      vertex -4.56001 101.642 0
      vertex -22 122.777 0
      vertex -4.56001 145.358 0
    endloop
  endfacet
  facet normal 0 0 -1
    outer loop
      vertex -22 122.777 0
      vertex -4.77811 101.685 0
      vertex -5 101.7 0
    endloop
  endfacet
  facet normal 0 0 -1
    outer loop
      vertex -4.56001 145.358 0
      vertex -22 122.777 0
      vertex -4.77811 145.315 0
    endloop
  endfacet
  facet normal 0 0 -1
    outer loop
      vertex -22 122.777 0
      vertex -5 101.7 0
      vertex -5.22189 101.685 0
    endloop
  endfacet
  facet normal 0 0 -1
    outer loop
      vertex -22.0513 123.56 0
      vertex -4.77811 145.315 0
      vertex -22 122.777 0
    endloop
  endfacet
  facet normal 0 0 -1
    outer loop
      vertex -22 122.777 0
      vertex -5.22189 101.685 0
      vertex -5.43999 101.642 0
    endloop
  endfacet
  facet normal 0 0 -1
    outer loop
      vertex -4.77811 145.315 0
      vertex -22.0513 123.56 0
      vertex -5 145.3 0
    endloop
  endfacet
  facet normal 0 0 -1
    outer loop
      vertex -22 122.777 0
      vertex -5.43999 101.642 0
      vertex -5.65056 101.571 0
    endloop
  endfacet
  facet normal 0 0 -1
    outer loop
      vertex -22.2045 124.33 0
      vertex -5 145.3 0
      vertex -22.0513 123.56 0
    endloop
  endfacet
  facet normal 0 0 -1
    outer loop
      vertex -22 122.777 0
      vertex -5.65056 101.571 0
      vertex -5.85 101.472 0
    endloop
  endfacet
  facet normal -0 0 -1
    outer loop
      vertex -5 145.3 0
      vertex -22.2045 124.33 0
      vertex -5.22189 145.315 0
    endloop
  endfacet
  facet normal 0 0 -1
    outer loop
      vertex -22 122.777 0
      vertex -5.85 101.472 0
      vertex -6.03489 101.349 0
    endloop
  endfacet
  facet normal 0 0 -1
    outer loop
      vertex -22.4567 125.073 0
      vertex -5.22189 145.315 0
      vertex -22.2045 124.33 0
    endloop
  endfacet
  facet normal 0 0 -1
    outer loop
      vertex -22 122.777 0
      vertex -6.03489 101.349 0
      vertex -6.20208 101.202 0
    endloop
  endfacet
  facet normal -0 0 -1
    outer loop
      vertex -5.22189 145.315 0
      vertex -22.4567 125.073 0
      vertex -5.43999 145.358 0
    endloop
  endfacet
  facet normal 0 0 -1
    outer loop
      vertex -22 122.777 0
      vertex -6.20208 101.202 0
      vertex -6.3487 101.035 0
    endloop
  endfacet
  facet normal 0 0 -1
    outer loop
      vertex -22.8038 125.777 0
      vertex -5.43999 145.358 0
      vertex -22.4567 125.073 0
    endloop
  endfacet
  facet normal 0 0 -1
    outer loop
      vertex -22 122.777 0
      vertex -6.3487 101.035 0
      vertex -6.47224 100.85 0
    endloop
  endfacet
  facet normal -0 0 -1
    outer loop
      vertex -5.43999 145.358 0
      vertex -22.8038 125.777 0
      vertex -5.65056 145.429 0
    endloop
  endfacet
  facet normal 0 0 -1
    outer loop
      vertex -22 122.777 0
      vertex -6.47224 100.85 0
      vertex -6.57059 100.651 0
    endloop
  endfacet
  facet normal 0 0 -1
    outer loop
      vertex -6.20208 145.798 0
      vertex -22 147.5 0
      vertex -6.3487 145.965 0
    endloop
  endfacet
  facet normal 0 0 -1
    outer loop
      vertex -22 122.777 0
      vertex -6.57059 100.651 0
      vertex -6.64207 100.44 0
    endloop
  endfacet
  facet normal 0 0 -1
    outer loop
      vertex -6.3487 145.965 0
      vertex -22 147.5 0
      vertex -6.47224 146.15 0
    endloop
  endfacet
  facet normal 0 0 -1
    outer loop
      vertex -22 122.777 0
      vertex -6.64207 100.44 0
      vertex -6.68546 100.222 0
    endloop
  endfacet
  facet normal 0 0 -1
    outer loop
      vertex -6.47224 146.15 0
      vertex -22 147.5 0
      vertex -6.57059 146.349 0
    endloop
  endfacet
  facet normal 0 0 -1
    outer loop
      vertex -22 85.5 0
      vertex -6.68546 100.222 0
      vertex -6.7 100 0
    endloop
  endfacet
  facet normal 0 0 -1
    outer loop
      vertex -6.57059 146.349 0
      vertex -22 147.5 0
      vertex -6.64207 146.56 0
    endloop
  endfacet
  facet normal 0 0 -1
    outer loop
      vertex -3.31454 46.2219 0
      vertex -3.3 100 0
      vertex -3.3 46 0
    endloop
  endfacet
  facet normal 0 0 -1
    outer loop
      vertex -3.31454 46.2219 0
      vertex -3.31454 99.7781 0
      vertex -3.3 100 0
    endloop
  endfacet
  facet normal 0 0 -1
    outer loop
      vertex -3.35793 46.44 0
      vertex -3.31454 99.7781 0
      vertex -3.31454 46.2219 0
    endloop
  endfacet
  facet normal 0 0 -1
    outer loop
      vertex -3.35793 46.44 0
      vertex -3.35793 99.56 0
      vertex -3.31454 99.7781 0
    endloop
  endfacet
  facet normal 0 0 -1
    outer loop
      vertex -3.42941 46.6506 0
      vertex -3.35793 99.56 0
      vertex -3.35793 46.44 0
    endloop
  endfacet
  facet normal 0 0 -1
    outer loop
      vertex -3.42941 46.6506 0
      vertex -3.42941 99.3494 0
      vertex -3.35793 99.56 0
    endloop
  endfacet
  facet normal 0 0 -1
    outer loop
      vertex -3.52776 46.85 0
      vertex -3.42941 99.3494 0
      vertex -3.42941 46.6506 0
    endloop
  endfacet
  facet normal 0 0 -1
    outer loop
      vertex -3.52776 46.85 0
      vertex -3.52776 99.15 0
      vertex -3.42941 99.3494 0
    endloop
  endfacet
  facet normal 0 0 -1
    outer loop
      vertex -3.6513 47.0349 0
      vertex -3.52776 99.15 0
      vertex -3.52776 46.85 0
    endloop
  endfacet
  facet normal 0 0 -1
    outer loop
      vertex -3.6513 47.0349 0
      vertex -3.6513 98.9651 0
      vertex -3.52776 99.15 0
    endloop
  endfacet
  facet normal 0 0 -1
    outer loop
      vertex -3.79792 47.2021 0
      vertex -3.6513 98.9651 0
      vertex -3.6513 47.0349 0
    endloop
  endfacet
  facet normal 0 0 -1
    outer loop
      vertex -3.79792 47.2021 0
      vertex -3.79792 98.7979 0
      vertex -3.6513 98.9651 0
    endloop
  endfacet
  facet normal 0 0 -1
    outer loop
      vertex -3.96511 47.3487 0
      vertex -3.79792 98.7979 0
      vertex -3.79792 47.2021 0
    endloop
  endfacet
  facet normal 0 0 -1
    outer loop
      vertex -3.96511 47.3487 0
      vertex -3.96511 98.6513 0
      vertex -3.79792 98.7979 0
    endloop
  endfacet
  facet normal 0 0 -1
    outer loop
      vertex -4.15 47.4722 0
      vertex -3.96511 98.6513 0
      vertex -3.96511 47.3487 0
    endloop
  endfacet
  facet normal 0 0 -1
    outer loop
      vertex -4.15 47.4722 0
      vertex -4.15 98.5278 0
      vertex -3.96511 98.6513 0
    endloop
  endfacet
  facet normal 0 0 -1
    outer loop
      vertex -4.34944 47.5706 0
      vertex -4.15 98.5278 0
      vertex -4.15 47.4722 0
    endloop
  endfacet
  facet normal 0 0 -1
    outer loop
      vertex -4.34944 47.5706 0
      vertex -4.34944 98.4294 0
      vertex -4.15 98.5278 0
    endloop
  endfacet
  facet normal 0 0 -1
    outer loop
      vertex -4.56001 47.6421 0
      vertex -4.34944 98.4294 0
      vertex -4.34944 47.5706 0
    endloop
  endfacet
  facet normal 0 0 -1
    outer loop
      vertex -4.56001 47.6421 0
      vertex -4.56001 98.3579 0
      vertex -4.34944 98.4294 0
    endloop
  endfacet
  facet normal 0 0 -1
    outer loop
      vertex -5 47.7 0
      vertex -22.0513 63.2614 0
      vertex -4.77811 47.6855 0
    endloop
  endfacet
  facet normal 0 0 -1
    outer loop
      vertex -22.2045 64.0312 0
      vertex -4.77811 47.6855 0
      vertex -22.0513 63.2614 0
    endloop
  endfacet
  facet normal 0 0 -1
    outer loop
      vertex -22.0513 63.2614 0
      vertex -5 47.7 0
      vertex -22 62.4783 0
    endloop
  endfacet
  facet normal 0 0 -1
    outer loop
      vertex -4.77811 47.6855 0
      vertex -22.2045 64.0312 0
      vertex -4.56001 47.6421 0
    endloop
  endfacet
  facet normal 0 0 -1
    outer loop
      vertex -22 62.4783 0
      vertex -5 47.7 0
      vertex -5.22189 47.6855 0
    endloop
  endfacet
  facet normal 0 0 -1
    outer loop
      vertex -4.56001 47.6421 0
      vertex -22.2045 64.0312 0
      vertex -4.56001 98.3579 0
    endloop
  endfacet
  facet normal 0 0 -1
    outer loop
      vertex -22 62.4783 0
      vertex -5.22189 47.6855 0
      vertex -5.43999 47.6421 0
    endloop
  endfacet
  facet normal 0 0 -1
    outer loop
      vertex -4.77811 98.3145 0
      vertex -22 85.5 0
      vertex -5 98.3 0
    endloop
  endfacet
  facet normal 0 0 -1
    outer loop
      vertex -22 62.4783 0
      vertex -5.43999 47.6421 0
      vertex -5.65056 47.5706 0
    endloop
  endfacet
  facet normal -0 0 -1
    outer loop
      vertex -5 98.3 0
      vertex -22 85.5 0
      vertex -5.22189 98.3145 0
    endloop
  endfacet
  facet normal 0 0 -1
    outer loop
      vertex -22 62.4783 0
      vertex -5.65056 47.5706 0
      vertex -5.85 47.4722 0
    endloop
  endfacet
  facet normal -0 0 -1
    outer loop
      vertex -5.22189 98.3145 0
      vertex -22 85.5 0
      vertex -5.43999 98.3579 0
    endloop
  endfacet
  facet normal 0 0 -1
    outer loop
      vertex -22 62.4783 0
      vertex -5.85 47.4722 0
      vertex -6.03489 47.3487 0
    endloop
  endfacet
  facet normal -0 0 -1
    outer loop
      vertex -5.43999 98.3579 0
      vertex -22 85.5 0
      vertex -5.65056 98.4294 0
    endloop
  endfacet
  facet normal 0 0 -1
    outer loop
      vertex -22 62.4783 0
      vertex -6.03489 47.3487 0
      vertex -6.20208 47.2021 0
    endloop
  endfacet
  facet normal -0 0 -1
    outer loop
      vertex -5.65056 98.4294 0
      vertex -22 85.5 0
      vertex -5.85 98.5278 0
    endloop
  endfacet
  facet normal 0 0 -1
    outer loop
      vertex -22 62.4783 0
      vertex -6.20208 47.2021 0
      vertex -6.3487 47.0349 0
    endloop
  endfacet
  facet normal -0 0 -1
    outer loop
      vertex -5.85 98.5278 0
      vertex -22 85.5 0
      vertex -6.03489 98.6513 0
    endloop
  endfacet
  facet normal 0 0 -1
    outer loop
      vertex -22 62.4783 0
      vertex -6.3487 47.0349 0
      vertex -6.47224 46.85 0
    endloop
  endfacet
  facet normal -0 0 -1
    outer loop
      vertex -6.03489 98.6513 0
      vertex -22 85.5 0
      vertex -6.20208 98.7979 0
    endloop
  endfacet
  facet normal 0 0 -1
    outer loop
      vertex -22 62.4783 0
      vertex -6.47224 46.85 0
      vertex -6.57059 46.6506 0
    endloop
  endfacet
  facet normal -0 0 -1
    outer loop
      vertex -6.20208 98.7979 0
      vertex -22 85.5 0
      vertex -6.3487 98.9651 0
    endloop
  endfacet
  facet normal 0 0 -1
    outer loop
      vertex -22 62.4783 0
      vertex -6.57059 46.6506 0
      vertex -6.64207 46.44 0
    endloop
  endfacet
  facet normal -0 0 -1
    outer loop
      vertex -6.3487 98.9651 0
      vertex -22 85.5 0
      vertex -6.47224 99.15 0
    endloop
  endfacet
  facet normal 0 0 -1
    outer loop
      vertex -22 62.4783 0
      vertex -6.64207 46.44 0
      vertex -6.68546 46.2219 0
    endloop
  endfacet
  facet normal -0 0 -1
    outer loop
      vertex -6.47224 99.15 0
      vertex -22 85.5 0
      vertex -6.57059 99.3494 0
    endloop
  endfacet
  facet normal 0 0 -1
    outer loop
      vertex -22 62.4783 0
      vertex -6.68546 46.2219 0
      vertex -6.7 46 0
    endloop
  endfacet
  facet normal -0 0 -1
    outer loop
      vertex -6.57059 99.3494 0
      vertex -22 85.5 0
      vertex -6.64207 99.56 0
    endloop
  endfacet
  facet normal 0 0 -1
    outer loop
      vertex -3.3 100 0
      vertex 0 -5 0
      vertex -3.3 46 0
    endloop
  endfacet
  facet normal 0 0 -1
    outer loop
      vertex 0 -5 0
      vertex -3.31454 45.7781 0
      vertex -3.3 46 0
    endloop
  endfacet
  facet normal 0 0 -1
    outer loop
      vertex 0 -5 0
      vertex -3.35793 45.56 0
      vertex -3.31454 45.7781 0
    endloop
  endfacet
  facet normal 0 0 -1
    outer loop
      vertex 0 -5 0
      vertex -3.42941 45.3494 0
      vertex -3.35793 45.56 0
    endloop
  endfacet
  facet normal 0 0 -1
    outer loop
      vertex 0 -5 0
      vertex -3.52776 45.15 0
      vertex -3.42941 45.3494 0
    endloop
  endfacet
  facet normal 0 0 -1
    outer loop
      vertex 0 -5 0
      vertex -3.6513 44.9651 0
      vertex -3.52776 45.15 0
    endloop
  endfacet
  facet normal 0 0 -1
    outer loop
      vertex 0 -5 0
      vertex -3.79792 44.7979 0
      vertex -3.6513 44.9651 0
    endloop
  endfacet
  facet normal 0 0 -1
    outer loop
      vertex 0 -5 0
      vertex -3.96511 44.6513 0
      vertex -3.79792 44.7979 0
    endloop
  endfacet
  facet normal 0 0 -1
    outer loop
      vertex 0 -5 0
      vertex -4.15 44.5278 0
      vertex -3.96511 44.6513 0
    endloop
  endfacet
  facet normal 0 0 -1
    outer loop
      vertex 0 -5 0
      vertex -4.34944 44.4294 0
      vertex -4.15 44.5278 0
    endloop
  endfacet
  facet normal 0 0 -1
    outer loop
      vertex 0 -5 0
      vertex -4.56001 44.3579 0
      vertex -4.34944 44.4294 0
    endloop
  endfacet
  facet normal 0 0 -1
    outer loop
      vertex -22.4567 28.7039 0
      vertex -4.56001 44.3579 0
      vertex 0 -5 0
    endloop
  endfacet
  facet normal 0 0 -1
    outer loop
      vertex -4.56001 44.3579 0
      vertex -22.4567 28.7039 0
      vertex -4.77811 44.3145 0
    endloop
  endfacet
  facet normal 0 -0 -1
    outer loop
      vertex -22.2045 29.4471 0
      vertex -4.77811 44.3145 0
      vertex -22.4567 28.7039 0
    endloop
  endfacet
  facet normal 0 0 -1
    outer loop
      vertex -4.77811 44.3145 0
      vertex -22.2045 29.4471 0
      vertex -5 44.3 0
    endloop
  endfacet
  facet normal 0 -0 -1
    outer loop
      vertex -22.0513 30.2168 0
      vertex -5 44.3 0
      vertex -22.2045 29.4471 0
    endloop
  endfacet
  facet normal -0 0 -1
    outer loop
      vertex -5 44.3 0
      vertex -22.0513 30.2168 0
      vertex -5.22189 44.3145 0
    endloop
  endfacet
  facet normal 0 -0 -1
    outer loop
      vertex -22 31 0
      vertex -5.22189 44.3145 0
      vertex -22.0513 30.2168 0
    endloop
  endfacet
  facet normal -0 0 -1
    outer loop
      vertex -5.22189 44.3145 0
      vertex -22 31 0
      vertex -5.43999 44.3579 0
    endloop
  endfacet
  facet normal -0 0 -1
    outer loop
      vertex -5.43999 44.3579 0
      vertex -22 31 0
      vertex -5.65056 44.4294 0
    endloop
  endfacet
  facet normal -0 0 -1
    outer loop
      vertex -5.85 44.5278 0
      vertex -22 31 0
      vertex -6.03489 44.6513 0
    endloop
  endfacet
  facet normal -0 0 -1
    outer loop
      vertex -6.03489 44.6513 0
      vertex -22 31 0
      vertex -6.20208 44.7979 0
    endloop
  endfacet
  facet normal -0 0 -1
    outer loop
      vertex -6.20208 44.7979 0
      vertex -22 31 0
      vertex -6.3487 44.9651 0
    endloop
  endfacet
  facet normal -0 0 -1
    outer loop
      vertex -6.3487 44.9651 0
      vertex -22 31 0
      vertex -6.47224 45.15 0
    endloop
  endfacet
  facet normal -0 0 -1
    outer loop
      vertex -6.64207 99.56 0
      vertex -22 85.5 0
      vertex -6.68546 99.7781 0
    endloop
  endfacet
  facet normal -0 0 -1
    outer loop
      vertex -6.68546 100.222 0
      vertex -22 85.5 0
      vertex -22 122.777 0
    endloop
  endfacet
  facet normal 0 0 -1
    outer loop
      vertex -22 62.4783 0
      vertex -6.7 46 0
      vertex -22 31 0
    endloop
  endfacet
  facet normal -0 0 -1
    outer loop
      vertex -6.68546 45.7781 0
      vertex -22 31 0
      vertex -6.7 46 0
    endloop
  endfacet
  facet normal -0 0 -1
    outer loop
      vertex -6.47224 45.15 0
      vertex -22 31 0
      vertex -6.57059 45.3494 0
    endloop
  endfacet
  facet normal -0 0 -1
    outer loop
      vertex -6.64207 45.56 0
      vertex -22 31 0
      vertex -6.68546 45.7781 0
    endloop
  endfacet
  facet normal -0 0 -1
    outer loop
      vertex -6.57059 45.3494 0
      vertex -22 31 0
      vertex -6.64207 45.56 0
    endloop
  endfacet
  facet normal -0 0 -1
    outer loop
      vertex -5.65056 44.4294 0
      vertex -22 31 0
      vertex -5.85 44.5278 0
    endloop
  endfacet
  facet normal 0 0 -1
    outer loop
      vertex 0 -5 0
      vertex -22.8038 28 0
      vertex -22.4567 28.7039 0
    endloop
  endfacet
  facet normal 0 0 -1
    outer loop
      vertex 0 -5 0
      vertex -23.2399 27.3474 0
      vertex -22.8038 28 0
    endloop
  endfacet
  facet normal 0 0 -1
    outer loop
      vertex 0 -5 0
      vertex -23.7574 26.7574 0
      vertex -23.2399 27.3474 0
    endloop
  endfacet
  facet normal 0 0 -1
    outer loop
      vertex 0 -5 0
      vertex -24.3474 26.2399 0
      vertex -23.7574 26.7574 0
    endloop
  endfacet
  facet normal 0 0 -1
    outer loop
      vertex 0 -5 0
      vertex -25 25.8038 0
      vertex -24.3474 26.2399 0
    endloop
  endfacet
  facet normal 0 0 -1
    outer loop
      vertex 0 -5 0
      vertex -25.7039 25.4567 0
      vertex -25 25.8038 0
    endloop
  endfacet
  facet normal 0 0 -1
    outer loop
      vertex 0 -5 0
      vertex -26.4471 25.2045 0
      vertex -25.7039 25.4567 0
    endloop
  endfacet
  facet normal 0 0 -1
    outer loop
      vertex 0 -5 0
      vertex -27.2168 25.0513 0
      vertex -26.4471 25.2045 0
    endloop
  endfacet
  facet normal 0 0 -1
    outer loop
      vertex 0 -5 0
      vertex -28 25 0
      vertex -27.2168 25.0513 0
    endloop
  endfacet
  facet normal 0 0 -1
    outer loop
      vertex 0 -5 0
      vertex -143.328 25 0
      vertex -28 25 0
    endloop
  endfacet
  facet normal 0 0 -1
    outer loop
      vertex -221.45 -5 0
      vertex -143.328 25 0
      vertex 0 -5 0
    endloop
  endfacet
  facet normal 0 -0 -1
    outer loop
      vertex -216.415 -0.348701 0
      vertex -143.328 25 0
      vertex -221.45 -5 0
    endloop
  endfacet
  facet normal 0 0 -1
    outer loop
      vertex -149.273 30.1892 0
      vertex -179.501 36.6754 0
      vertex -149.328 30.9721 0
    endloop
  endfacet
  facet normal 0 0 -1
    outer loop
      vertex -149.116 29.4201 0
      vertex -179.501 36.6754 0
      vertex -149.273 30.1892 0
    endloop
  endfacet
  facet normal 0 0 -1
    outer loop
      vertex -148.861 28.6781 0
      vertex -179.501 36.6754 0
      vertex -149.116 29.4201 0
    endloop
  endfacet
  facet normal 0 0 -1
    outer loop
      vertex -148.51 27.9758 0
      vertex -179.501 36.6754 0
      vertex -148.861 28.6781 0
    endloop
  endfacet
  facet normal 0 0 -1
    outer loop
      vertex -148.071 27.3253 0
      vertex -179.501 36.6754 0
      vertex -148.51 27.9758 0
    endloop
  endfacet
  facet normal 0 0 -1
    outer loop
      vertex -147.551 26.7377 0
      vertex -179.501 36.6754 0
      vertex -148.071 27.3253 0
    endloop
  endfacet
  facet normal 0 0 -1
    outer loop
      vertex -215.765 0.778106 0
      vertex -147.551 26.7377 0
      vertex -146.958 26.2229 0
    endloop
  endfacet
  facet normal 0 0 -1
    outer loop
      vertex -215.808 0.560008 0
      vertex -146.958 26.2229 0
      vertex -146.304 25.7899 0
    endloop
  endfacet
  facet normal 0 0 -1
    outer loop
      vertex -215.879 0.349439 0
      vertex -146.304 25.7899 0
      vertex -145.598 25.4461 0
    endloop
  endfacet
  facet normal 0 0 -1
    outer loop
      vertex -215.978 0.150001 0
      vertex -145.598 25.4461 0
      vertex -144.854 25.1973 0
    endloop
  endfacet
  facet normal 0 0 -1
    outer loop
      vertex -147.551 26.7377 0
      vertex -180.034 36.5558 0
      vertex -179.501 36.6754 0
    endloop
  endfacet
  facet normal -0 0 -1
    outer loop
      vertex -147.551 26.7377 0
      vertex -215.765 0.778106 0
      vertex -180.034 36.5558 0
    endloop
  endfacet
  facet normal 0 0 -1
    outer loop
      vertex -180.034 36.5558 0
      vertex -215.765 0.778106 0
      vertex -180.814 36.4697 0
    endloop
  endfacet
  facet normal 0 -0 -1
    outer loop
      vertex -215.75 1 0
      vertex -180.814 36.4697 0
      vertex -215.765 0.778106 0
    endloop
  endfacet
  facet normal -0 0 -1
    outer loop
      vertex -180.814 36.4697 0
      vertex -215.75 1 0
      vertex -181.598 36.4861 0
    endloop
  endfacet
  facet normal 0 0 -1
    outer loop
      vertex -221.45 25 0
      vertex -184.518 37.5458 0
      vertex -216.248 2.20208 0
    endloop
  endfacet
  facet normal 0 0 -1
    outer loop
      vertex -216.248 2.20208 0
      vertex -184.518 37.5458 0
      vertex -216.101 2.03489 0
    endloop
  endfacet
  facet normal -0 0 -1
    outer loop
      vertex -183.847 37.1392 0
      vertex -216.101 2.03489 0
      vertex -184.518 37.5458 0
    endloop
  endfacet
  facet normal 0 0 -1
    outer loop
      vertex -216.101 2.03489 0
      vertex -183.847 37.1392 0
      vertex -215.978 1.85 0
    endloop
  endfacet
  facet normal -0 0 -1
    outer loop
      vertex -183.128 36.8238 0
      vertex -215.978 1.85 0
      vertex -183.847 37.1392 0
    endloop
  endfacet
  facet normal 0 0 -1
    outer loop
      vertex -215.978 1.85 0
      vertex -183.128 36.8238 0
      vertex -215.879 1.65056 0
    endloop
  endfacet
  facet normal -0 0 -1
    outer loop
      vertex -182.374 36.6048 0
      vertex -215.879 1.65056 0
      vertex -183.128 36.8238 0
    endloop
  endfacet
  facet normal 0 0 -1
    outer loop
      vertex -215.879 1.65056 0
      vertex -182.374 36.6048 0
      vertex -215.808 1.43999 0
    endloop
  endfacet
  facet normal 0 0 -1
    outer loop
      vertex -215.808 1.43999 0
      vertex -182.374 36.6048 0
      vertex -215.765 1.22189 0
    endloop
  endfacet
  facet normal 0 0 -1
    outer loop
      vertex -215.765 1.22189 0
      vertex -181.598 36.4861 0
      vertex -215.75 1 0
    endloop
  endfacet
  facet normal 0 -0 -1
    outer loop
      vertex -216.248 -0.202081 0
      vertex -143.328 25 0
      vertex -216.415 -0.348701 0
    endloop
  endfacet
  facet normal -0 0 -1
    outer loop
      vertex -181.598 36.4861 0
      vertex -215.765 1.22189 0
      vertex -182.374 36.6048 0
    endloop
  endfacet
  facet normal 0 0 -1
    outer loop
      vertex -146.958 26.2229 0
      vertex -215.808 0.560008 0
      vertex -215.765 0.778106 0
    endloop
  endfacet
  facet normal 0 0 -1
    outer loop
      vertex -146.304 25.7899 0
      vertex -215.879 0.349439 0
      vertex -215.808 0.560008 0
    endloop
  endfacet
  facet normal 0 0 -1
    outer loop
      vertex -145.598 25.4461 0
      vertex -215.978 0.150001 0
      vertex -215.879 0.349439 0
    endloop
  endfacet
  facet normal 0 0 -1
    outer loop
      vertex -144.854 25.1973 0
      vertex -216.101 -0.034894 0
      vertex -215.978 0.150001 0
    endloop
  endfacet
  facet normal -0 0 -1
    outer loop
      vertex -144.084 25.0477 0
      vertex -216.101 -0.034894 0
      vertex -144.854 25.1973 0
    endloop
  endfacet
  facet normal 0 -0 -1
    outer loop
      vertex -216.101 -0.034894 0
      vertex -144.084 25.0477 0
      vertex -216.248 -0.202081 0
    endloop
  endfacet
  facet normal -0 0 -1
    outer loop
      vertex -143.328 25 0
      vertex -216.248 -0.202081 0
      vertex -144.084 25.0477 0
    endloop
  endfacet
  facet normal 0 0 -1
    outer loop
      vertex -216.415 -0.348701 0
      vertex -221.45 -5 0
      vertex -216.6 -0.472242 0
    endloop
  endfacet
  facet normal 0 0 -1
    outer loop
      vertex -216.6 -0.472242 0
      vertex -221.45 -5 0
      vertex -216.799 -0.570595 0
    endloop
  endfacet
  facet normal 0 0 -1
    outer loop
      vertex -216.799 -0.570595 0
      vertex -221.45 -5 0
      vertex -217.01 -0.642074 0
    endloop
  endfacet
  facet normal 0 0 -1
    outer loop
      vertex -217.01 -0.642074 0
      vertex -221.45 -5 0
      vertex -217.228 -0.685455 0
    endloop
  endfacet
  facet normal -0 0 -1
    outer loop
      vertex -219.092 0.560008 0
      vertex -221.45 0 0
      vertex -219.135 0.778106 0
    endloop
  endfacet
  facet normal -0 0 -1
    outer loop
      vertex -219.021 0.349439 0
      vertex -221.45 0 0
      vertex -219.092 0.560008 0
    endloop
  endfacet
  facet normal -0 0 -1
    outer loop
      vertex -218.922 0.150001 0
      vertex -221.45 0 0
      vertex -219.021 0.349439 0
    endloop
  endfacet
  facet normal 0 0 -1
    outer loop
      vertex -218.799 -0.034894 0
      vertex -221.45 0 0
      vertex -218.922 0.150001 0
    endloop
  endfacet
  facet normal 0 0 -1
    outer loop
      vertex -218.652 -0.202081 0
      vertex -221.45 0 0
      vertex -218.799 -0.034894 0
    endloop
  endfacet
  facet normal 0 0 -1
    outer loop
      vertex -218.485 -0.348701 0
      vertex -221.45 0 0
      vertex -218.652 -0.202081 0
    endloop
  endfacet
  facet normal 0 0 -1
    outer loop
      vertex -221.45 0 0
      vertex -218.485 -0.348701 0
      vertex -221.45 -5 0
    endloop
  endfacet
  facet normal -0 0 -1
    outer loop
      vertex -218.3 -0.472242 0
      vertex -221.45 -5 0
      vertex -218.485 -0.348701 0
    endloop
  endfacet
  facet normal -0 0 -1
    outer loop
      vertex -218.101 -0.570595 0
      vertex -221.45 -5 0
      vertex -218.3 -0.472242 0
    endloop
  endfacet
  facet normal -0 0 -1
    outer loop
      vertex -217.89 -0.642074 0
      vertex -221.45 -5 0
      vertex -218.101 -0.570595 0
    endloop
  endfacet
  facet normal -0 0 -1
    outer loop
      vertex -217.672 -0.685455 0
      vertex -221.45 -5 0
      vertex -217.89 -0.642074 0
    endloop
  endfacet
  facet normal -0 0 -1
    outer loop
      vertex -217.45 -0.7 0
      vertex -221.45 -5 0
      vertex -217.672 -0.685455 0
    endloop
  endfacet
  facet normal 0 0 -1
    outer loop
      vertex -217.228 -0.685455 0
      vertex -221.45 -5 0
      vertex -217.45 -0.7 0
    endloop
  endfacet
  facet normal 0 0 -1
    outer loop
      vertex 0 -5 0
      vertex -3.3 100 0
      vertex 0 201.5 0
    endloop
  endfacet
  facet normal 0 0 -1
    outer loop
      vertex -3.3 147 0
      vertex 0 201.5 0
      vertex -3.3 100 0
    endloop
  endfacet
  facet normal 0 0 -1
    outer loop
      vertex -3.31454 147.222 0
      vertex 0 201.5 0
      vertex -3.3 147 0
    endloop
  endfacet
  facet normal 0 0 -1
    outer loop
      vertex -3.31454 195.222 0
      vertex 0 201.5 0
      vertex -3.3 195 0
    endloop
  endfacet
  facet normal 0 0 -1
    outer loop
      vertex -3.35793 195.44 0
      vertex 0 201.5 0
      vertex -3.31454 195.222 0
    endloop
  endfacet
  facet normal 0 0 -1
    outer loop
      vertex -3.42941 195.651 0
      vertex 0 201.5 0
      vertex -3.35793 195.44 0
    endloop
  endfacet
  facet normal 0 0 -1
    outer loop
      vertex -3.52776 195.85 0
      vertex 0 201.5 0
      vertex -3.42941 195.651 0
    endloop
  endfacet
  facet normal 0 0 -1
    outer loop
      vertex -3.6513 196.035 0
      vertex 0 201.5 0
      vertex -3.52776 195.85 0
    endloop
  endfacet
  facet normal 0 0 -1
    outer loop
      vertex -3.79792 196.202 0
      vertex 0 201.5 0
      vertex -3.6513 196.035 0
    endloop
  endfacet
  facet normal 0 0 -1
    outer loop
      vertex -3.96511 196.349 0
      vertex 0 201.5 0
      vertex -3.79792 196.202 0
    endloop
  endfacet
  facet normal 0 0 -1
    outer loop
      vertex -4.15 196.472 0
      vertex 0 201.5 0
      vertex -3.96511 196.349 0
    endloop
  endfacet
  facet normal 0 0 -1
    outer loop
      vertex -4.34944 196.571 0
      vertex 0 201.5 0
      vertex -4.15 196.472 0
    endloop
  endfacet
  facet normal 0 0 -1
    outer loop
      vertex -4.56001 196.642 0
      vertex 0 201.5 0
      vertex -4.34944 196.571 0
    endloop
  endfacet
  facet normal 0 0 -1
    outer loop
      vertex -4.77811 196.685 0
      vertex 0 201.5 0
      vertex -4.56001 196.642 0
    endloop
  endfacet
  facet normal 0 0 -1
    outer loop
      vertex -5 196.7 0
      vertex 0 201.5 0
      vertex -4.77811 196.685 0
    endloop
  endfacet
  facet normal 0 0 -1
    outer loop
      vertex -5.22189 196.685 0
      vertex 0 201.5 0
      vertex -5 196.7 0
    endloop
  endfacet
  facet normal 0 0 -1
    outer loop
      vertex -5.43999 196.642 0
      vertex 0 201.5 0
      vertex -5.22189 196.685 0
    endloop
  endfacet
  facet normal 0 0 -1
    outer loop
      vertex -5.65056 196.571 0
      vertex 0 201.5 0
      vertex -5.43999 196.642 0
    endloop
  endfacet
  facet normal 0 0 -1
    outer loop
      vertex -5.85 196.472 0
      vertex 0 201.5 0
      vertex -5.65056 196.571 0
    endloop
  endfacet
  facet normal 0 0 -1
    outer loop
      vertex -6.03489 196.349 0
      vertex 0 201.5 0
      vertex -5.85 196.472 0
    endloop
  endfacet
  facet normal -0 0 -1
    outer loop
      vertex -6.68546 99.7781 0
      vertex -22 85.5 0
      vertex -6.7 100 0
    endloop
  endfacet
  facet normal 0 0 -1
    outer loop
      vertex -6.64207 146.56 0
      vertex -22 147.5 0
      vertex -6.68546 146.778 0
    endloop
  endfacet
  facet normal 0 0 -1
    outer loop
      vertex -6.68546 146.778 0
      vertex -22 147.5 0
      vertex -6.7 147 0
    endloop
  endfacet
  facet normal -0 0 -1
    outer loop
      vertex -5.85 148.472 0
      vertex -22 147.5 0
      vertex -22 183.268 0
    endloop
  endfacet
  facet normal 0 0 -1
    outer loop
      vertex -22.8038 186.268 0
      vertex -6.47224 194.15 0
      vertex -22.4567 185.565 0
    endloop
  endfacet
  facet normal -0 0 -1
    outer loop
      vertex -6.47224 194.15 0
      vertex -22.8038 186.268 0
      vertex -6.57059 194.349 0
    endloop
  endfacet
  facet normal -0 0 -1
    outer loop
      vertex -6.57059 194.349 0
      vertex -22.8038 186.268 0
      vertex -6.64207 194.56 0
    endloop
  endfacet
  facet normal 0 0 -1
    outer loop
      vertex -23.2399 186.921 0
      vertex -6.64207 194.56 0
      vertex -22.8038 186.268 0
    endloop
  endfacet
  facet normal -0 0 -1
    outer loop
      vertex -6.64207 194.56 0
      vertex -23.2399 186.921 0
      vertex -6.68546 194.778 0
    endloop
  endfacet
  facet normal 0 0 -1
    outer loop
      vertex -23.7574 187.511 0
      vertex -6.68546 194.778 0
      vertex -23.2399 186.921 0
    endloop
  endfacet
  facet normal -0 0 -1
    outer loop
      vertex -6.68546 194.778 0
      vertex -23.7574 187.511 0
      vertex -6.7 195 0
    endloop
  endfacet
  facet normal 0 0 -1
    outer loop
      vertex -24.3474 188.029 0
      vertex -6.7 195 0
      vertex -23.7574 187.511 0
    endloop
  endfacet
  facet normal -0 0 -1
    outer loop
      vertex -6.7 195 0
      vertex -24.3474 188.029 0
      vertex -6.68546 195.222 0
    endloop
  endfacet
  facet normal -0 0 -1
    outer loop
      vertex -6.68546 195.222 0
      vertex -24.3474 188.029 0
      vertex -6.64207 195.44 0
    endloop
  endfacet
  facet normal 0 0 -1
    outer loop
      vertex -25 188.465 0
      vertex -6.64207 195.44 0
      vertex -24.3474 188.029 0
    endloop
  endfacet
  facet normal -0 0 -1
    outer loop
      vertex -6.64207 195.44 0
      vertex -25 188.465 0
      vertex -6.57059 195.651 0
    endloop
  endfacet
  facet normal 0 0 -1
    outer loop
      vertex -25.7039 188.812 0
      vertex -6.57059 195.651 0
      vertex -25 188.465 0
    endloop
  endfacet
  facet normal -0 0 -1
    outer loop
      vertex -6.57059 195.651 0
      vertex -25.7039 188.812 0
      vertex -6.47224 195.85 0
    endloop
  endfacet
  facet normal 0 0 -1
    outer loop
      vertex -26.4471 189.064 0
      vertex -6.47224 195.85 0
      vertex -25.7039 188.812 0
    endloop
  endfacet
  facet normal -0 0 -1
    outer loop
      vertex -6.47224 195.85 0
      vertex -26.4471 189.064 0
      vertex -6.3487 196.035 0
    endloop
  endfacet
  facet normal -0 0 -1
    outer loop
      vertex -6.3487 196.035 0
      vertex -26.4471 189.064 0
      vertex -6.20208 196.202 0
    endloop
  endfacet
  facet normal 0 0 -1
    outer loop
      vertex -27.2168 189.217 0
      vertex -6.20208 196.202 0
      vertex -26.4471 189.064 0
    endloop
  endfacet
  facet normal -0 0 -1
    outer loop
      vertex -6.20208 196.202 0
      vertex -27.2168 189.217 0
      vertex -6.03489 196.349 0
    endloop
  endfacet
  facet normal 0 0 -1
    outer loop
      vertex -28 189.268 0
      vertex -6.03489 196.349 0
      vertex -27.2168 189.217 0
    endloop
  endfacet
  facet normal -0 0 -1
    outer loop
      vertex -6.03489 196.349 0
      vertex -28 189.268 0
      vertex 0 201.5 0
    endloop
  endfacet
  facet normal 0 0 -1
    outer loop
      vertex -60 201.5 0
      vertex -28 189.268 0
      vertex -28.7832 189.217 0
    endloop
  endfacet
  facet normal 0 0 -1
    outer loop
      vertex -60 201.5 0
      vertex -28.7832 189.217 0
      vertex -29.5529 189.064 0
    endloop
  endfacet
  facet normal 0 0 -1
    outer loop
      vertex -60 201.5 0
      vertex -29.5529 189.064 0
      vertex -30.2961 188.812 0
    endloop
  endfacet
  facet normal 0 0 -1
    outer loop
      vertex -28 189.268 0
      vertex -60 201.5 0
      vertex 0 201.5 0
    endloop
  endfacet
  facet normal 0 0 -1
    outer loop
      vertex -31 188.465 0
      vertex -60 201.5 0
      vertex -30.2961 188.812 0
    endloop
  endfacet
  facet normal 0 0 -1
    outer loop
      vertex -31.745 187.956 0
      vertex -60 201.5 0
      vertex -31 188.465 0
    endloop
  endfacet
  facet normal 0 0 -1
    outer loop
      vertex -76.5177 152.188 0
      vertex -60 201.5 0
      vertex -31.745 187.956 0
    endloop
  endfacet
  facet normal 0 0 -1
    outer loop
      vertex -77.0975 151.659 0
      vertex -60 201.5 0
      vertex -76.5177 152.188 0
    endloop
  endfacet
  facet normal 0 0 -1
    outer loop
      vertex -105.763 132.296 0
      vertex -77.0975 151.659 0
      vertex -77.6034 151.059 0
    endloop
  endfacet
  facet normal 0 0 -1
    outer loop
      vertex -104.993 132.449 0
      vertex -77.6034 151.059 0
      vertex -78.0266 150.398 0
    endloop
  endfacet
  facet normal 0 0 -1
    outer loop
      vertex -104.21 132.5 0
      vertex -78.0266 150.398 0
      vertex -78.3598 149.687 0
    endloop
  endfacet
  facet normal 0 0 -1
    outer loop
      vertex -104.21 132.5 0
      vertex -78.7355 148.167 0
      vertex -78.7716 147.383 0
    endloop
  endfacet
  facet normal 0 0 -1
    outer loop
      vertex -104.21 132.5 0
      vertex -78.5975 148.939 0
      vertex -78.7355 148.167 0
    endloop
  endfacet
  facet normal 0 0 -1
    outer loop
      vertex -104.21 132.5 0
      vertex -78.3598 149.687 0
      vertex -78.5975 148.939 0
    endloop
  endfacet
  facet normal 0 0 -1
    outer loop
      vertex -78.0266 150.398 0
      vertex -104.21 132.5 0
      vertex -104.993 132.449 0
    endloop
  endfacet
  facet normal 0 0 -1
    outer loop
      vertex -77.6034 151.059 0
      vertex -104.993 132.449 0
      vertex -105.763 132.296 0
    endloop
  endfacet
  facet normal -0 0 -1
    outer loop
      vertex -77.0975 151.659 0
      vertex -105.763 132.296 0
      vertex -60 201.5 0
    endloop
  endfacet
  facet normal 0 0 -1
    outer loop
      vertex -106.506 132.043 0
      vertex -60 201.5 0
      vertex -105.763 132.296 0
    endloop
  endfacet
  facet normal 0 0 -1
    outer loop
      vertex -107.21 131.696 0
      vertex -60 201.5 0
      vertex -106.506 132.043 0
    endloop
  endfacet
  facet normal 0 0 -1
    outer loop
      vertex -107.863 131.26 0
      vertex -60 201.5 0
      vertex -107.21 131.696 0
    endloop
  endfacet
  facet normal 0 0 -1
    outer loop
      vertex -108.637 130.55 0
      vertex -60 201.5 0
      vertex -107.863 131.26 0
    endloop
  endfacet
  facet normal 0 0 -1
    outer loop
      vertex -132.1 104.9 0
      vertex -60 201.5 0
      vertex -108.637 130.55 0
    endloop
  endfacet
  facet normal 0 0 -1
    outer loop
      vertex -221.45 25 0
      vertex -132.1 104.9 0
      vertex -132.59 104.288 0
    endloop
  endfacet
  facet normal 0 0 -1
    outer loop
      vertex -161.707 70.4487 0
      vertex -133.667 100.584 0
      vertex -160.923 70.5 0
    endloop
  endfacet
  facet normal -0 0 -1
    outer loop
      vertex -133.667 100.584 0
      vertex -161.707 70.4487 0
      vertex -133.65 101.368 0
    endloop
  endfacet
  facet normal 0 0 -1
    outer loop
      vertex -162.476 70.2955 0
      vertex -133.65 101.368 0
      vertex -161.707 70.4487 0
    endloop
  endfacet
  facet normal -0 0 -1
    outer loop
      vertex -133.65 101.368 0
      vertex -162.476 70.2955 0
      vertex -133.531 102.144 0
    endloop
  endfacet
  facet normal 0 0 -1
    outer loop
      vertex -163.22 70.0433 0
      vertex -133.531 102.144 0
      vertex -162.476 70.2955 0
    endloop
  endfacet
  facet normal -0 0 -1
    outer loop
      vertex -133.531 102.144 0
      vertex -163.22 70.0433 0
      vertex -133.313 102.898 0
    endloop
  endfacet
  facet normal 0 0 -1
    outer loop
      vertex -163.923 69.6962 0
      vertex -133.313 102.898 0
      vertex -163.22 70.0433 0
    endloop
  endfacet
  facet normal -0 0 -1
    outer loop
      vertex -133.313 102.898 0
      vertex -163.923 69.6962 0
      vertex -132.997 103.616 0
    endloop
  endfacet
  facet normal 0 0 -1
    outer loop
      vertex -164.576 69.2601 0
      vertex -132.997 103.616 0
      vertex -163.923 69.6962 0
    endloop
  endfacet
  facet normal -0 0 -1
    outer loop
      vertex -132.997 103.616 0
      vertex -164.576 69.2601 0
      vertex -132.59 104.288 0
    endloop
  endfacet
  facet normal 0 0 -1
    outer loop
      vertex -165.351 68.5497 0
      vertex -132.59 104.288 0
      vertex -164.576 69.2601 0
    endloop
  endfacet
  facet normal 0 0 -1
    outer loop
      vertex -132.59 104.288 0
      vertex -165.351 68.5497 0
      vertex -221.45 25 0
    endloop
  endfacet
  facet normal 0 0 -1
    outer loop
      vertex -221.45 25 0
      vertex -165.351 68.5497 0
      vertex -185.508 46.5134 0
    endloop
  endfacet
  facet normal -0 0 -1
    outer loop
      vertex -184.518 37.5458 0
      vertex -221.45 25 0
      vertex -185.13 38.0365 0
    endloop
  endfacet
  facet normal -0 0 -1
    outer loop
      vertex -185.13 38.0365 0
      vertex -221.45 25 0
      vertex -185.674 38.603 0
    endloop
  endfacet
  facet normal -0 0 -1
    outer loop
      vertex -186.138 39.2355 0
      vertex -221.45 25 0
      vertex -186.516 39.9233 0
    endloop
  endfacet
  facet normal -0 0 -1
    outer loop
      vertex -186.516 39.9233 0
      vertex -221.45 25 0
      vertex -186.801 40.6545 0
    endloop
  endfacet
  facet normal -0 0 -1
    outer loop
      vertex -186.801 40.6545 0
      vertex -221.45 25 0
      vertex -186.989 41.4167 0
    endloop
  endfacet
  facet normal -0 0 -1
    outer loop
      vertex -186.989 41.4167 0
      vertex -221.45 25 0
      vertex -187.075 42.1968 0
    endloop
  endfacet
  facet normal -0 0 -1
    outer loop
      vertex -187.075 42.1968 0
      vertex -221.45 25 0
      vertex -187.058 42.9814 0
    endloop
  endfacet
  facet normal -0 0 -1
    outer loop
      vertex -187.058 42.9814 0
      vertex -221.45 25 0
      vertex -186.94 43.7572 0
    endloop
  endfacet
  facet normal -0 0 -1
    outer loop
      vertex -186.94 43.7572 0
      vertex -221.45 25 0
      vertex -186.721 44.5109 0
    endloop
  endfacet
  facet normal -0 0 -1
    outer loop
      vertex -186.721 44.5109 0
      vertex -221.45 25 0
      vertex -186.405 45.2296 0
    endloop
  endfacet
  facet normal -0 0 -1
    outer loop
      vertex -185.674 38.603 0
      vertex -221.45 25 0
      vertex -186.138 39.2355 0
    endloop
  endfacet
  facet normal 0 0 -1
    outer loop
      vertex -221.45 25 0
      vertex -216.248 2.20208 0
      vertex -216.415 2.3487 0
    endloop
  endfacet
  facet normal 0 0 -1
    outer loop
      vertex -221.45 25 0
      vertex -216.415 2.3487 0
      vertex -216.6 2.47224 0
    endloop
  endfacet
  facet normal 0 0 -1
    outer loop
      vertex -221.45 25 0
      vertex -216.6 2.47224 0
      vertex -216.799 2.57059 0
    endloop
  endfacet
  facet normal 0 0 -1
    outer loop
      vertex -221.45 25 0
      vertex -216.799 2.57059 0
      vertex -217.01 2.64207 0
    endloop
  endfacet
  facet normal 0 0 -1
    outer loop
      vertex -221.45 25 0
      vertex -217.01 2.64207 0
      vertex -217.228 2.68546 0
    endloop
  endfacet
  facet normal 0 0 -1
    outer loop
      vertex -221.45 25 0
      vertex -217.228 2.68546 0
      vertex -217.45 2.7 0
    endloop
  endfacet
  facet normal 0 0 -1
    outer loop
      vertex -221.45 25 0
      vertex -217.45 2.7 0
      vertex -217.672 2.68546 0
    endloop
  endfacet
  facet normal 0 0 -1
    outer loop
      vertex -221.45 25 0
      vertex -217.672 2.68546 0
      vertex -217.89 2.64207 0
    endloop
  endfacet
  facet normal 0 0 -1
    outer loop
      vertex -221.45 25 0
      vertex -217.89 2.64207 0
      vertex -218.101 2.57059 0
    endloop
  endfacet
  facet normal 0 0 -1
    outer loop
      vertex -221.45 25 0
      vertex -218.101 2.57059 0
      vertex -218.3 2.47224 0
    endloop
  endfacet
  facet normal 0 0 -1
    outer loop
      vertex -221.45 25 0
      vertex -218.3 2.47224 0
      vertex -218.485 2.3487 0
    endloop
  endfacet
  facet normal 0 0 -1
    outer loop
      vertex -221.45 25 0
      vertex -218.485 2.3487 0
      vertex -218.652 2.20208 0
    endloop
  endfacet
  facet normal 0 0 -1
    outer loop
      vertex -221.45 0 0
      vertex -218.652 2.20208 0
      vertex -218.799 2.03489 0
    endloop
  endfacet
  facet normal -0 0 -1
    outer loop
      vertex -219.135 0.778106 0
      vertex -221.45 0 0
      vertex -219.15 1 0
    endloop
  endfacet
  facet normal -0 0 -1
    outer loop
      vertex -219.15 1 0
      vertex -221.45 0 0
      vertex -219.135 1.22189 0
    endloop
  endfacet
  facet normal -0 0 -1
    outer loop
      vertex -219.135 1.22189 0
      vertex -221.45 0 0
      vertex -219.092 1.43999 0
    endloop
  endfacet
  facet normal -0 0 -1
    outer loop
      vertex -219.092 1.43999 0
      vertex -221.45 0 0
      vertex -219.021 1.65056 0
    endloop
  endfacet
  facet normal 0 0 -1
    outer loop
      vertex -221.45 0 0
      vertex -218.922 1.85 0
      vertex -219.021 1.65056 0
    endloop
  endfacet
  facet normal 0 0 -1
    outer loop
      vertex -221.45 0 0
      vertex -218.799 2.03489 0
      vertex -218.922 1.85 0
    endloop
  endfacet
  facet normal -0 0 -1
    outer loop
      vertex -218.652 2.20208 0
      vertex -221.45 0 0
      vertex -221.45 25 0
    endloop
  endfacet
  facet normal -0 0 -1
    outer loop
      vertex -132.1 104.9 0
      vertex -221.45 25 0
      vertex -60 201.5 0
    endloop
  endfacet
  facet normal -0 0 -1
    outer loop
      vertex -185.999 45.9009 0
      vertex -221.45 25 0
      vertex -185.508 46.5134 0
    endloop
  endfacet
  facet normal -0 0 -1
    outer loop
      vertex -186.405 45.2296 0
      vertex -221.45 25 0
      vertex -185.999 45.9009 0
    endloop
  endfacet
  facet normal 0 0 1
    outer loop
      vertex -221.45 0 5
      vertex -220.712 0.569207 5
      vertex -220.712 0.570561 5
    endloop
  endfacet
  facet normal 0 0 1
    outer loop
      vertex -220.628 0.14847 5
      vertex -221.45 0 5
      vertex -220.578 0 5
    endloop
  endfacet
  facet normal 0 0 1
    outer loop
      vertex -220.712 0.569207 5
      vertex -221.45 0 5
      vertex -220.628 0.14847 5
    endloop
  endfacet
  facet normal 0 0 1
    outer loop
      vertex -220.712 0.57194 5
      vertex -221.45 0 5
      vertex -220.712 0.570561 5
    endloop
  endfacet
  facet normal 0 0 1
    outer loop
      vertex -220.74 1 5
      vertex -221.45 0 5
      vertex -220.712 0.57194 5
    endloop
  endfacet
  facet normal 0 0 1
    outer loop
      vertex -220.712 1.42806 5
      vertex -221.45 0 5
      vertex -220.74 1 5
    endloop
  endfacet
  facet normal -0 0 1
    outer loop
      vertex -5 96.7099 5
      vertex -22.4567 83.2039 5
      vertex -4.57194 96.738 5
    endloop
  endfacet
  facet normal 0 0 1
    outer loop
      vertex -4.57056 96.7381 5
      vertex -22.0513 63.2614 5
      vertex -22 62.4783 5
    endloop
  endfacet
  facet normal -0 0 1
    outer loop
      vertex -4.57194 96.738 5
      vertex -22.4567 83.2039 5
      vertex -4.57056 96.7381 5
    endloop
  endfacet
  facet normal 0 0 1
    outer loop
      vertex -4.57056 96.7381 5
      vertex -22.2045 64.0312 5
      vertex -22.0513 63.2614 5
    endloop
  endfacet
  facet normal 0 0 1
    outer loop
      vertex -22.4567 64.7744 5
      vertex -4.57056 96.7381 5
      vertex -22.4567 83.2039 5
    endloop
  endfacet
  facet normal 0 0 1
    outer loop
      vertex -4.57056 96.7381 5
      vertex -22.4567 64.7744 5
      vertex -22.2045 64.0312 5
    endloop
  endfacet
  facet normal -0 0 1
    outer loop
      vertex -22.8038 82.5 5
      vertex -22.4567 64.7744 5
      vertex -22.4567 83.2039 5
    endloop
  endfacet
  facet normal 0 0 1
    outer loop
      vertex -22.8038 82.5 5
      vertex -22.8038 65.4783 5
      vertex -22.4567 64.7744 5
    endloop
  endfacet
  facet normal -0 0 1
    outer loop
      vertex -23.2399 81.8474 5
      vertex -22.8038 65.4783 5
      vertex -22.8038 82.5 5
    endloop
  endfacet
  facet normal 0 0 1
    outer loop
      vertex -23.2399 81.8474 5
      vertex -23.2399 66.1308 5
      vertex -22.8038 65.4783 5
    endloop
  endfacet
  facet normal -0 0 1
    outer loop
      vertex -23.7574 81.2574 5
      vertex -23.2399 66.1308 5
      vertex -23.2399 81.8474 5
    endloop
  endfacet
  facet normal 0 0 1
    outer loop
      vertex -23.7574 81.2574 5
      vertex -23.7574 66.7209 5
      vertex -23.2399 66.1308 5
    endloop
  endfacet
  facet normal -0 0 1
    outer loop
      vertex -24.3474 80.7399 5
      vertex -23.7574 66.7209 5
      vertex -23.7574 81.2574 5
    endloop
  endfacet
  facet normal 0 0 1
    outer loop
      vertex -24.3474 80.7399 5
      vertex -24.3474 67.2384 5
      vertex -23.7574 66.7209 5
    endloop
  endfacet
  facet normal -0 0 1
    outer loop
      vertex -25 80.3038 5
      vertex -24.3474 67.2384 5
      vertex -24.3474 80.7399 5
    endloop
  endfacet
  facet normal 0 0 1
    outer loop
      vertex -25 80.3038 5
      vertex -25 67.6744 5
      vertex -24.3474 67.2384 5
    endloop
  endfacet
  facet normal -0 0 1
    outer loop
      vertex -25.7039 79.9567 5
      vertex -25 67.6744 5
      vertex -25 80.3038 5
    endloop
  endfacet
  facet normal 0 0 1
    outer loop
      vertex -25.7039 79.9567 5
      vertex -25.7039 68.0215 5
      vertex -25 67.6744 5
    endloop
  endfacet
  facet normal -0 0 1
    outer loop
      vertex -26.4471 79.7045 5
      vertex -25.7039 68.0215 5
      vertex -25.7039 79.9567 5
    endloop
  endfacet
  facet normal 0 0 1
    outer loop
      vertex -26.4471 79.7045 5
      vertex -26.4471 68.2738 5
      vertex -25.7039 68.0215 5
    endloop
  endfacet
  facet normal -0 0 1
    outer loop
      vertex -27.2168 79.5513 5
      vertex -26.4471 68.2738 5
      vertex -26.4471 79.7045 5
    endloop
  endfacet
  facet normal 0 0 1
    outer loop
      vertex -27.2168 79.5513 5
      vertex -27.2168 68.4269 5
      vertex -26.4471 68.2738 5
    endloop
  endfacet
  facet normal -0 0 1
    outer loop
      vertex -28 79.5 5
      vertex -27.2168 68.4269 5
      vertex -27.2168 79.5513 5
    endloop
  endfacet
  facet normal 0 0 1
    outer loop
      vertex -28 79.5 5
      vertex -28 68.4783 5
      vertex -27.2168 68.4269 5
    endloop
  endfacet
  facet normal 0 0 1
    outer loop
      vertex -28 79.5 5
      vertex -28.7832 68.4269 5
      vertex -28 68.4783 5
    endloop
  endfacet
  facet normal 0 0 1
    outer loop
      vertex -28 79.5 5
      vertex -29.5799 68.2665 5
      vertex -28.7832 68.4269 5
    endloop
  endfacet
  facet normal 0 0 1
    outer loop
      vertex -94.813 66.8219 5
      vertex -29.5799 68.2665 5
      vertex -28 79.5 5
    endloop
  endfacet
  facet normal 0 0 1
    outer loop
      vertex -29.5799 68.2665 5
      vertex -94.4006 65.3108 5
      vertex -94.3456 64.5279 5
    endloop
  endfacet
  facet normal 0 0 1
    outer loop
      vertex -29.5799 68.2665 5
      vertex -94.5573 66.0799 5
      vertex -94.4006 65.3108 5
    endloop
  endfacet
  facet normal 0 0 1
    outer loop
      vertex -29.5799 68.2665 5
      vertex -94.813 66.8219 5
      vertex -94.5573 66.0799 5
    endloop
  endfacet
  facet normal 0 0 1
    outer loop
      vertex -28 79.5 5
      vertex -95.1634 67.5242 5
      vertex -94.813 66.8219 5
    endloop
  endfacet
  facet normal 0 0 1
    outer loop
      vertex -28 79.5 5
      vertex -95.6025 68.1747 5
      vertex -95.1634 67.5242 5
    endloop
  endfacet
  facet normal 0 0 1
    outer loop
      vertex -28 79.5 5
      vertex -96.1227 68.7623 5
      vertex -95.6025 68.1747 5
    endloop
  endfacet
  facet normal 0 0 1
    outer loop
      vertex -28 79.5 5
      vertex -96.7151 69.2771 5
      vertex -96.1227 68.7623 5
    endloop
  endfacet
  facet normal 0 0 1
    outer loop
      vertex -28 79.5 5
      vertex -97.3698 69.7101 5
      vertex -96.7151 69.2771 5
    endloop
  endfacet
  facet normal -0 0 1
    outer loop
      vertex -110.641 79.5 5
      vertex -97.3698 69.7101 5
      vertex -28 79.5 5
    endloop
  endfacet
  facet normal 0 0 1
    outer loop
      vertex -97.3698 69.7101 5
      vertex -110.641 79.5 5
      vertex -98.0753 70.0539 5
    endloop
  endfacet
  facet normal 0 0 1
    outer loop
      vertex -98.0753 70.0539 5
      vertex -110.641 79.5 5
      vertex -98.8196 70.3027 5
    endloop
  endfacet
  facet normal 0 0 1
    outer loop
      vertex -98.8196 70.3027 5
      vertex -110.641 79.5 5
      vertex -99.5901 70.4523 5
    endloop
  endfacet
  facet normal 0 0 1
    outer loop
      vertex -99.5901 70.4523 5
      vertex -110.641 79.5 5
      vertex -100.346 70.5 5
    endloop
  endfacet
  facet normal 0 0 1
    outer loop
      vertex -111.239 79.5299 5
      vertex -100.346 70.5 5
      vertex -110.641 79.5 5
    endloop
  endfacet
  facet normal 0 0 1
    outer loop
      vertex -112.014 79.659 5
      vertex -100.346 70.5 5
      vertex -111.239 79.5299 5
    endloop
  endfacet
  facet normal 0 0 1
    outer loop
      vertex -112.764 79.8881 5
      vertex -100.346 70.5 5
      vertex -112.014 79.659 5
    endloop
  endfacet
  facet normal 0 0 1
    outer loop
      vertex -113.479 80.2132 5
      vertex -100.346 70.5 5
      vertex -112.764 79.8881 5
    endloop
  endfacet
  facet normal 0 0 1
    outer loop
      vertex -160.923 70.5 5
      vertex -113.479 80.2132 5
      vertex -114.144 80.6288 5
    endloop
  endfacet
  facet normal -0 0 1
    outer loop
      vertex -126.626 94.9425 5
      vertex -116.611 86.0981 5
      vertex -125.863 95.1297 5
    endloop
  endfacet
  facet normal 0 0 1
    outer loop
      vertex -116.611 86.0981 5
      vertex -126.626 94.9425 5
      vertex -116.638 85.3138 5
    endloop
  endfacet
  facet normal -0 0 1
    outer loop
      vertex -127.406 94.8564 5
      vertex -116.638 85.3138 5
      vertex -126.626 94.9425 5
    endloop
  endfacet
  facet normal 0 0 1
    outer loop
      vertex -116.638 85.3138 5
      vertex -127.406 94.8564 5
      vertex -116.563 84.5326 5
    endloop
  endfacet
  facet normal 0 0 1
    outer loop
      vertex -128.19 94.8728 5
      vertex -116.563 84.5326 5
      vertex -127.406 94.8564 5
    endloop
  endfacet
  facet normal 0 0 1
    outer loop
      vertex -116.563 84.5326 5
      vertex -128.19 94.8728 5
      vertex -116.386 83.7679 5
    endloop
  endfacet
  facet normal 0 0 1
    outer loop
      vertex -128.966 94.9915 5
      vertex -116.386 83.7679 5
      vertex -128.19 94.8728 5
    endloop
  endfacet
  facet normal 0 0 1
    outer loop
      vertex -116.386 83.7679 5
      vertex -128.966 94.9915 5
      vertex -116.111 83.0329 5
    endloop
  endfacet
  facet normal 0 0 1
    outer loop
      vertex -129.72 95.2105 5
      vertex -116.111 83.0329 5
      vertex -128.966 94.9915 5
    endloop
  endfacet
  facet normal 0 0 1
    outer loop
      vertex -160.923 70.5 5
      vertex -116.111 83.0329 5
      vertex -129.72 95.2105 5
    endloop
  endfacet
  facet normal 0 0 1
    outer loop
      vertex -116.111 83.0329 5
      vertex -160.923 70.5 5
      vertex -115.742 82.3401 5
    endloop
  endfacet
  facet normal 0 0 1
    outer loop
      vertex -115.742 82.3401 5
      vertex -160.923 70.5 5
      vertex -115.286 81.7014 5
    endloop
  endfacet
  facet normal 0 0 1
    outer loop
      vertex -160.923 70.5 5
      vertex -129.72 95.2105 5
      vertex -130.438 95.526 5
    endloop
  endfacet
  facet normal 0 0 1
    outer loop
      vertex -160.923 70.5 5
      vertex -130.438 95.526 5
      vertex -131.11 95.9325 5
    endloop
  endfacet
  facet normal 0 0 1
    outer loop
      vertex -160.923 70.5 5
      vertex -131.11 95.9325 5
      vertex -131.722 96.4233 5
    endloop
  endfacet
  facet normal 0 0 1
    outer loop
      vertex -113.479 80.2132 5
      vertex -160.923 70.5 5
      vertex -100.346 70.5 5
    endloop
  endfacet
  facet normal 0 0 1
    outer loop
      vertex -114.75 81.1277 5
      vertex -160.923 70.5 5
      vertex -114.144 80.6288 5
    endloop
  endfacet
  facet normal 0 0 1
    outer loop
      vertex -115.286 81.7014 5
      vertex -160.923 70.5 5
      vertex -114.75 81.1277 5
    endloop
  endfacet
  facet normal 0 0 1
    outer loop
      vertex -132.265 96.9897 5
      vertex -160.923 70.5 5
      vertex -131.722 96.4233 5
    endloop
  endfacet
  facet normal 0 0 1
    outer loop
      vertex -132.73 97.6223 5
      vertex -160.923 70.5 5
      vertex -132.265 96.9897 5
    endloop
  endfacet
  facet normal 0 0 1
    outer loop
      vertex -133.108 98.31 5
      vertex -160.923 70.5 5
      vertex -132.73 97.6223 5
    endloop
  endfacet
  facet normal 0 0 1
    outer loop
      vertex -133.393 99.0412 5
      vertex -160.923 70.5 5
      vertex -133.108 98.31 5
    endloop
  endfacet
  facet normal 0 0 1
    outer loop
      vertex -133.581 99.8034 5
      vertex -160.923 70.5 5
      vertex -133.393 99.0412 5
    endloop
  endfacet
  facet normal 0 0 1
    outer loop
      vertex -160.923 70.5 5
      vertex -133.581 99.8034 5
      vertex -133.667 100.584 5
    endloop
  endfacet
  facet normal 0 0 1
    outer loop
      vertex -7.84851 145.354 5
      vertex -22.8038 144.5 5
      vertex -7.61018 144.997 5
    endloop
  endfacet
  facet normal 0 0 1
    outer loop
      vertex -7.32643 144.674 5
      vertex -22.0513 123.56 5
      vertex -22 122.777 5
    endloop
  endfacet
  facet normal 0 0 1
    outer loop
      vertex -23.2399 143.847 5
      vertex -7.61018 144.997 5
      vertex -22.8038 144.5 5
    endloop
  endfacet
  facet normal 0 0 1
    outer loop
      vertex -7.32643 144.674 5
      vertex -22.2045 124.33 5
      vertex -22.0513 123.56 5
    endloop
  endfacet
  facet normal 0 0 1
    outer loop
      vertex -7.61018 144.997 5
      vertex -23.2399 143.847 5
      vertex -7.32734 144.675 5
    endloop
  endfacet
  facet normal 0 0 1
    outer loop
      vertex -7.32643 144.674 5
      vertex -22.4567 125.073 5
      vertex -22.2045 124.33 5
    endloop
  endfacet
  facet normal 0 0 1
    outer loop
      vertex -7.32734 144.675 5
      vertex -23.2399 143.847 5
      vertex -7.32643 144.674 5
    endloop
  endfacet
  facet normal 0 0 1
    outer loop
      vertex -7.32643 144.674 5
      vertex -22.8038 125.777 5
      vertex -22.4567 125.073 5
    endloop
  endfacet
  facet normal 0 0 1
    outer loop
      vertex -23.7574 143.257 5
      vertex -7.32643 144.674 5
      vertex -23.2399 143.847 5
    endloop
  endfacet
  facet normal 0 0 1
    outer loop
      vertex -7.32643 144.674 5
      vertex -23.2399 126.43 5
      vertex -22.8038 125.777 5
    endloop
  endfacet
  facet normal 0 0 1
    outer loop
      vertex -23.7574 127.02 5
      vertex -7.32643 144.674 5
      vertex -23.7574 143.257 5
    endloop
  endfacet
  facet normal 0 0 1
    outer loop
      vertex -7.32643 144.674 5
      vertex -23.7574 127.02 5
      vertex -23.2399 126.43 5
    endloop
  endfacet
  facet normal -0 0 1
    outer loop
      vertex -24.3474 142.74 5
      vertex -23.7574 127.02 5
      vertex -23.7574 143.257 5
    endloop
  endfacet
  facet normal 0 0 1
    outer loop
      vertex -24.3474 142.74 5
      vertex -24.3474 127.537 5
      vertex -23.7574 127.02 5
    endloop
  endfacet
  facet normal -0 0 1
    outer loop
      vertex -25 142.304 5
      vertex -24.3474 127.537 5
      vertex -24.3474 142.74 5
    endloop
  endfacet
  facet normal 0 0 1
    outer loop
      vertex -25 142.304 5
      vertex -25 127.973 5
      vertex -24.3474 127.537 5
    endloop
  endfacet
  facet normal -0 0 1
    outer loop
      vertex -25.7039 141.957 5
      vertex -25 127.973 5
      vertex -25 142.304 5
    endloop
  endfacet
  facet normal 0 0 1
    outer loop
      vertex -25.7039 141.957 5
      vertex -25.7039 128.32 5
      vertex -25 127.973 5
    endloop
  endfacet
  facet normal -0 0 1
    outer loop
      vertex -26.4471 141.704 5
      vertex -25.7039 128.32 5
      vertex -25.7039 141.957 5
    endloop
  endfacet
  facet normal 0 0 1
    outer loop
      vertex -26.4471 141.704 5
      vertex -26.4471 128.573 5
      vertex -25.7039 128.32 5
    endloop
  endfacet
  facet normal -0 0 1
    outer loop
      vertex -27.2168 141.551 5
      vertex -26.4471 128.573 5
      vertex -26.4471 141.704 5
    endloop
  endfacet
  facet normal 0 0 1
    outer loop
      vertex -27.2168 141.551 5
      vertex -27.2168 128.726 5
      vertex -26.4471 128.573 5
    endloop
  endfacet
  facet normal -0 0 1
    outer loop
      vertex -28 141.5 5
      vertex -27.2168 128.726 5
      vertex -27.2168 141.551 5
    endloop
  endfacet
  facet normal 0 0 1
    outer loop
      vertex -28 141.5 5
      vertex -28 128.777 5
      vertex -27.2168 128.726 5
    endloop
  endfacet
  facet normal 0 0 1
    outer loop
      vertex -28 141.5 5
      vertex -28.7832 128.726 5
      vertex -28 128.777 5
    endloop
  endfacet
  facet normal 0 0 1
    outer loop
      vertex -28 141.5 5
      vertex -29.5529 128.573 5
      vertex -28.7832 128.726 5
    endloop
  endfacet
  facet normal 0 0 1
    outer loop
      vertex -28 141.5 5
      vertex -30.4671 128.246 5
      vertex -29.5529 128.573 5
    endloop
  endfacet
  facet normal -0 0 1
    outer loop
      vertex -65.3397 128.967 5
      vertex -30.4671 128.246 5
      vertex -28 141.5 5
    endloop
  endfacet
  facet normal 0 0 1
    outer loop
      vertex -30.4671 128.246 5
      vertex -64.8875 127.467 5
      vertex -64.8119 126.686 5
    endloop
  endfacet
  facet normal 0 0 1
    outer loop
      vertex -30.4671 128.246 5
      vertex -65.0645 128.232 5
      vertex -64.8875 127.467 5
    endloop
  endfacet
  facet normal 0 0 1
    outer loop
      vertex -30.4671 128.246 5
      vertex -65.3397 128.967 5
      vertex -65.0645 128.232 5
    endloop
  endfacet
  facet normal 0 0 1
    outer loop
      vertex -28 141.5 5
      vertex -65.7085 129.66 5
      vertex -65.3397 128.967 5
    endloop
  endfacet
  facet normal 0 0 1
    outer loop
      vertex -28 141.5 5
      vertex -66.1646 130.299 5
      vertex -65.7085 129.66 5
    endloop
  endfacet
  facet normal 0 0 1
    outer loop
      vertex -28 141.5 5
      vertex -66.7001 130.872 5
      vertex -66.1646 130.299 5
    endloop
  endfacet
  facet normal -0 0 1
    outer loop
      vertex -72.7727 141.5 5
      vertex -66.7001 130.872 5
      vertex -28 141.5 5
    endloop
  endfacet
  facet normal 0 0 1
    outer loop
      vertex -66.7001 130.872 5
      vertex -72.7727 141.5 5
      vertex -67.306 131.371 5
    endloop
  endfacet
  facet normal 0 0 1
    outer loop
      vertex -67.306 131.371 5
      vertex -72.7727 141.5 5
      vertex -67.9718 131.787 5
    endloop
  endfacet
  facet normal 0 0 1
    outer loop
      vertex -67.9718 131.787 5
      vertex -72.7727 141.5 5
      vertex -68.6861 132.112 5
    endloop
  endfacet
  facet normal 0 0 1
    outer loop
      vertex -68.6861 132.112 5
      vertex -72.7727 141.5 5
      vertex -69.4368 132.341 5
    endloop
  endfacet
  facet normal 0 0 1
    outer loop
      vertex -69.4368 132.341 5
      vertex -72.7727 141.5 5
      vertex -70.2109 132.47 5
    endloop
  endfacet
  facet normal 0 0 1
    outer loop
      vertex -70.2109 132.47 5
      vertex -72.7727 141.5 5
      vertex -70.809 132.5 5
    endloop
  endfacet
  facet normal 0 0 1
    outer loop
      vertex -73.4393 141.537 5
      vertex -70.809 132.5 5
      vertex -72.7727 141.5 5
    endloop
  endfacet
  facet normal 0 0 1
    outer loop
      vertex -74.2119 141.675 5
      vertex -70.809 132.5 5
      vertex -73.4393 141.537 5
    endloop
  endfacet
  facet normal 0 0 1
    outer loop
      vertex -74.9599 141.913 5
      vertex -70.809 132.5 5
      vertex -74.2119 141.675 5
    endloop
  endfacet
  facet normal 0 0 1
    outer loop
      vertex -75.6705 142.246 5
      vertex -70.809 132.5 5
      vertex -74.9599 141.913 5
    endloop
  endfacet
  facet normal 0 0 1
    outer loop
      vertex -76.3315 142.669 5
      vertex -70.809 132.5 5
      vertex -75.6705 142.246 5
    endloop
  endfacet
  facet normal 0 0 1
    outer loop
      vertex -76.9315 143.175 5
      vertex -70.809 132.5 5
      vertex -76.3315 142.669 5
    endloop
  endfacet
  facet normal 0 0 1
    outer loop
      vertex -104.21 132.5 5
      vertex -76.9315 143.175 5
      vertex -77.4604 143.755 5
    endloop
  endfacet
  facet normal 0 0 1
    outer loop
      vertex -104.21 132.5 5
      vertex -77.4604 143.755 5
      vertex -77.9092 144.399 5
    endloop
  endfacet
  facet normal 0 0 1
    outer loop
      vertex -76.9315 143.175 5
      vertex -104.21 132.5 5
      vertex -70.809 132.5 5
    endloop
  endfacet
  facet normal 0 0 1
    outer loop
      vertex -78.27 145.096 5
      vertex -104.21 132.5 5
      vertex -77.9092 144.399 5
    endloop
  endfacet
  facet normal 0 0 1
    outer loop
      vertex -78.5368 145.834 5
      vertex -104.21 132.5 5
      vertex -78.27 145.096 5
    endloop
  endfacet
  facet normal 0 0 1
    outer loop
      vertex -78.7049 146.601 5
      vertex -104.21 132.5 5
      vertex -78.5368 145.834 5
    endloop
  endfacet
  facet normal 0 0 1
    outer loop
      vertex -104.21 132.5 5
      vertex -78.7049 146.601 5
      vertex -78.7716 147.383 5
    endloop
  endfacet
  facet normal -0 0 1
    outer loop
      vertex -1.73799 99.5719 5
      vertex -1.70994 46 5
      vertex -1.70994 100 5
    endloop
  endfacet
  facet normal 0 0 1
    outer loop
      vertex -1.73799 99.5719 5
      vertex -1.73799 46.4281 5
      vertex -1.70994 46 5
    endloop
  endfacet
  facet normal -0 0 1
    outer loop
      vertex -1.73808 99.5706 5
      vertex -1.73799 46.4281 5
      vertex -1.73799 99.5719 5
    endloop
  endfacet
  facet normal 0 0 1
    outer loop
      vertex -1.73808 99.5706 5
      vertex -1.73808 46.4294 5
      vertex -1.73799 46.4281 5
    endloop
  endfacet
  facet normal -0 0 1
    outer loop
      vertex -1.73835 99.5692 5
      vertex -1.73808 46.4294 5
      vertex -1.73808 99.5706 5
    endloop
  endfacet
  facet normal 0 0 1
    outer loop
      vertex -1.73835 99.5692 5
      vertex -1.73835 46.4308 5
      vertex -1.73808 46.4294 5
    endloop
  endfacet
  facet normal -0 0 1
    outer loop
      vertex -1.82204 99.1485 5
      vertex -1.73835 46.4308 5
      vertex -1.73835 99.5692 5
    endloop
  endfacet
  facet normal 0 0 1
    outer loop
      vertex -1.82204 99.1485 5
      vertex -1.82204 46.8515 5
      vertex -1.73835 46.4308 5
    endloop
  endfacet
  facet normal -0 0 1
    outer loop
      vertex -1.95993 98.7423 5
      vertex -1.82204 46.8515 5
      vertex -1.82204 99.1485 5
    endloop
  endfacet
  facet normal 0 0 1
    outer loop
      vertex -1.95993 98.7423 5
      vertex -1.95993 47.2577 5
      vertex -1.82204 46.8515 5
    endloop
  endfacet
  facet normal -0 0 1
    outer loop
      vertex -1.96038 98.741 5
      vertex -1.95993 47.2577 5
      vertex -1.95993 98.7423 5
    endloop
  endfacet
  facet normal 0 0 1
    outer loop
      vertex -1.96038 98.741 5
      vertex -1.96038 47.2591 5
      vertex -1.95993 47.2577 5
    endloop
  endfacet
  facet normal -0 0 1
    outer loop
      vertex -2.15011 98.3562 5
      vertex -1.96038 47.2591 5
      vertex -1.96038 98.741 5
    endloop
  endfacet
  facet normal 0 0 1
    outer loop
      vertex -2.15011 98.3562 5
      vertex -2.15011 47.6438 5
      vertex -1.96038 47.2591 5
    endloop
  endfacet
  facet normal -0 0 1
    outer loop
      vertex -2.15072 98.355 5
      vertex -2.15011 47.6438 5
      vertex -2.15011 98.3562 5
    endloop
  endfacet
  facet normal 0 0 1
    outer loop
      vertex -2.15072 98.355 5
      vertex -2.15072 47.645 5
      vertex -2.15011 47.6438 5
    endloop
  endfacet
  facet normal -0 0 1
    outer loop
      vertex -2.15149 98.3538 5
      vertex -2.15072 47.645 5
      vertex -2.15072 98.355 5
    endloop
  endfacet
  facet normal 0 0 1
    outer loop
      vertex -2.15149 98.3538 5
      vertex -2.15149 47.6462 5
      vertex -2.15072 47.645 5
    endloop
  endfacet
  facet normal -0 0 1
    outer loop
      vertex -2.38982 97.9971 5
      vertex -2.15149 47.6462 5
      vertex -2.15149 98.3538 5
    endloop
  endfacet
  facet normal 0 0 1
    outer loop
      vertex -2.38982 97.9971 5
      vertex -2.38982 48.0029 5
      vertex -2.15149 47.6462 5
    endloop
  endfacet
  facet normal -0 0 1
    outer loop
      vertex -2.67266 97.6746 5
      vertex -2.38982 48.0029 5
      vertex -2.38982 97.9971 5
    endloop
  endfacet
  facet normal 0 0 1
    outer loop
      vertex -2.67266 97.6746 5
      vertex -2.67266 48.3254 5
      vertex -2.38982 48.0029 5
    endloop
  endfacet
  facet normal -0 0 1
    outer loop
      vertex -2.67357 97.6736 5
      vertex -2.67266 48.3254 5
      vertex -2.67266 97.6746 5
    endloop
  endfacet
  facet normal 0 0 1
    outer loop
      vertex -2.67357 97.6736 5
      vertex -2.67357 48.3264 5
      vertex -2.67266 48.3254 5
    endloop
  endfacet
  facet normal -0 0 1
    outer loop
      vertex -2.67461 97.6727 5
      vertex -2.67357 48.3264 5
      vertex -2.67357 97.6736 5
    endloop
  endfacet
  facet normal 0 0 1
    outer loop
      vertex -2.67461 97.6727 5
      vertex -2.67461 48.3273 5
      vertex -2.67357 48.3264 5
    endloop
  endfacet
  facet normal -0 0 1
    outer loop
      vertex -2.99714 97.3898 5
      vertex -2.67461 48.3273 5
      vertex -2.67461 97.6727 5
    endloop
  endfacet
  facet normal 0 0 1
    outer loop
      vertex -2.99714 97.3898 5
      vertex -2.99714 48.6102 5
      vertex -2.67461 48.3273 5
    endloop
  endfacet
  facet normal -0 0 1
    outer loop
      vertex -3.35382 97.1515 5
      vertex -2.99714 48.6102 5
      vertex -2.99714 97.3898 5
    endloop
  endfacet
  facet normal 0 0 1
    outer loop
      vertex -3.35382 97.1515 5
      vertex -3.35382 48.8485 5
      vertex -2.99714 48.6102 5
    endloop
  endfacet
  facet normal -0 0 1
    outer loop
      vertex -3.35497 97.1507 5
      vertex -3.35382 48.8485 5
      vertex -3.35382 97.1515 5
    endloop
  endfacet
  facet normal 0 0 1
    outer loop
      vertex -3.35497 97.1507 5
      vertex -3.35497 48.8493 5
      vertex -3.35382 48.8485 5
    endloop
  endfacet
  facet normal -0 0 1
    outer loop
      vertex -3.35621 97.1501 5
      vertex -3.35497 48.8493 5
      vertex -3.35497 97.1507 5
    endloop
  endfacet
  facet normal 0 0 1
    outer loop
      vertex -3.35621 97.1501 5
      vertex -3.35621 48.8499 5
      vertex -3.35497 48.8493 5
    endloop
  endfacet
  facet normal -0 0 1
    outer loop
      vertex -3.74095 96.9604 5
      vertex -3.35621 48.8499 5
      vertex -3.35621 97.1501 5
    endloop
  endfacet
  facet normal 0 0 1
    outer loop
      vertex -3.74095 96.9604 5
      vertex -3.74095 49.0396 5
      vertex -3.35621 48.8499 5
    endloop
  endfacet
  facet normal -0 0 1
    outer loop
      vertex -3.74226 96.9599 5
      vertex -3.74095 49.0396 5
      vertex -3.74095 96.9604 5
    endloop
  endfacet
  facet normal 0 0 1
    outer loop
      vertex -3.74226 96.9599 5
      vertex -3.74226 49.0401 5
      vertex -3.74095 49.0396 5
    endloop
  endfacet
  facet normal -0 0 1
    outer loop
      vertex -4.14847 96.822 5
      vertex -3.74226 49.0401 5
      vertex -3.74226 96.9599 5
    endloop
  endfacet
  facet normal 0 0 1
    outer loop
      vertex -4.14847 96.822 5
      vertex -4.14847 49.178 5
      vertex -3.74226 49.0401 5
    endloop
  endfacet
  facet normal -0 0 1
    outer loop
      vertex -4.56921 96.7384 5
      vertex -4.14847 49.178 5
      vertex -4.14847 96.822 5
    endloop
  endfacet
  facet normal 0 0 1
    outer loop
      vertex -4.56921 96.7384 5
      vertex -4.56921 49.2616 5
      vertex -4.14847 49.178 5
    endloop
  endfacet
  facet normal -0 0 1
    outer loop
      vertex -4.57056 96.7381 5
      vertex -4.56921 49.2616 5
      vertex -4.56921 96.7384 5
    endloop
  endfacet
  facet normal 0 0 1
    outer loop
      vertex -4.57056 96.7381 5
      vertex -4.57056 49.2619 5
      vertex -4.56921 49.2616 5
    endloop
  endfacet
  facet normal 0 0 1
    outer loop
      vertex -5.42806 96.738 5
      vertex -22.2045 83.9471 5
      vertex -5 96.7099 5
    endloop
  endfacet
  facet normal 0 0 1
    outer loop
      vertex -4.57056 96.7381 5
      vertex -22 62.4783 5
      vertex -4.57056 49.2619 5
    endloop
  endfacet
  facet normal 0 0 1
    outer loop
      vertex -5.42944 96.7381 5
      vertex -22.2045 83.9471 5
      vertex -5.42806 96.738 5
    endloop
  endfacet
  facet normal 0 0 1
    outer loop
      vertex -4.57056 49.2619 5
      vertex -22 62.4783 5
      vertex -4.57194 49.262 5
    endloop
  endfacet
  facet normal 0 0 1
    outer loop
      vertex -22.2045 83.9471 5
      vertex -5.42944 96.7381 5
      vertex -22.0513 84.7168 5
    endloop
  endfacet
  facet normal 0 0 1
    outer loop
      vertex -4.57194 49.262 5
      vertex -22 62.4783 5
      vertex -5 49.2901 5
    endloop
  endfacet
  facet normal 0 0 1
    outer loop
      vertex -5.43079 96.7384 5
      vertex -22.0513 84.7168 5
      vertex -5.42944 96.7381 5
    endloop
  endfacet
  facet normal 0 0 1
    outer loop
      vertex -5 49.2901 5
      vertex -22 62.4783 5
      vertex -5.42806 49.262 5
    endloop
  endfacet
  facet normal 0 0 1
    outer loop
      vertex -5.85153 96.822 5
      vertex -22.0513 84.7168 5
      vertex -5.43079 96.7384 5
    endloop
  endfacet
  facet normal 0 0 1
    outer loop
      vertex -5.42806 49.262 5
      vertex -22 62.4783 5
      vertex -5.42944 49.2619 5
    endloop
  endfacet
  facet normal 0 0 1
    outer loop
      vertex -22.0513 84.7168 5
      vertex -5.85153 96.822 5
      vertex -22 85.5 5
    endloop
  endfacet
  facet normal 0 0 1
    outer loop
      vertex -5.42944 49.2619 5
      vertex -22 62.4783 5
      vertex -5.43079 49.2616 5
    endloop
  endfacet
  facet normal 0 0 1
    outer loop
      vertex -22 85.5 5
      vertex -5.85153 96.822 5
      vertex -6.25774 96.9599 5
    endloop
  endfacet
  facet normal 0 0 1
    outer loop
      vertex -5.43079 49.2616 5
      vertex -22 62.4783 5
      vertex -5.85153 49.178 5
    endloop
  endfacet
  facet normal 0 0 1
    outer loop
      vertex -22 85.5 5
      vertex -6.25774 96.9599 5
      vertex -6.25905 96.9604 5
    endloop
  endfacet
  facet normal 0 0 1
    outer loop
      vertex -5.85153 49.178 5
      vertex -22 62.4783 5
      vertex -6.25774 49.0401 5
    endloop
  endfacet
  facet normal 0 0 1
    outer loop
      vertex -22 85.5 5
      vertex -6.25905 96.9604 5
      vertex -6.64379 97.1501 5
    endloop
  endfacet
  facet normal 0 0 1
    outer loop
      vertex -6.25774 49.0401 5
      vertex -22 62.4783 5
      vertex -6.25905 49.0396 5
    endloop
  endfacet
  facet normal 0 0 1
    outer loop
      vertex -22 85.5 5
      vertex -6.64379 97.1501 5
      vertex -6.64503 97.1507 5
    endloop
  endfacet
  facet normal 0 0 1
    outer loop
      vertex -6.25905 49.0396 5
      vertex -22 62.4783 5
      vertex -6.64379 48.8499 5
    endloop
  endfacet
  facet normal 0 0 1
    outer loop
      vertex -22 85.5 5
      vertex -6.64503 97.1507 5
      vertex -6.64618 97.1515 5
    endloop
  endfacet
  facet normal 0 0 1
    outer loop
      vertex -6.64379 48.8499 5
      vertex -22 62.4783 5
      vertex -6.64503 48.8493 5
    endloop
  endfacet
  facet normal 0 0 1
    outer loop
      vertex -22 85.5 5
      vertex -6.64618 97.1515 5
      vertex -7.00286 97.3898 5
    endloop
  endfacet
  facet normal 0 0 1
    outer loop
      vertex -6.64503 48.8493 5
      vertex -22 62.4783 5
      vertex -6.64618 48.8485 5
    endloop
  endfacet
  facet normal 0 0 1
    outer loop
      vertex -22 85.5 5
      vertex -7.00286 97.3898 5
      vertex -7.32539 97.6727 5
    endloop
  endfacet
  facet normal 0 0 1
    outer loop
      vertex -6.64618 48.8485 5
      vertex -22 62.4783 5
      vertex -7.00286 48.6102 5
    endloop
  endfacet
  facet normal 0 0 1
    outer loop
      vertex -22 85.5 5
      vertex -7.32539 97.6727 5
      vertex -7.32643 97.6736 5
    endloop
  endfacet
  facet normal 0 0 1
    outer loop
      vertex -7.00286 48.6102 5
      vertex -22 62.4783 5
      vertex -7.32539 48.3273 5
    endloop
  endfacet
  facet normal 0 0 1
    outer loop
      vertex -22 85.5 5
      vertex -7.32643 97.6736 5
      vertex -7.32734 97.6746 5
    endloop
  endfacet
  facet normal 0 0 1
    outer loop
      vertex -7.32539 48.3273 5
      vertex -22 62.4783 5
      vertex -7.32643 48.3264 5
    endloop
  endfacet
  facet normal 0 0 1
    outer loop
      vertex -22 85.5 5
      vertex -7.32734 97.6746 5
      vertex -7.61018 97.9971 5
    endloop
  endfacet
  facet normal 0 0 1
    outer loop
      vertex -7.32643 48.3264 5
      vertex -22 62.4783 5
      vertex -7.32734 48.3254 5
    endloop
  endfacet
  facet normal 0 0 1
    outer loop
      vertex -22 85.5 5
      vertex -7.61018 97.9971 5
      vertex -7.84851 98.3538 5
    endloop
  endfacet
  facet normal 0 0 1
    outer loop
      vertex -7.32734 48.3254 5
      vertex -22 62.4783 5
      vertex -7.61018 48.0029 5
    endloop
  endfacet
  facet normal 0 0 1
    outer loop
      vertex -22 85.5 5
      vertex -7.84851 98.3538 5
      vertex -7.84928 98.355 5
    endloop
  endfacet
  facet normal 0 0 1
    outer loop
      vertex -7.61018 48.0029 5
      vertex -22 62.4783 5
      vertex -7.84851 47.6462 5
    endloop
  endfacet
  facet normal 0 0 1
    outer loop
      vertex -22 85.5 5
      vertex -7.84928 98.355 5
      vertex -7.84989 98.3562 5
    endloop
  endfacet
  facet normal 0 0 1
    outer loop
      vertex -7.84851 47.6462 5
      vertex -22 62.4783 5
      vertex -7.84928 47.645 5
    endloop
  endfacet
  facet normal 0 0 1
    outer loop
      vertex -22 85.5 5
      vertex -7.84989 98.3562 5
      vertex -8.03962 98.741 5
    endloop
  endfacet
  facet normal 0 0 1
    outer loop
      vertex -7.84928 47.645 5
      vertex -22 62.4783 5
      vertex -7.84989 47.6438 5
    endloop
  endfacet
  facet normal 0 0 1
    outer loop
      vertex -22 85.5 5
      vertex -8.03962 98.741 5
      vertex -8.04007 98.7423 5
    endloop
  endfacet
  facet normal 0 0 1
    outer loop
      vertex -7.84989 47.6438 5
      vertex -22 62.4783 5
      vertex -8.03962 47.2591 5
    endloop
  endfacet
  facet normal 0 0 1
    outer loop
      vertex -22 85.5 5
      vertex -8.04007 98.7423 5
      vertex -8.17796 99.1485 5
    endloop
  endfacet
  facet normal 0 0 1
    outer loop
      vertex -8.03962 47.2591 5
      vertex -22 62.4783 5
      vertex -8.04007 47.2577 5
    endloop
  endfacet
  facet normal 0 0 1
    outer loop
      vertex -22 85.5 5
      vertex -8.17796 99.1485 5
      vertex -8.26165 99.5692 5
    endloop
  endfacet
  facet normal 0 0 1
    outer loop
      vertex -8.04007 47.2577 5
      vertex -22 62.4783 5
      vertex -8.17796 46.8515 5
    endloop
  endfacet
  facet normal 0 0 1
    outer loop
      vertex -22 85.5 5
      vertex -8.26165 99.5692 5
      vertex -8.26192 99.5706 5
    endloop
  endfacet
  facet normal 0 0 1
    outer loop
      vertex -8.17796 46.8515 5
      vertex -22 62.4783 5
      vertex -8.26165 46.4308 5
    endloop
  endfacet
  facet normal 0 0 1
    outer loop
      vertex -22 85.5 5
      vertex -8.26192 99.5706 5
      vertex -8.26201 99.5719 5
    endloop
  endfacet
  facet normal 0 0 1
    outer loop
      vertex -8.26165 46.4308 5
      vertex -22 62.4783 5
      vertex -8.26192 46.4294 5
    endloop
  endfacet
  facet normal 0 0 1
    outer loop
      vertex -22 85.5 5
      vertex -8.26201 99.5719 5
      vertex -8.29006 100 5
    endloop
  endfacet
  facet normal 0 0 1
    outer loop
      vertex -8.26192 46.4294 5
      vertex -22 62.4783 5
      vertex -8.26201 46.4281 5
    endloop
  endfacet
  facet normal -0 0 1
    outer loop
      vertex -1.73799 146.572 5
      vertex -1.70994 100 5
      vertex -1.70994 147 5
    endloop
  endfacet
  facet normal 0 0 1
    outer loop
      vertex -1.73799 146.572 5
      vertex -1.73799 100.428 5
      vertex -1.70994 100 5
    endloop
  endfacet
  facet normal -0 0 1
    outer loop
      vertex -1.73808 146.571 5
      vertex -1.73799 100.428 5
      vertex -1.73799 146.572 5
    endloop
  endfacet
  facet normal 0 0 1
    outer loop
      vertex -1.73808 146.571 5
      vertex -1.73808 100.429 5
      vertex -1.73799 100.428 5
    endloop
  endfacet
  facet normal -0 0 1
    outer loop
      vertex -1.73835 146.569 5
      vertex -1.73808 100.429 5
      vertex -1.73808 146.571 5
    endloop
  endfacet
  facet normal 0 0 1
    outer loop
      vertex -1.73835 146.569 5
      vertex -1.73835 100.431 5
      vertex -1.73808 100.429 5
    endloop
  endfacet
  facet normal -0 0 1
    outer loop
      vertex -1.82204 146.148 5
      vertex -1.73835 100.431 5
      vertex -1.73835 146.569 5
    endloop
  endfacet
  facet normal 0 0 1
    outer loop
      vertex -1.82204 146.148 5
      vertex -1.82204 100.852 5
      vertex -1.73835 100.431 5
    endloop
  endfacet
  facet normal -0 0 1
    outer loop
      vertex -1.95993 145.742 5
      vertex -1.82204 100.852 5
      vertex -1.82204 146.148 5
    endloop
  endfacet
  facet normal 0 0 1
    outer loop
      vertex -1.95993 145.742 5
      vertex -1.95993 101.258 5
      vertex -1.82204 100.852 5
    endloop
  endfacet
  facet normal -0 0 1
    outer loop
      vertex -1.96038 145.741 5
      vertex -1.95993 101.258 5
      vertex -1.95993 145.742 5
    endloop
  endfacet
  facet normal 0 0 1
    outer loop
      vertex -1.96038 145.741 5
      vertex -1.96038 101.259 5
      vertex -1.95993 101.258 5
    endloop
  endfacet
  facet normal -0 0 1
    outer loop
      vertex -2.15011 145.356 5
      vertex -1.96038 101.259 5
      vertex -1.96038 145.741 5
    endloop
  endfacet
  facet normal 0 0 1
    outer loop
      vertex -2.15011 145.356 5
      vertex -2.15011 101.644 5
      vertex -1.96038 101.259 5
    endloop
  endfacet
  facet normal -0 0 1
    outer loop
      vertex -2.15072 145.355 5
      vertex -2.15011 101.644 5
      vertex -2.15011 145.356 5
    endloop
  endfacet
  facet normal 0 0 1
    outer loop
      vertex -2.15072 145.355 5
      vertex -2.15072 101.645 5
      vertex -2.15011 101.644 5
    endloop
  endfacet
  facet normal -0 0 1
    outer loop
      vertex -2.15149 145.354 5
      vertex -2.15072 101.645 5
      vertex -2.15072 145.355 5
    endloop
  endfacet
  facet normal 0 0 1
    outer loop
      vertex -2.15149 145.354 5
      vertex -2.15149 101.646 5
      vertex -2.15072 101.645 5
    endloop
  endfacet
  facet normal -0 0 1
    outer loop
      vertex -2.38982 144.997 5
      vertex -2.15149 101.646 5
      vertex -2.15149 145.354 5
    endloop
  endfacet
  facet normal 0 0 1
    outer loop
      vertex -2.38982 144.997 5
      vertex -2.38982 102.003 5
      vertex -2.15149 101.646 5
    endloop
  endfacet
  facet normal -0 0 1
    outer loop
      vertex -2.67266 144.675 5
      vertex -2.38982 102.003 5
      vertex -2.38982 144.997 5
    endloop
  endfacet
  facet normal 0 0 1
    outer loop
      vertex -2.67266 144.675 5
      vertex -2.67266 102.325 5
      vertex -2.38982 102.003 5
    endloop
  endfacet
  facet normal -0 0 1
    outer loop
      vertex -2.67357 144.674 5
      vertex -2.67266 102.325 5
      vertex -2.67266 144.675 5
    endloop
  endfacet
  facet normal 0 0 1
    outer loop
      vertex -2.67357 144.674 5
      vertex -2.67357 102.326 5
      vertex -2.67266 102.325 5
    endloop
  endfacet
  facet normal -0 0 1
    outer loop
      vertex -2.67461 144.673 5
      vertex -2.67357 102.326 5
      vertex -2.67357 144.674 5
    endloop
  endfacet
  facet normal 0 0 1
    outer loop
      vertex -2.67461 144.673 5
      vertex -2.67461 102.327 5
      vertex -2.67357 102.326 5
    endloop
  endfacet
  facet normal -0 0 1
    outer loop
      vertex -2.99714 144.39 5
      vertex -2.67461 102.327 5
      vertex -2.67461 144.673 5
    endloop
  endfacet
  facet normal 0 0 1
    outer loop
      vertex -2.99714 144.39 5
      vertex -2.99714 102.61 5
      vertex -2.67461 102.327 5
    endloop
  endfacet
  facet normal -0 0 1
    outer loop
      vertex -3.35382 144.151 5
      vertex -2.99714 102.61 5
      vertex -2.99714 144.39 5
    endloop
  endfacet
  facet normal 0 0 1
    outer loop
      vertex -3.35382 144.151 5
      vertex -3.35382 102.849 5
      vertex -2.99714 102.61 5
    endloop
  endfacet
  facet normal -0 0 1
    outer loop
      vertex -3.35497 144.151 5
      vertex -3.35382 102.849 5
      vertex -3.35382 144.151 5
    endloop
  endfacet
  facet normal 0 0 1
    outer loop
      vertex -3.35497 144.151 5
      vertex -3.35497 102.849 5
      vertex -3.35382 102.849 5
    endloop
  endfacet
  facet normal -0 0 1
    outer loop
      vertex -3.35621 144.15 5
      vertex -3.35497 102.849 5
      vertex -3.35497 144.151 5
    endloop
  endfacet
  facet normal 0 0 1
    outer loop
      vertex -3.35621 144.15 5
      vertex -3.35621 102.85 5
      vertex -3.35497 102.849 5
    endloop
  endfacet
  facet normal -0 0 1
    outer loop
      vertex -3.74095 143.96 5
      vertex -3.35621 102.85 5
      vertex -3.35621 144.15 5
    endloop
  endfacet
  facet normal 0 0 1
    outer loop
      vertex -3.74095 143.96 5
      vertex -3.74095 103.04 5
      vertex -3.35621 102.85 5
    endloop
  endfacet
  facet normal -0 0 1
    outer loop
      vertex -3.74226 143.96 5
      vertex -3.74095 103.04 5
      vertex -3.74095 143.96 5
    endloop
  endfacet
  facet normal 0 0 1
    outer loop
      vertex -3.74226 143.96 5
      vertex -3.74226 103.04 5
      vertex -3.74095 103.04 5
    endloop
  endfacet
  facet normal -0 0 1
    outer loop
      vertex -4.14847 143.822 5
      vertex -3.74226 103.04 5
      vertex -3.74226 143.96 5
    endloop
  endfacet
  facet normal 0 0 1
    outer loop
      vertex -4.14847 143.822 5
      vertex -4.14847 103.178 5
      vertex -3.74226 103.04 5
    endloop
  endfacet
  facet normal -0 0 1
    outer loop
      vertex -4.56921 143.738 5
      vertex -4.14847 103.178 5
      vertex -4.14847 143.822 5
    endloop
  endfacet
  facet normal 0 0 1
    outer loop
      vertex -4.56921 143.738 5
      vertex -4.56921 103.262 5
      vertex -4.14847 103.178 5
    endloop
  endfacet
  facet normal -0 0 1
    outer loop
      vertex -4.57056 143.738 5
      vertex -4.56921 103.262 5
      vertex -4.56921 143.738 5
    endloop
  endfacet
  facet normal 0 0 1
    outer loop
      vertex -4.57056 143.738 5
      vertex -4.57056 103.262 5
      vertex -4.56921 103.262 5
    endloop
  endfacet
  facet normal 0 0 1
    outer loop
      vertex -22 122.777 5
      vertex -4.57056 143.738 5
      vertex -4.57194 143.738 5
    endloop
  endfacet
  facet normal 0 0 1
    outer loop
      vertex -4.57056 143.738 5
      vertex -22 122.777 5
      vertex -4.57056 103.262 5
    endloop
  endfacet
  facet normal 0 0 1
    outer loop
      vertex -22 122.777 5
      vertex -4.57194 143.738 5
      vertex -5 143.71 5
    endloop
  endfacet
  facet normal 0 0 1
    outer loop
      vertex -4.57056 103.262 5
      vertex -22 122.777 5
      vertex -4.57194 103.262 5
    endloop
  endfacet
  facet normal 0 0 1
    outer loop
      vertex -22 122.777 5
      vertex -5 143.71 5
      vertex -5.42806 143.738 5
    endloop
  endfacet
  facet normal 0 0 1
    outer loop
      vertex -4.57194 103.262 5
      vertex -22 122.777 5
      vertex -5 103.29 5
    endloop
  endfacet
  facet normal 0 0 1
    outer loop
      vertex -22 122.777 5
      vertex -5.42806 143.738 5
      vertex -5.42944 143.738 5
    endloop
  endfacet
  facet normal 0 0 1
    outer loop
      vertex -5 103.29 5
      vertex -22 122.777 5
      vertex -5.42806 103.262 5
    endloop
  endfacet
  facet normal 0 0 1
    outer loop
      vertex -22 122.777 5
      vertex -5.42944 143.738 5
      vertex -5.43079 143.738 5
    endloop
  endfacet
  facet normal 0 0 1
    outer loop
      vertex -5.42806 103.262 5
      vertex -22 122.777 5
      vertex -5.42944 103.262 5
    endloop
  endfacet
  facet normal 0 0 1
    outer loop
      vertex -22 122.777 5
      vertex -5.43079 143.738 5
      vertex -5.85153 143.822 5
    endloop
  endfacet
  facet normal 0 0 1
    outer loop
      vertex -5.42944 103.262 5
      vertex -22 122.777 5
      vertex -5.43079 103.262 5
    endloop
  endfacet
  facet normal 0 0 1
    outer loop
      vertex -22 122.777 5
      vertex -5.85153 143.822 5
      vertex -6.25774 143.96 5
    endloop
  endfacet
  facet normal 0 0 1
    outer loop
      vertex -5.43079 103.262 5
      vertex -22 122.777 5
      vertex -5.85153 103.178 5
    endloop
  endfacet
  facet normal 0 0 1
    outer loop
      vertex -22 122.777 5
      vertex -6.25774 143.96 5
      vertex -6.25905 143.96 5
    endloop
  endfacet
  facet normal 0 0 1
    outer loop
      vertex -5.85153 103.178 5
      vertex -22 122.777 5
      vertex -6.25774 103.04 5
    endloop
  endfacet
  facet normal 0 0 1
    outer loop
      vertex -22 122.777 5
      vertex -6.25905 143.96 5
      vertex -6.64379 144.15 5
    endloop
  endfacet
  facet normal 0 0 1
    outer loop
      vertex -6.25774 103.04 5
      vertex -22 122.777 5
      vertex -6.25905 103.04 5
    endloop
  endfacet
  facet normal 0 0 1
    outer loop
      vertex -22 122.777 5
      vertex -6.64379 144.15 5
      vertex -6.64503 144.151 5
    endloop
  endfacet
  facet normal 0 0 1
    outer loop
      vertex -6.25905 103.04 5
      vertex -22 122.777 5
      vertex -6.64379 102.85 5
    endloop
  endfacet
  facet normal 0 0 1
    outer loop
      vertex -22 122.777 5
      vertex -6.64503 144.151 5
      vertex -6.64618 144.151 5
    endloop
  endfacet
  facet normal 0 0 1
    outer loop
      vertex -6.64379 102.85 5
      vertex -22 122.777 5
      vertex -6.64503 102.849 5
    endloop
  endfacet
  facet normal 0 0 1
    outer loop
      vertex -22 122.777 5
      vertex -6.64618 144.151 5
      vertex -7.00286 144.39 5
    endloop
  endfacet
  facet normal 0 0 1
    outer loop
      vertex -6.64503 102.849 5
      vertex -22 122.777 5
      vertex -6.64618 102.849 5
    endloop
  endfacet
  facet normal 0 0 1
    outer loop
      vertex -22 122.777 5
      vertex -7.00286 144.39 5
      vertex -7.32539 144.673 5
    endloop
  endfacet
  facet normal 0 0 1
    outer loop
      vertex -6.64618 102.849 5
      vertex -22 122.777 5
      vertex -7.00286 102.61 5
    endloop
  endfacet
  facet normal 0 0 1
    outer loop
      vertex -22 122.777 5
      vertex -7.32539 144.673 5
      vertex -7.32643 144.674 5
    endloop
  endfacet
  facet normal 0 0 1
    outer loop
      vertex -7.00286 102.61 5
      vertex -22 122.777 5
      vertex -7.32539 102.327 5
    endloop
  endfacet
  facet normal 0 0 1
    outer loop
      vertex -22.8038 144.5 5
      vertex -7.84928 145.355 5
      vertex -22.4567 145.204 5
    endloop
  endfacet
  facet normal 0 0 1
    outer loop
      vertex -7.32539 102.327 5
      vertex -22 122.777 5
      vertex -7.32643 102.326 5
    endloop
  endfacet
  facet normal 0 0 1
    outer loop
      vertex -7.84989 145.356 5
      vertex -22.4567 145.204 5
      vertex -7.84928 145.355 5
    endloop
  endfacet
  facet normal 0 0 1
    outer loop
      vertex -7.32643 102.326 5
      vertex -22 122.777 5
      vertex -7.32734 102.325 5
    endloop
  endfacet
  facet normal 0 0 1
    outer loop
      vertex -8.03962 145.741 5
      vertex -22.4567 145.204 5
      vertex -7.84989 145.356 5
    endloop
  endfacet
  facet normal 0 0 1
    outer loop
      vertex -7.32734 102.325 5
      vertex -22 122.777 5
      vertex -7.61018 102.003 5
    endloop
  endfacet
  facet normal 0 0 1
    outer loop
      vertex -22.4567 145.204 5
      vertex -8.03962 145.741 5
      vertex -22.2045 145.947 5
    endloop
  endfacet
  facet normal 0 0 1
    outer loop
      vertex -7.61018 102.003 5
      vertex -22 122.777 5
      vertex -7.84851 101.646 5
    endloop
  endfacet
  facet normal 0 0 1
    outer loop
      vertex -8.04007 145.742 5
      vertex -22.2045 145.947 5
      vertex -8.03962 145.741 5
    endloop
  endfacet
  facet normal 0 0 1
    outer loop
      vertex -7.84851 101.646 5
      vertex -22 122.777 5
      vertex -7.84928 101.645 5
    endloop
  endfacet
  facet normal 0 0 1
    outer loop
      vertex -8.17796 146.148 5
      vertex -22.2045 145.947 5
      vertex -8.04007 145.742 5
    endloop
  endfacet
  facet normal 0 0 1
    outer loop
      vertex -7.84928 101.645 5
      vertex -22 122.777 5
      vertex -7.84989 101.644 5
    endloop
  endfacet
  facet normal 0 0 1
    outer loop
      vertex -22.2045 145.947 5
      vertex -8.17796 146.148 5
      vertex -22.0513 146.717 5
    endloop
  endfacet
  facet normal 0 0 1
    outer loop
      vertex -7.84989 101.644 5
      vertex -22 122.777 5
      vertex -8.03962 101.259 5
    endloop
  endfacet
  facet normal 0 0 1
    outer loop
      vertex -8.26165 146.569 5
      vertex -22.0513 146.717 5
      vertex -8.17796 146.148 5
    endloop
  endfacet
  facet normal 0 0 1
    outer loop
      vertex -8.03962 101.259 5
      vertex -22 122.777 5
      vertex -8.04007 101.258 5
    endloop
  endfacet
  facet normal 0 0 1
    outer loop
      vertex -8.26192 146.571 5
      vertex -22.0513 146.717 5
      vertex -8.26165 146.569 5
    endloop
  endfacet
  facet normal 0 0 1
    outer loop
      vertex -8.04007 101.258 5
      vertex -22 122.777 5
      vertex -8.17796 100.852 5
    endloop
  endfacet
  facet normal 0 0 1
    outer loop
      vertex -8.26201 146.572 5
      vertex -22.0513 146.717 5
      vertex -8.26192 146.571 5
    endloop
  endfacet
  facet normal 0 0 1
    outer loop
      vertex -8.17796 100.852 5
      vertex -22 122.777 5
      vertex -8.26165 100.431 5
    endloop
  endfacet
  facet normal 0 0 1
    outer loop
      vertex -8.29006 147 5
      vertex -22.0513 146.717 5
      vertex -8.26201 146.572 5
    endloop
  endfacet
  facet normal 0 0 1
    outer loop
      vertex -8.26165 100.431 5
      vertex -22 122.777 5
      vertex -8.26192 100.429 5
    endloop
  endfacet
  facet normal 0 0 1
    outer loop
      vertex -22.0513 146.717 5
      vertex -8.29006 147 5
      vertex -22 147.5 5
    endloop
  endfacet
  facet normal 0 0 1
    outer loop
      vertex -22 85.5 5
      vertex -8.26192 100.429 5
      vertex -22 122.777 5
    endloop
  endfacet
  facet normal 0 0 1
    outer loop
      vertex -1.73808 194.571 5
      vertex 0 201.5 5
      vertex -1.73799 194.572 5
    endloop
  endfacet
  facet normal 0 0 1
    outer loop
      vertex 0 201.5 5
      vertex -1.73799 147.428 5
      vertex -1.70994 147 5
    endloop
  endfacet
  facet normal 0 0 1
    outer loop
      vertex -1.73835 194.569 5
      vertex 0 201.5 5
      vertex -1.73808 194.571 5
    endloop
  endfacet
  facet normal 0 0 1
    outer loop
      vertex 0 201.5 5
      vertex -1.73808 147.429 5
      vertex -1.73799 147.428 5
    endloop
  endfacet
  facet normal 0 0 1
    outer loop
      vertex -1.82204 194.148 5
      vertex 0 201.5 5
      vertex -1.73835 194.569 5
    endloop
  endfacet
  facet normal 0 0 1
    outer loop
      vertex 0 201.5 5
      vertex -1.73835 147.431 5
      vertex -1.73808 147.429 5
    endloop
  endfacet
  facet normal 0 0 1
    outer loop
      vertex -1.82204 147.852 5
      vertex 0 201.5 5
      vertex -1.82204 194.148 5
    endloop
  endfacet
  facet normal 0 0 1
    outer loop
      vertex 0 201.5 5
      vertex -1.82204 147.852 5
      vertex -1.73835 147.431 5
    endloop
  endfacet
  facet normal -0 0 1
    outer loop
      vertex -1.95993 193.742 5
      vertex -1.82204 147.852 5
      vertex -1.82204 194.148 5
    endloop
  endfacet
  facet normal 0 0 1
    outer loop
      vertex -1.95993 193.742 5
      vertex -1.95993 148.258 5
      vertex -1.82204 147.852 5
    endloop
  endfacet
  facet normal -0 0 1
    outer loop
      vertex -1.96038 193.741 5
      vertex -1.95993 148.258 5
      vertex -1.95993 193.742 5
    endloop
  endfacet
  facet normal 0 0 1
    outer loop
      vertex -1.96038 193.741 5
      vertex -1.96038 148.259 5
      vertex -1.95993 148.258 5
    endloop
  endfacet
  facet normal -0 0 1
    outer loop
      vertex -2.15011 193.356 5
      vertex -1.96038 148.259 5
      vertex -1.96038 193.741 5
    endloop
  endfacet
  facet normal 0 0 1
    outer loop
      vertex -2.15011 193.356 5
      vertex -2.15011 148.644 5
      vertex -1.96038 148.259 5
    endloop
  endfacet
  facet normal -0 0 1
    outer loop
      vertex -2.15072 193.355 5
      vertex -2.15011 148.644 5
      vertex -2.15011 193.356 5
    endloop
  endfacet
  facet normal 0 0 1
    outer loop
      vertex -2.15072 193.355 5
      vertex -2.15072 148.645 5
      vertex -2.15011 148.644 5
    endloop
  endfacet
  facet normal -0 0 1
    outer loop
      vertex -2.15149 193.354 5
      vertex -2.15072 148.645 5
      vertex -2.15072 193.355 5
    endloop
  endfacet
  facet normal 0 0 1
    outer loop
      vertex -2.15149 193.354 5
      vertex -2.15149 148.646 5
      vertex -2.15072 148.645 5
    endloop
  endfacet
  facet normal -0 0 1
    outer loop
      vertex -2.38982 192.997 5
      vertex -2.15149 148.646 5
      vertex -2.15149 193.354 5
    endloop
  endfacet
  facet normal 0 0 1
    outer loop
      vertex -2.38982 192.997 5
      vertex -2.38982 149.003 5
      vertex -2.15149 148.646 5
    endloop
  endfacet
  facet normal -0 0 1
    outer loop
      vertex -2.67266 192.675 5
      vertex -2.38982 149.003 5
      vertex -2.38982 192.997 5
    endloop
  endfacet
  facet normal 0 0 1
    outer loop
      vertex -2.67266 192.675 5
      vertex -2.67266 149.325 5
      vertex -2.38982 149.003 5
    endloop
  endfacet
  facet normal -0 0 1
    outer loop
      vertex -2.67357 192.674 5
      vertex -2.67266 149.325 5
      vertex -2.67266 192.675 5
    endloop
  endfacet
  facet normal 0 0 1
    outer loop
      vertex -2.67357 192.674 5
      vertex -2.67357 149.326 5
      vertex -2.67266 149.325 5
    endloop
  endfacet
  facet normal -0 0 1
    outer loop
      vertex -2.67461 192.673 5
      vertex -2.67357 149.326 5
      vertex -2.67357 192.674 5
    endloop
  endfacet
  facet normal 0 0 1
    outer loop
      vertex -2.67461 192.673 5
      vertex -2.67461 149.327 5
      vertex -2.67357 149.326 5
    endloop
  endfacet
  facet normal -0 0 1
    outer loop
      vertex -2.99714 192.39 5
      vertex -2.67461 149.327 5
      vertex -2.67461 192.673 5
    endloop
  endfacet
  facet normal 0 0 1
    outer loop
      vertex -2.99714 192.39 5
      vertex -2.99714 149.61 5
      vertex -2.67461 149.327 5
    endloop
  endfacet
  facet normal -0 0 1
    outer loop
      vertex -3.35382 192.151 5
      vertex -2.99714 149.61 5
      vertex -2.99714 192.39 5
    endloop
  endfacet
  facet normal 0 0 1
    outer loop
      vertex -3.35382 192.151 5
      vertex -3.35382 149.849 5
      vertex -2.99714 149.61 5
    endloop
  endfacet
  facet normal -0 0 1
    outer loop
      vertex -3.35497 192.151 5
      vertex -3.35382 149.849 5
      vertex -3.35382 192.151 5
    endloop
  endfacet
  facet normal 0 0 1
    outer loop
      vertex -3.35497 192.151 5
      vertex -3.35497 149.849 5
      vertex -3.35382 149.849 5
    endloop
  endfacet
  facet normal -0 0 1
    outer loop
      vertex -3.35621 192.15 5
      vertex -3.35497 149.849 5
      vertex -3.35497 192.151 5
    endloop
  endfacet
  facet normal 0 0 1
    outer loop
      vertex -3.35621 192.15 5
      vertex -3.35621 149.85 5
      vertex -3.35497 149.849 5
    endloop
  endfacet
  facet normal -0 0 1
    outer loop
      vertex -3.74095 191.96 5
      vertex -3.35621 149.85 5
      vertex -3.35621 192.15 5
    endloop
  endfacet
  facet normal 0 0 1
    outer loop
      vertex -3.74095 191.96 5
      vertex -3.74095 150.04 5
      vertex -3.35621 149.85 5
    endloop
  endfacet
  facet normal -0 0 1
    outer loop
      vertex -3.74226 191.96 5
      vertex -3.74095 150.04 5
      vertex -3.74095 191.96 5
    endloop
  endfacet
  facet normal 0 0 1
    outer loop
      vertex -3.74226 191.96 5
      vertex -3.74226 150.04 5
      vertex -3.74095 150.04 5
    endloop
  endfacet
  facet normal -0 0 1
    outer loop
      vertex -4.14847 191.822 5
      vertex -3.74226 150.04 5
      vertex -3.74226 191.96 5
    endloop
  endfacet
  facet normal 0 0 1
    outer loop
      vertex -4.14847 191.822 5
      vertex -4.14847 150.178 5
      vertex -3.74226 150.04 5
    endloop
  endfacet
  facet normal -0 0 1
    outer loop
      vertex -4.56921 191.738 5
      vertex -4.14847 150.178 5
      vertex -4.14847 191.822 5
    endloop
  endfacet
  facet normal 0 0 1
    outer loop
      vertex -4.56921 191.738 5
      vertex -4.56921 150.262 5
      vertex -4.14847 150.178 5
    endloop
  endfacet
  facet normal -0 0 1
    outer loop
      vertex -4.57056 191.738 5
      vertex -4.56921 150.262 5
      vertex -4.56921 191.738 5
    endloop
  endfacet
  facet normal 0 0 1
    outer loop
      vertex -4.57056 191.738 5
      vertex -4.57056 150.262 5
      vertex -4.56921 150.262 5
    endloop
  endfacet
  facet normal -0 0 1
    outer loop
      vertex -4.57194 191.738 5
      vertex -4.57056 150.262 5
      vertex -4.57056 191.738 5
    endloop
  endfacet
  facet normal 0 0 1
    outer loop
      vertex -4.57194 191.738 5
      vertex -4.57194 150.262 5
      vertex -4.57056 150.262 5
    endloop
  endfacet
  facet normal -0 0 1
    outer loop
      vertex -5 191.71 5
      vertex -4.57194 150.262 5
      vertex -4.57194 191.738 5
    endloop
  endfacet
  facet normal 0 0 1
    outer loop
      vertex -5 191.71 5
      vertex -5 150.29 5
      vertex -4.57194 150.262 5
    endloop
  endfacet
  facet normal 0 0 1
    outer loop
      vertex -22 183.268 5
      vertex -5 191.71 5
      vertex -5.42806 191.738 5
    endloop
  endfacet
  facet normal 0 0 1
    outer loop
      vertex -5 191.71 5
      vertex -22 183.268 5
      vertex -5 150.29 5
    endloop
  endfacet
  facet normal 0 0 1
    outer loop
      vertex -22 183.268 5
      vertex -5.42806 191.738 5
      vertex -5.42944 191.738 5
    endloop
  endfacet
  facet normal 0 0 1
    outer loop
      vertex -5 150.29 5
      vertex -22 183.268 5
      vertex -5.42806 150.262 5
    endloop
  endfacet
  facet normal 0 0 1
    outer loop
      vertex -22 183.268 5
      vertex -5.42944 191.738 5
      vertex -5.43079 191.738 5
    endloop
  endfacet
  facet normal 0 0 1
    outer loop
      vertex -5.42806 150.262 5
      vertex -22 183.268 5
      vertex -5.42944 150.262 5
    endloop
  endfacet
  facet normal 0 0 1
    outer loop
      vertex -22 183.268 5
      vertex -5.43079 191.738 5
      vertex -5.85153 191.822 5
    endloop
  endfacet
  facet normal 0 0 1
    outer loop
      vertex -5.42944 150.262 5
      vertex -22 183.268 5
      vertex -5.43079 150.262 5
    endloop
  endfacet
  facet normal 0 0 1
    outer loop
      vertex -22 183.268 5
      vertex -5.85153 191.822 5
      vertex -6.25774 191.96 5
    endloop
  endfacet
  facet normal 0 0 1
    outer loop
      vertex -5.43079 150.262 5
      vertex -22 183.268 5
      vertex -5.85153 150.178 5
    endloop
  endfacet
  facet normal 0 0 1
    outer loop
      vertex -22 183.268 5
      vertex -6.25774 191.96 5
      vertex -6.25905 191.96 5
    endloop
  endfacet
  facet normal 0 0 1
    outer loop
      vertex -5.85153 150.178 5
      vertex -22 183.268 5
      vertex -6.25774 150.04 5
    endloop
  endfacet
  facet normal 0 0 1
    outer loop
      vertex -22 183.268 5
      vertex -6.25905 191.96 5
      vertex -6.64379 192.15 5
    endloop
  endfacet
  facet normal 0 0 1
    outer loop
      vertex -6.25774 150.04 5
      vertex -22 183.268 5
      vertex -6.25905 150.04 5
    endloop
  endfacet
  facet normal 0 0 1
    outer loop
      vertex -22 183.268 5
      vertex -6.64379 192.15 5
      vertex -6.64503 192.151 5
    endloop
  endfacet
  facet normal 0 0 1
    outer loop
      vertex -6.25905 150.04 5
      vertex -22 183.268 5
      vertex -6.64379 149.85 5
    endloop
  endfacet
  facet normal 0 0 1
    outer loop
      vertex -22 183.268 5
      vertex -6.64503 192.151 5
      vertex -6.64618 192.151 5
    endloop
  endfacet
  facet normal 0 0 1
    outer loop
      vertex -6.64379 149.85 5
      vertex -22 183.268 5
      vertex -6.64503 149.849 5
    endloop
  endfacet
  facet normal 0 0 1
    outer loop
      vertex -22 183.268 5
      vertex -6.64618 192.151 5
      vertex -7.00286 192.39 5
    endloop
  endfacet
  facet normal 0 0 1
    outer loop
      vertex -6.64503 149.849 5
      vertex -22 183.268 5
      vertex -6.64618 149.849 5
    endloop
  endfacet
  facet normal 0 0 1
    outer loop
      vertex -22.0513 184.052 5
      vertex -7.00286 192.39 5
      vertex -7.32539 192.673 5
    endloop
  endfacet
  facet normal 0 0 1
    outer loop
      vertex -22 147.5 5
      vertex -6.64618 149.849 5
      vertex -22 183.268 5
    endloop
  endfacet
  facet normal 0 0 1
    outer loop
      vertex -22.0513 184.052 5
      vertex -7.32539 192.673 5
      vertex -7.32643 192.674 5
    endloop
  endfacet
  facet normal 0 0 1
    outer loop
      vertex -6.64618 149.849 5
      vertex -22 147.5 5
      vertex -7.00286 149.61 5
    endloop
  endfacet
  facet normal 0 0 1
    outer loop
      vertex -22.2045 184.821 5
      vertex -7.32643 192.674 5
      vertex -7.32734 192.675 5
    endloop
  endfacet
  facet normal 0 0 1
    outer loop
      vertex -7.00286 149.61 5
      vertex -22 147.5 5
      vertex -7.32539 149.327 5
    endloop
  endfacet
  facet normal 0 0 1
    outer loop
      vertex -22.2045 184.821 5
      vertex -7.32734 192.675 5
      vertex -7.61018 192.997 5
    endloop
  endfacet
  facet normal 0 0 1
    outer loop
      vertex -7.32539 149.327 5
      vertex -22 147.5 5
      vertex -7.32643 149.326 5
    endloop
  endfacet
  facet normal 0 0 1
    outer loop
      vertex -22.4567 185.565 5
      vertex -7.61018 192.997 5
      vertex -7.84851 193.354 5
    endloop
  endfacet
  facet normal 0 0 1
    outer loop
      vertex -7.32643 149.326 5
      vertex -22 147.5 5
      vertex -7.32734 149.325 5
    endloop
  endfacet
  facet normal 0 0 1
    outer loop
      vertex -22.4567 185.565 5
      vertex -7.84851 193.354 5
      vertex -7.84928 193.355 5
    endloop
  endfacet
  facet normal 0 0 1
    outer loop
      vertex -7.32734 149.325 5
      vertex -22 147.5 5
      vertex -7.61018 149.003 5
    endloop
  endfacet
  facet normal 0 0 1
    outer loop
      vertex -22.8038 186.268 5
      vertex -7.84928 193.355 5
      vertex -7.84989 193.356 5
    endloop
  endfacet
  facet normal 0 0 1
    outer loop
      vertex -7.61018 149.003 5
      vertex -22 147.5 5
      vertex -7.84851 148.646 5
    endloop
  endfacet
  facet normal 0 0 1
    outer loop
      vertex -22.8038 186.268 5
      vertex -7.84989 193.356 5
      vertex -8.03962 193.741 5
    endloop
  endfacet
  facet normal 0 0 1
    outer loop
      vertex -7.84851 148.646 5
      vertex -22 147.5 5
      vertex -7.84928 148.645 5
    endloop
  endfacet
  facet normal 0 0 1
    outer loop
      vertex -22.8038 186.268 5
      vertex -8.03962 193.741 5
      vertex -8.04007 193.742 5
    endloop
  endfacet
  facet normal 0 0 1
    outer loop
      vertex -7.84928 148.645 5
      vertex -22 147.5 5
      vertex -7.84989 148.644 5
    endloop
  endfacet
  facet normal 0 0 1
    outer loop
      vertex -22.8038 186.268 5
      vertex -8.04007 193.742 5
      vertex -8.17796 194.148 5
    endloop
  endfacet
  facet normal 0 0 1
    outer loop
      vertex -7.84989 148.644 5
      vertex -22 147.5 5
      vertex -8.03962 148.259 5
    endloop
  endfacet
  facet normal 0 0 1
    outer loop
      vertex -23.2399 186.921 5
      vertex -8.17796 194.148 5
      vertex -8.26165 194.569 5
    endloop
  endfacet
  facet normal 0 0 1
    outer loop
      vertex -8.03962 148.259 5
      vertex -22 147.5 5
      vertex -8.04007 148.258 5
    endloop
  endfacet
  facet normal 0 0 1
    outer loop
      vertex -23.2399 186.921 5
      vertex -8.26165 194.569 5
      vertex -8.26192 194.571 5
    endloop
  endfacet
  facet normal 0 0 1
    outer loop
      vertex -8.04007 148.258 5
      vertex -22 147.5 5
      vertex -8.17796 147.852 5
    endloop
  endfacet
  facet normal 0 0 1
    outer loop
      vertex -23.7574 187.511 5
      vertex -8.26192 194.571 5
      vertex -8.26201 194.572 5
    endloop
  endfacet
  facet normal 0 0 1
    outer loop
      vertex -8.17796 147.852 5
      vertex -22 147.5 5
      vertex -8.26165 147.431 5
    endloop
  endfacet
  facet normal 0 0 1
    outer loop
      vertex -23.7574 187.511 5
      vertex -8.26201 194.572 5
      vertex -8.29006 195 5
    endloop
  endfacet
  facet normal 0 0 1
    outer loop
      vertex -8.26165 147.431 5
      vertex -22 147.5 5
      vertex -8.26192 147.429 5
    endloop
  endfacet
  facet normal 0 0 1
    outer loop
      vertex -1.73799 194.572 5
      vertex 0 201.5 5
      vertex -1.70994 195 5
    endloop
  endfacet
  facet normal 0 0 1
    outer loop
      vertex 0 201.5 5
      vertex -1.73799 195.428 5
      vertex -1.70994 195 5
    endloop
  endfacet
  facet normal 0 0 1
    outer loop
      vertex 0 201.5 5
      vertex -1.73808 195.429 5
      vertex -1.73799 195.428 5
    endloop
  endfacet
  facet normal 0 0 1
    outer loop
      vertex 0 201.5 5
      vertex -1.73835 195.431 5
      vertex -1.73808 195.429 5
    endloop
  endfacet
  facet normal 0 0 1
    outer loop
      vertex 0 201.5 5
      vertex -1.82204 195.852 5
      vertex -1.73835 195.431 5
    endloop
  endfacet
  facet normal 0 0 1
    outer loop
      vertex 0 201.5 5
      vertex -1.95993 196.258 5
      vertex -1.82204 195.852 5
    endloop
  endfacet
  facet normal 0 0 1
    outer loop
      vertex 0 201.5 5
      vertex -1.96038 196.259 5
      vertex -1.95993 196.258 5
    endloop
  endfacet
  facet normal 0 0 1
    outer loop
      vertex 0 201.5 5
      vertex -2.15011 196.644 5
      vertex -1.96038 196.259 5
    endloop
  endfacet
  facet normal 0 0 1
    outer loop
      vertex 0 201.5 5
      vertex -2.15072 196.645 5
      vertex -2.15011 196.644 5
    endloop
  endfacet
  facet normal 0 0 1
    outer loop
      vertex 0 201.5 5
      vertex -2.15149 196.646 5
      vertex -2.15072 196.645 5
    endloop
  endfacet
  facet normal 0 0 1
    outer loop
      vertex 0 201.5 5
      vertex -2.38982 197.003 5
      vertex -2.15149 196.646 5
    endloop
  endfacet
  facet normal 0 0 1
    outer loop
      vertex 0 201.5 5
      vertex -2.67266 197.325 5
      vertex -2.38982 197.003 5
    endloop
  endfacet
  facet normal 0 0 1
    outer loop
      vertex 0 201.5 5
      vertex -2.67357 197.326 5
      vertex -2.67266 197.325 5
    endloop
  endfacet
  facet normal 0 0 1
    outer loop
      vertex 0 201.5 5
      vertex -2.67461 197.327 5
      vertex -2.67357 197.326 5
    endloop
  endfacet
  facet normal 0 0 1
    outer loop
      vertex 0 201.5 5
      vertex -2.99714 197.61 5
      vertex -2.67461 197.327 5
    endloop
  endfacet
  facet normal 0 0 1
    outer loop
      vertex 0 201.5 5
      vertex -3.35382 197.849 5
      vertex -2.99714 197.61 5
    endloop
  endfacet
  facet normal 0 0 1
    outer loop
      vertex 0 201.5 5
      vertex -3.35497 197.849 5
      vertex -3.35382 197.849 5
    endloop
  endfacet
  facet normal 0 0 1
    outer loop
      vertex 0 201.5 5
      vertex -3.35621 197.85 5
      vertex -3.35497 197.849 5
    endloop
  endfacet
  facet normal 0 0 1
    outer loop
      vertex 0 201.5 5
      vertex -3.74095 198.04 5
      vertex -3.35621 197.85 5
    endloop
  endfacet
  facet normal 0 0 1
    outer loop
      vertex 0 201.5 5
      vertex -3.74226 198.04 5
      vertex -3.74095 198.04 5
    endloop
  endfacet
  facet normal 0 0 1
    outer loop
      vertex 0 201.5 5
      vertex -4.14847 198.178 5
      vertex -3.74226 198.04 5
    endloop
  endfacet
  facet normal 0 0 1
    outer loop
      vertex 0 201.5 5
      vertex -4.56921 198.262 5
      vertex -4.14847 198.178 5
    endloop
  endfacet
  facet normal 0 0 1
    outer loop
      vertex 0 201.5 5
      vertex -4.57056 198.262 5
      vertex -4.56921 198.262 5
    endloop
  endfacet
  facet normal 0 0 1
    outer loop
      vertex 0 201.5 5
      vertex -4.57194 198.262 5
      vertex -4.57056 198.262 5
    endloop
  endfacet
  facet normal 0 0 1
    outer loop
      vertex 0 201.5 5
      vertex -5 198.29 5
      vertex -4.57194 198.262 5
    endloop
  endfacet
  facet normal 0 0 1
    outer loop
      vertex 0 201.5 5
      vertex -5.42806 198.262 5
      vertex -5 198.29 5
    endloop
  endfacet
  facet normal 0 0 1
    outer loop
      vertex 0 201.5 5
      vertex -5.42944 198.262 5
      vertex -5.42806 198.262 5
    endloop
  endfacet
  facet normal 0 0 1
    outer loop
      vertex 0 201.5 5
      vertex -5.43079 198.262 5
      vertex -5.42944 198.262 5
    endloop
  endfacet
  facet normal 0 0 1
    outer loop
      vertex 0 201.5 5
      vertex -5.85153 198.178 5
      vertex -5.43079 198.262 5
    endloop
  endfacet
  facet normal 0 0 1
    outer loop
      vertex 0 201.5 5
      vertex -6.25774 198.04 5
      vertex -5.85153 198.178 5
    endloop
  endfacet
  facet normal 0 0 1
    outer loop
      vertex 0 201.5 5
      vertex -6.25905 198.04 5
      vertex -6.25774 198.04 5
    endloop
  endfacet
  facet normal -0 0 1
    outer loop
      vertex -60 201.5 5
      vertex -6.25905 198.04 5
      vertex 0 201.5 5
    endloop
  endfacet
  facet normal 0 0 1
    outer loop
      vertex -6.25905 198.04 5
      vertex -60 201.5 5
      vertex -6.64379 197.85 5
    endloop
  endfacet
  facet normal 0 0 -1
    outer loop
      vertex -7.00286 197.61 5
      vertex -7.32643 197.326 5
      vertex -7.32539 197.327 5
    endloop
  endfacet
  facet normal 0 0 1
    outer loop
      vertex -26.4471 189.064 5
      vertex -7.84851 196.646 5
      vertex -7.61018 197.003 5
    endloop
  endfacet
  facet normal 0 0 1
    outer loop
      vertex -25 188.465 5
      vertex -8.26165 195.431 5
      vertex -8.17796 195.852 5
    endloop
  endfacet
  facet normal 0 0 1
    outer loop
      vertex -24.3474 188.029 5
      vertex -8.26201 195.428 5
      vertex -8.26192 195.429 5
    endloop
  endfacet
  facet normal 0 0 1
    outer loop
      vertex -8.26192 147.429 5
      vertex -22 147.5 5
      vertex -8.26201 147.428 5
    endloop
  endfacet
  facet normal 0 0 1
    outer loop
      vertex -7.84928 145.355 5
      vertex -22.8038 144.5 5
      vertex -7.84851 145.354 5
    endloop
  endfacet
  facet normal 0 0 1
    outer loop
      vertex -8.26201 147.428 5
      vertex -22 147.5 5
      vertex -8.29006 147 5
    endloop
  endfacet
  facet normal 0 0 1
    outer loop
      vertex -8.26201 195.428 5
      vertex -24.3474 188.029 5
      vertex -8.29006 195 5
    endloop
  endfacet
  facet normal 0 0 1
    outer loop
      vertex -8.26165 195.431 5
      vertex -25 188.465 5
      vertex -8.26192 195.429 5
    endloop
  endfacet
  facet normal 0 0 1
    outer loop
      vertex -25.7039 188.812 5
      vertex -8.17796 195.852 5
      vertex -8.04007 196.258 5
    endloop
  endfacet
  facet normal 0 0 1
    outer loop
      vertex -25.7039 188.812 5
      vertex -8.04007 196.258 5
      vertex -8.03962 196.259 5
    endloop
  endfacet
  facet normal 0 0 1
    outer loop
      vertex -25.7039 188.812 5
      vertex -8.03962 196.259 5
      vertex -7.84989 196.644 5
    endloop
  endfacet
  facet normal 0 0 1
    outer loop
      vertex -26.4471 189.064 5
      vertex -7.84989 196.644 5
      vertex -7.84928 196.645 5
    endloop
  endfacet
  facet normal 0 0 1
    outer loop
      vertex -7.84851 196.646 5
      vertex -26.4471 189.064 5
      vertex -7.84928 196.645 5
    endloop
  endfacet
  facet normal 0 0 1
    outer loop
      vertex -27.2168 189.217 5
      vertex -7.61018 197.003 5
      vertex -7.32734 197.325 5
    endloop
  endfacet
  facet normal 0 0 1
    outer loop
      vertex -27.2168 189.217 5
      vertex -7.32734 197.325 5
      vertex -7.32643 197.326 5
    endloop
  endfacet
  facet normal 0 0 1
    outer loop
      vertex -7.00286 192.39 5
      vertex -22.0513 184.052 5
      vertex -22 183.268 5
    endloop
  endfacet
  facet normal 0 0 1
    outer loop
      vertex -7.32643 192.674 5
      vertex -22.2045 184.821 5
      vertex -22.0513 184.052 5
    endloop
  endfacet
  facet normal 0 0 1
    outer loop
      vertex -28 189.268 5
      vertex -7.32643 197.326 5
      vertex -7.00286 197.61 5
    endloop
  endfacet
  facet normal 0 0 1
    outer loop
      vertex -7.61018 192.997 5
      vertex -22.4567 185.565 5
      vertex -22.2045 184.821 5
    endloop
  endfacet
  facet normal 0 0 1
    outer loop
      vertex -7.84928 193.355 5
      vertex -22.8038 186.268 5
      vertex -22.4567 185.565 5
    endloop
  endfacet
  facet normal 0 0 1
    outer loop
      vertex -8.17796 194.148 5
      vertex -23.2399 186.921 5
      vertex -22.8038 186.268 5
    endloop
  endfacet
  facet normal 0 0 1
    outer loop
      vertex -60 201.5 5
      vertex -7.00286 197.61 5
      vertex -6.64618 197.849 5
    endloop
  endfacet
  facet normal 0 0 1
    outer loop
      vertex -60 201.5 5
      vertex -6.64618 197.849 5
      vertex -6.64503 197.849 5
    endloop
  endfacet
  facet normal 0 0 1
    outer loop
      vertex -8.26192 194.571 5
      vertex -23.7574 187.511 5
      vertex -23.2399 186.921 5
    endloop
  endfacet
  facet normal 0 0 1
    outer loop
      vertex -8.29006 195 5
      vertex -24.3474 188.029 5
      vertex -23.7574 187.511 5
    endloop
  endfacet
  facet normal 0 0 1
    outer loop
      vertex -8.26192 195.429 5
      vertex -25 188.465 5
      vertex -24.3474 188.029 5
    endloop
  endfacet
  facet normal 0 0 1
    outer loop
      vertex -6.64379 197.85 5
      vertex -60 201.5 5
      vertex -6.64503 197.849 5
    endloop
  endfacet
  facet normal 0 0 1
    outer loop
      vertex -8.17796 195.852 5
      vertex -25.7039 188.812 5
      vertex -25 188.465 5
    endloop
  endfacet
  facet normal 0 0 1
    outer loop
      vertex -7.84989 196.644 5
      vertex -26.4471 189.064 5
      vertex -25.7039 188.812 5
    endloop
  endfacet
  facet normal 0 0 1
    outer loop
      vertex -7.61018 197.003 5
      vertex -27.2168 189.217 5
      vertex -26.4471 189.064 5
    endloop
  endfacet
  facet normal 0 0 1
    outer loop
      vertex -7.32643 197.326 5
      vertex -28 189.268 5
      vertex -27.2168 189.217 5
    endloop
  endfacet
  facet normal 0 0 1
    outer loop
      vertex -7.00286 197.61 5
      vertex -60 201.5 5
      vertex -28.7832 189.217 5
    endloop
  endfacet
  facet normal 0 0 1
    outer loop
      vertex -7.00286 197.61 5
      vertex -28.7832 189.217 5
      vertex -28 189.268 5
    endloop
  endfacet
  facet normal 0 0 1
    outer loop
      vertex -28.7832 189.217 5
      vertex -60 201.5 5
      vertex -29.5529 189.064 5
    endloop
  endfacet
  facet normal 0 0 1
    outer loop
      vertex -29.5529 189.064 5
      vertex -60 201.5 5
      vertex -30.2961 188.812 5
    endloop
  endfacet
  facet normal 0 0 1
    outer loop
      vertex -60 201.5 5
      vertex -31 188.465 5
      vertex -30.2961 188.812 5
    endloop
  endfacet
  facet normal 0 0 1
    outer loop
      vertex -60 201.5 5
      vertex -31.745 187.956 5
      vertex -31 188.465 5
    endloop
  endfacet
  facet normal 0 0 1
    outer loop
      vertex -60 201.5 5
      vertex -76.5177 152.188 5
      vertex -31.745 187.956 5
    endloop
  endfacet
  facet normal 0 0 1
    outer loop
      vertex -60 201.5 5
      vertex -77.0975 151.659 5
      vertex -76.5177 152.188 5
    endloop
  endfacet
  facet normal 0 0 1
    outer loop
      vertex -105.763 132.296 5
      vertex -77.0975 151.659 5
      vertex -60 201.5 5
    endloop
  endfacet
  facet normal 0 0 1
    outer loop
      vertex -77.0975 151.659 5
      vertex -105.763 132.296 5
      vertex -77.6034 151.059 5
    endloop
  endfacet
  facet normal 0 -0 1
    outer loop
      vertex -104.993 132.449 5
      vertex -77.6034 151.059 5
      vertex -105.763 132.296 5
    endloop
  endfacet
  facet normal 0 0 1
    outer loop
      vertex -78.7355 148.167 5
      vertex -104.21 132.5 5
      vertex -78.7716 147.383 5
    endloop
  endfacet
  facet normal 0 0 1
    outer loop
      vertex -78.5975 148.939 5
      vertex -104.21 132.5 5
      vertex -78.7355 148.167 5
    endloop
  endfacet
  facet normal 0 0 1
    outer loop
      vertex -78.3598 149.687 5
      vertex -104.21 132.5 5
      vertex -78.5975 148.939 5
    endloop
  endfacet
  facet normal 0 0 1
    outer loop
      vertex -77.6034 151.059 5
      vertex -104.993 132.449 5
      vertex -78.0266 150.398 5
    endloop
  endfacet
  facet normal 0 0 1
    outer loop
      vertex -78.0266 150.398 5
      vertex -104.21 132.5 5
      vertex -78.3598 149.687 5
    endloop
  endfacet
  facet normal 0 -0 1
    outer loop
      vertex -104.21 132.5 5
      vertex -78.0266 150.398 5
      vertex -104.993 132.449 5
    endloop
  endfacet
  facet normal 0 0 1
    outer loop
      vertex -60 201.5 5
      vertex -106.506 132.043 5
      vertex -105.763 132.296 5
    endloop
  endfacet
  facet normal 0 0 1
    outer loop
      vertex -60 201.5 5
      vertex -107.21 131.696 5
      vertex -106.506 132.043 5
    endloop
  endfacet
  facet normal 0 0 1
    outer loop
      vertex -60 201.5 5
      vertex -107.863 131.26 5
      vertex -107.21 131.696 5
    endloop
  endfacet
  facet normal 0 0 1
    outer loop
      vertex -60 201.5 5
      vertex -108.637 130.55 5
      vertex -107.863 131.26 5
    endloop
  endfacet
  facet normal 0 0 1
    outer loop
      vertex -60 201.5 5
      vertex -132.1 104.9 5
      vertex -108.637 130.55 5
    endloop
  endfacet
  facet normal 0 0 1
    outer loop
      vertex -221.45 25 5
      vertex -132.1 104.9 5
      vertex -60 201.5 5
    endloop
  endfacet
  facet normal 0 0 1
    outer loop
      vertex -161.707 70.4487 5
      vertex -133.667 100.584 5
      vertex -133.65 101.368 5
    endloop
  endfacet
  facet normal 0 0 1
    outer loop
      vertex -162.476 70.2955 5
      vertex -133.65 101.368 5
      vertex -133.531 102.144 5
    endloop
  endfacet
  facet normal 0 0 1
    outer loop
      vertex -163.22 70.0433 5
      vertex -133.531 102.144 5
      vertex -133.313 102.898 5
    endloop
  endfacet
  facet normal 0 0 1
    outer loop
      vertex -163.923 69.6962 5
      vertex -133.313 102.898 5
      vertex -132.997 103.616 5
    endloop
  endfacet
  facet normal 0 0 1
    outer loop
      vertex -164.576 69.2601 5
      vertex -132.997 103.616 5
      vertex -132.59 104.288 5
    endloop
  endfacet
  facet normal 0 0 1
    outer loop
      vertex -132.1 104.9 5
      vertex -221.45 25 5
      vertex -132.59 104.288 5
    endloop
  endfacet
  facet normal 0 0 1
    outer loop
      vertex -133.667 100.584 5
      vertex -161.707 70.4487 5
      vertex -160.923 70.5 5
    endloop
  endfacet
  facet normal 0 0 1
    outer loop
      vertex -133.65 101.368 5
      vertex -162.476 70.2955 5
      vertex -161.707 70.4487 5
    endloop
  endfacet
  facet normal 0 0 1
    outer loop
      vertex -133.531 102.144 5
      vertex -163.22 70.0433 5
      vertex -162.476 70.2955 5
    endloop
  endfacet
  facet normal 0 0 1
    outer loop
      vertex -133.313 102.898 5
      vertex -163.923 69.6962 5
      vertex -163.22 70.0433 5
    endloop
  endfacet
  facet normal 0 0 1
    outer loop
      vertex -132.997 103.616 5
      vertex -164.576 69.2601 5
      vertex -163.923 69.6962 5
    endloop
  endfacet
  facet normal 0 -0 1
    outer loop
      vertex -165.351 68.5497 5
      vertex -132.59 104.288 5
      vertex -221.45 25 5
    endloop
  endfacet
  facet normal 0 0 1
    outer loop
      vertex -132.59 104.288 5
      vertex -165.351 68.5497 5
      vertex -164.576 69.2601 5
    endloop
  endfacet
  facet normal 0 0 1
    outer loop
      vertex -221.45 25 5
      vertex -187.075 42.1968 5
      vertex -187.058 42.9814 5
    endloop
  endfacet
  facet normal 0 0 1
    outer loop
      vertex -221.45 25 5
      vertex -187.058 42.9814 5
      vertex -186.94 43.7572 5
    endloop
  endfacet
  facet normal 0 0 1
    outer loop
      vertex -221.45 25 5
      vertex -186.94 43.7572 5
      vertex -186.721 44.5109 5
    endloop
  endfacet
  facet normal 0 0 1
    outer loop
      vertex -221.45 25 5
      vertex -186.721 44.5109 5
      vertex -186.405 45.2296 5
    endloop
  endfacet
  facet normal 0 0 1
    outer loop
      vertex -221.45 25 5
      vertex -186.405 45.2296 5
      vertex -185.999 45.9009 5
    endloop
  endfacet
  facet normal 0 0 1
    outer loop
      vertex -187.075 42.1968 5
      vertex -214.188 1.42806 5
      vertex -214.16 1 5
    endloop
  endfacet
  facet normal 0 0 1
    outer loop
      vertex -187.075 42.1968 5
      vertex -214.188 1.42944 5
      vertex -214.188 1.42806 5
    endloop
  endfacet
  facet normal 0 0 1
    outer loop
      vertex -187.075 42.1968 5
      vertex -214.188 1.43079 5
      vertex -214.188 1.42944 5
    endloop
  endfacet
  facet normal 0 0 1
    outer loop
      vertex -187.075 42.1968 5
      vertex -214.272 1.85153 5
      vertex -214.188 1.43079 5
    endloop
  endfacet
  facet normal 0 0 1
    outer loop
      vertex -187.075 42.1968 5
      vertex -214.41 2.25774 5
      vertex -214.272 1.85153 5
    endloop
  endfacet
  facet normal 0 0 1
    outer loop
      vertex -187.075 42.1968 5
      vertex -214.41 2.25905 5
      vertex -214.41 2.25774 5
    endloop
  endfacet
  facet normal 0 0 1
    outer loop
      vertex -187.075 42.1968 5
      vertex -214.6 2.64379 5
      vertex -214.41 2.25905 5
    endloop
  endfacet
  facet normal 0 0 1
    outer loop
      vertex -187.075 42.1968 5
      vertex -214.601 2.64503 5
      vertex -214.6 2.64379 5
    endloop
  endfacet
  facet normal 0 0 1
    outer loop
      vertex -187.075 42.1968 5
      vertex -214.601 2.64618 5
      vertex -214.601 2.64503 5
    endloop
  endfacet
  facet normal 0 0 1
    outer loop
      vertex -187.075 42.1968 5
      vertex -214.84 3.00286 5
      vertex -214.601 2.64618 5
    endloop
  endfacet
  facet normal 0 0 1
    outer loop
      vertex -187.075 42.1968 5
      vertex -215.123 3.32539 5
      vertex -214.84 3.00286 5
    endloop
  endfacet
  facet normal 0 0 1
    outer loop
      vertex -187.075 42.1968 5
      vertex -215.124 3.32643 5
      vertex -215.123 3.32539 5
    endloop
  endfacet
  facet normal 0 0 1
    outer loop
      vertex -187.075 42.1968 5
      vertex -221.45 25 5
      vertex -215.124 3.32643 5
    endloop
  endfacet
  facet normal 0 0 1
    outer loop
      vertex -215.124 3.32643 5
      vertex -221.45 25 5
      vertex -215.125 3.32734 5
    endloop
  endfacet
  facet normal 0 0 1
    outer loop
      vertex -215.125 3.32734 5
      vertex -221.45 25 5
      vertex -215.447 3.61018 5
    endloop
  endfacet
  facet normal 0 0 1
    outer loop
      vertex -215.447 3.61018 5
      vertex -221.45 25 5
      vertex -215.804 3.84851 5
    endloop
  endfacet
  facet normal 0 0 1
    outer loop
      vertex -215.804 3.84851 5
      vertex -221.45 25 5
      vertex -215.805 3.84928 5
    endloop
  endfacet
  facet normal 0 0 1
    outer loop
      vertex -215.805 3.84928 5
      vertex -221.45 25 5
      vertex -215.806 3.84989 5
    endloop
  endfacet
  facet normal 0 0 1
    outer loop
      vertex -215.806 3.84989 5
      vertex -221.45 25 5
      vertex -216.191 4.03962 5
    endloop
  endfacet
  facet normal 0 0 1
    outer loop
      vertex -216.191 4.03962 5
      vertex -221.45 25 5
      vertex -216.192 4.04007 5
    endloop
  endfacet
  facet normal 0 0 1
    outer loop
      vertex -216.192 4.04007 5
      vertex -221.45 25 5
      vertex -216.598 4.17796 5
    endloop
  endfacet
  facet normal 0 0 1
    outer loop
      vertex -216.598 4.17796 5
      vertex -221.45 25 5
      vertex -217.019 4.26165 5
    endloop
  endfacet
  facet normal 0 0 1
    outer loop
      vertex -217.019 4.26165 5
      vertex -221.45 25 5
      vertex -217.021 4.26192 5
    endloop
  endfacet
  facet normal 0 0 1
    outer loop
      vertex -217.021 4.26192 5
      vertex -221.45 25 5
      vertex -217.022 4.26201 5
    endloop
  endfacet
  facet normal 0 0 1
    outer loop
      vertex -217.022 4.26201 5
      vertex -221.45 25 5
      vertex -217.45 4.29006 5
    endloop
  endfacet
  facet normal 0 0 1
    outer loop
      vertex -217.45 4.29006 5
      vertex -221.45 25 5
      vertex -217.878 4.26201 5
    endloop
  endfacet
  facet normal 0 0 1
    outer loop
      vertex -217.878 4.26201 5
      vertex -221.45 25 5
      vertex -217.879 4.26192 5
    endloop
  endfacet
  facet normal 0 0 1
    outer loop
      vertex -217.879 4.26192 5
      vertex -221.45 25 5
      vertex -217.881 4.26165 5
    endloop
  endfacet
  facet normal 0 0 1
    outer loop
      vertex -217.881 4.26165 5
      vertex -221.45 25 5
      vertex -218.302 4.17796 5
    endloop
  endfacet
  facet normal 0 0 1
    outer loop
      vertex -218.302 4.17796 5
      vertex -221.45 25 5
      vertex -218.708 4.04007 5
    endloop
  endfacet
  facet normal 0 0 1
    outer loop
      vertex -218.708 4.04007 5
      vertex -221.45 25 5
      vertex -218.709 4.03962 5
    endloop
  endfacet
  facet normal 0 0 1
    outer loop
      vertex -218.709 4.03962 5
      vertex -221.45 25 5
      vertex -219.094 3.84989 5
    endloop
  endfacet
  facet normal 0 0 1
    outer loop
      vertex -219.094 3.84989 5
      vertex -221.45 25 5
      vertex -219.095 3.84928 5
    endloop
  endfacet
  facet normal 0 0 1
    outer loop
      vertex -219.095 3.84928 5
      vertex -221.45 25 5
      vertex -219.096 3.84851 5
    endloop
  endfacet
  facet normal 0 0 1
    outer loop
      vertex -219.096 3.84851 5
      vertex -221.45 25 5
      vertex -219.453 3.61018 5
    endloop
  endfacet
  facet normal 0 0 1
    outer loop
      vertex -219.453 3.61018 5
      vertex -221.45 25 5
      vertex -219.775 3.32734 5
    endloop
  endfacet
  facet normal 0 0 1
    outer loop
      vertex -219.775 3.32734 5
      vertex -221.45 25 5
      vertex -219.776 3.32643 5
    endloop
  endfacet
  facet normal 0 0 1
    outer loop
      vertex -219.776 3.32643 5
      vertex -221.45 25 5
      vertex -219.777 3.32539 5
    endloop
  endfacet
  facet normal 0 0 -1
    outer loop
      vertex -220.299 2.64503 5
      vertex -220.49 2.25905 5
      vertex -220.3 2.64379 5
    endloop
  endfacet
  facet normal 0 0 1
    outer loop
      vertex -221.45 0 5
      vertex -220.49 2.25774 5
      vertex -220.49 2.25905 5
    endloop
  endfacet
  facet normal 0 0 1
    outer loop
      vertex -221.45 0 5
      vertex -220.712 1.43079 5
      vertex -220.628 1.85153 5
    endloop
  endfacet
  facet normal 0 0 1
    outer loop
      vertex -220.712 1.42944 5
      vertex -221.45 0 5
      vertex -220.712 1.42806 5
    endloop
  endfacet
  facet normal 0 0 1
    outer loop
      vertex -220.712 1.43079 5
      vertex -221.45 0 5
      vertex -220.712 1.42944 5
    endloop
  endfacet
  facet normal 0 0 1
    outer loop
      vertex -220.49 2.25774 5
      vertex -221.45 0 5
      vertex -220.628 1.85153 5
    endloop
  endfacet
  facet normal 0 0 1
    outer loop
      vertex -221.45 0 5
      vertex -220.49 2.25905 5
      vertex -221.45 25 5
    endloop
  endfacet
  facet normal 0 0 1
    outer loop
      vertex -220.299 2.64503 5
      vertex -221.45 25 5
      vertex -220.49 2.25905 5
    endloop
  endfacet
  facet normal 0 0 1
    outer loop
      vertex -220.299 2.64618 5
      vertex -221.45 25 5
      vertex -220.299 2.64503 5
    endloop
  endfacet
  facet normal 0 0 1
    outer loop
      vertex -220.06 3.00286 5
      vertex -221.45 25 5
      vertex -220.299 2.64618 5
    endloop
  endfacet
  facet normal 0 0 1
    outer loop
      vertex -219.777 3.32539 5
      vertex -221.45 25 5
      vertex -220.06 3.00286 5
    endloop
  endfacet
  facet normal 0 0 1
    outer loop
      vertex -185.508 46.5134 5
      vertex -221.45 25 5
      vertex -185.999 45.9009 5
    endloop
  endfacet
  facet normal 0 0 1
    outer loop
      vertex -165.351 68.5497 5
      vertex -221.45 25 5
      vertex -185.508 46.5134 5
    endloop
  endfacet
  facet normal 0 0 1
    outer loop
      vertex -1.70994 100 5
      vertex 0 201.5 5
      vertex -1.70994 147 5
    endloop
  endfacet
  facet normal 0 0 1
    outer loop
      vertex 0 201.5 5
      vertex -1.70994 100 5
      vertex 0 0 5
    endloop
  endfacet
  facet normal -0 0 1
    outer loop
      vertex -1.70994 46 5
      vertex 0 0 5
      vertex -1.70994 100 5
    endloop
  endfacet
  facet normal -0 0 1
    outer loop
      vertex -1.73799 45.5719 5
      vertex 0 0 5
      vertex -1.70994 46 5
    endloop
  endfacet
  facet normal -0 0 1
    outer loop
      vertex -1.73808 45.5706 5
      vertex 0 0 5
      vertex -1.73799 45.5719 5
    endloop
  endfacet
  facet normal -0 0 1
    outer loop
      vertex -1.73835 45.5692 5
      vertex 0 0 5
      vertex -1.73808 45.5706 5
    endloop
  endfacet
  facet normal -0 0 1
    outer loop
      vertex -1.82204 45.1485 5
      vertex 0 0 5
      vertex -1.73835 45.5692 5
    endloop
  endfacet
  facet normal -0 0 1
    outer loop
      vertex -1.95993 44.7423 5
      vertex 0 0 5
      vertex -1.82204 45.1485 5
    endloop
  endfacet
  facet normal -0 0 1
    outer loop
      vertex -1.96038 44.7409 5
      vertex 0 0 5
      vertex -1.95993 44.7423 5
    endloop
  endfacet
  facet normal -0 0 1
    outer loop
      vertex -2.15011 44.3562 5
      vertex 0 0 5
      vertex -1.96038 44.7409 5
    endloop
  endfacet
  facet normal -0 0 1
    outer loop
      vertex -2.15072 44.355 5
      vertex 0 0 5
      vertex -2.15011 44.3562 5
    endloop
  endfacet
  facet normal -0 0 1
    outer loop
      vertex -2.15149 44.3538 5
      vertex 0 0 5
      vertex -2.15072 44.355 5
    endloop
  endfacet
  facet normal -0 0 1
    outer loop
      vertex -2.38982 43.9971 5
      vertex 0 0 5
      vertex -2.15149 44.3538 5
    endloop
  endfacet
  facet normal -0 0 1
    outer loop
      vertex -2.67266 43.6746 5
      vertex 0 0 5
      vertex -2.38982 43.9971 5
    endloop
  endfacet
  facet normal -0 0 1
    outer loop
      vertex -2.67357 43.6736 5
      vertex 0 0 5
      vertex -2.67266 43.6746 5
    endloop
  endfacet
  facet normal -0 0 1
    outer loop
      vertex -2.67461 43.6727 5
      vertex 0 0 5
      vertex -2.67357 43.6736 5
    endloop
  endfacet
  facet normal -0 0 1
    outer loop
      vertex -2.99714 43.3898 5
      vertex 0 0 5
      vertex -2.67461 43.6727 5
    endloop
  endfacet
  facet normal -0 0 1
    outer loop
      vertex -3.35382 43.1515 5
      vertex 0 0 5
      vertex -2.99714 43.3898 5
    endloop
  endfacet
  facet normal -0 0 1
    outer loop
      vertex -3.35497 43.1507 5
      vertex 0 0 5
      vertex -3.35382 43.1515 5
    endloop
  endfacet
  facet normal -0 0 1
    outer loop
      vertex -3.35621 43.1501 5
      vertex 0 0 5
      vertex -3.35497 43.1507 5
    endloop
  endfacet
  facet normal -0 0 1
    outer loop
      vertex -3.74095 42.9604 5
      vertex 0 0 5
      vertex -3.35621 43.1501 5
    endloop
  endfacet
  facet normal -0 0 1
    outer loop
      vertex -3.74226 42.9599 5
      vertex 0 0 5
      vertex -3.74095 42.9604 5
    endloop
  endfacet
  facet normal -0 0 1
    outer loop
      vertex -4.14847 42.822 5
      vertex 0 0 5
      vertex -3.74226 42.9599 5
    endloop
  endfacet
  facet normal -0 0 1
    outer loop
      vertex -4.56921 42.7384 5
      vertex 0 0 5
      vertex -4.14847 42.822 5
    endloop
  endfacet
  facet normal -0 0 1
    outer loop
      vertex -4.57056 42.7381 5
      vertex 0 0 5
      vertex -4.56921 42.7384 5
    endloop
  endfacet
  facet normal 0 0 1
    outer loop
      vertex -22.4567 28.7039 5
      vertex -4.57056 42.7381 5
      vertex -4.57194 42.738 5
    endloop
  endfacet
  facet normal 0 0 1
    outer loop
      vertex -22.2045 29.4471 5
      vertex -4.57194 42.738 5
      vertex -5 42.7099 5
    endloop
  endfacet
  facet normal 0 0 1
    outer loop
      vertex -22.2045 29.4471 5
      vertex -5 42.7099 5
      vertex -5.42806 42.738 5
    endloop
  endfacet
  facet normal 0 0 1
    outer loop
      vertex -22.2045 29.4471 5
      vertex -5.42806 42.738 5
      vertex -5.42944 42.7381 5
    endloop
  endfacet
  facet normal 0 0 1
    outer loop
      vertex -22.0513 30.2168 5
      vertex -5.42944 42.7381 5
      vertex -5.43079 42.7384 5
    endloop
  endfacet
  facet normal 0 0 1
    outer loop
      vertex -22.0513 30.2168 5
      vertex -5.43079 42.7384 5
      vertex -5.85153 42.822 5
    endloop
  endfacet
  facet normal 0 0 1
    outer loop
      vertex -22 31 5
      vertex -5.85153 42.822 5
      vertex -6.25774 42.9599 5
    endloop
  endfacet
  facet normal 0 0 1
    outer loop
      vertex -22 31 5
      vertex -6.25774 42.9599 5
      vertex -6.25905 42.9604 5
    endloop
  endfacet
  facet normal 0 0 1
    outer loop
      vertex -22 31 5
      vertex -6.25905 42.9604 5
      vertex -6.64379 43.1501 5
    endloop
  endfacet
  facet normal 0 0 1
    outer loop
      vertex -22 31 5
      vertex -6.64379 43.1501 5
      vertex -6.64503 43.1507 5
    endloop
  endfacet
  facet normal 0 0 1
    outer loop
      vertex -22 31 5
      vertex -6.64503 43.1507 5
      vertex -6.64618 43.1515 5
    endloop
  endfacet
  facet normal 0 0 1
    outer loop
      vertex -22 31 5
      vertex -6.64618 43.1515 5
      vertex -7.00286 43.3898 5
    endloop
  endfacet
  facet normal 0 0 1
    outer loop
      vertex -22 31 5
      vertex -7.00286 43.3898 5
      vertex -7.32539 43.6727 5
    endloop
  endfacet
  facet normal 0 0 1
    outer loop
      vertex -22 31 5
      vertex -7.32539 43.6727 5
      vertex -7.32643 43.6736 5
    endloop
  endfacet
  facet normal 0 0 1
    outer loop
      vertex -22 31 5
      vertex -7.32643 43.6736 5
      vertex -7.32734 43.6746 5
    endloop
  endfacet
  facet normal 0 0 1
    outer loop
      vertex -22 31 5
      vertex -7.32734 43.6746 5
      vertex -7.61018 43.9971 5
    endloop
  endfacet
  facet normal 0 0 1
    outer loop
      vertex -22 31 5
      vertex -7.61018 43.9971 5
      vertex -7.84851 44.3538 5
    endloop
  endfacet
  facet normal 0 0 1
    outer loop
      vertex -22 31 5
      vertex -7.84851 44.3538 5
      vertex -7.84928 44.355 5
    endloop
  endfacet
  facet normal 0 0 1
    outer loop
      vertex -22 31 5
      vertex -7.84928 44.355 5
      vertex -7.84989 44.3562 5
    endloop
  endfacet
  facet normal 0 0 1
    outer loop
      vertex -22 31 5
      vertex -7.84989 44.3562 5
      vertex -8.03962 44.7409 5
    endloop
  endfacet
  facet normal 0 0 1
    outer loop
      vertex -22 31 5
      vertex -8.03962 44.7409 5
      vertex -8.04007 44.7423 5
    endloop
  endfacet
  facet normal 0 0 1
    outer loop
      vertex -22 31 5
      vertex -8.04007 44.7423 5
      vertex -8.17796 45.1485 5
    endloop
  endfacet
  facet normal 0 0 1
    outer loop
      vertex -22 31 5
      vertex -8.17796 45.1485 5
      vertex -8.26165 45.5692 5
    endloop
  endfacet
  facet normal 0 0 1
    outer loop
      vertex -22 31 5
      vertex -8.26165 45.5692 5
      vertex -8.26192 45.5706 5
    endloop
  endfacet
  facet normal 0 0 1
    outer loop
      vertex -8.26192 100.429 5
      vertex -22 85.5 5
      vertex -8.26201 100.428 5
    endloop
  endfacet
  facet normal 0 0 1
    outer loop
      vertex -8.26201 100.428 5
      vertex -22 85.5 5
      vertex -8.29006 100 5
    endloop
  endfacet
  facet normal 0 0 1
    outer loop
      vertex -22.4567 83.2039 5
      vertex -5 96.7099 5
      vertex -22.2045 83.9471 5
    endloop
  endfacet
  facet normal 0 0 1
    outer loop
      vertex -8.26201 46.4281 5
      vertex -22 62.4783 5
      vertex -8.29006 46 5
    endloop
  endfacet
  facet normal 0 0 1
    outer loop
      vertex -22 31 5
      vertex -8.29006 46 5
      vertex -22 62.4783 5
    endloop
  endfacet
  facet normal 0 0 1
    outer loop
      vertex -8.29006 46 5
      vertex -22 31 5
      vertex -8.26201 45.5719 5
    endloop
  endfacet
  facet normal 0 0 1
    outer loop
      vertex -8.26201 45.5719 5
      vertex -22 31 5
      vertex -8.26192 45.5706 5
    endloop
  endfacet
  facet normal 0 0 1
    outer loop
      vertex -5.85153 42.822 5
      vertex -22 31 5
      vertex -22.0513 30.2168 5
    endloop
  endfacet
  facet normal 0 0 1
    outer loop
      vertex -5.42944 42.7381 5
      vertex -22.0513 30.2168 5
      vertex -22.2045 29.4471 5
    endloop
  endfacet
  facet normal 0 0 1
    outer loop
      vertex -4.57194 42.738 5
      vertex -22.2045 29.4471 5
      vertex -22.4567 28.7039 5
    endloop
  endfacet
  facet normal 0 0 1
    outer loop
      vertex -4.57056 42.7381 5
      vertex -22.4567 28.7039 5
      vertex 0 0 5
    endloop
  endfacet
  facet normal -0 0 1
    outer loop
      vertex -22.8038 28 5
      vertex 0 0 5
      vertex -22.4567 28.7039 5
    endloop
  endfacet
  facet normal -0 0 1
    outer loop
      vertex -23.2399 27.3474 5
      vertex 0 0 5
      vertex -22.8038 28 5
    endloop
  endfacet
  facet normal -0 0 1
    outer loop
      vertex -23.7574 26.7574 5
      vertex 0 0 5
      vertex -23.2399 27.3474 5
    endloop
  endfacet
  facet normal -0 0 1
    outer loop
      vertex -24.3474 26.2399 5
      vertex 0 0 5
      vertex -23.7574 26.7574 5
    endloop
  endfacet
  facet normal -0 0 1
    outer loop
      vertex -25 25.8038 5
      vertex 0 0 5
      vertex -24.3474 26.2399 5
    endloop
  endfacet
  facet normal -0 0 1
    outer loop
      vertex -25.7039 25.4567 5
      vertex 0 0 5
      vertex -25 25.8038 5
    endloop
  endfacet
  facet normal -0 0 1
    outer loop
      vertex -26.4471 25.2045 5
      vertex 0 0 5
      vertex -25.7039 25.4567 5
    endloop
  endfacet
  facet normal -0 0 1
    outer loop
      vertex -27.2168 25.0513 5
      vertex 0 0 5
      vertex -26.4471 25.2045 5
    endloop
  endfacet
  facet normal -0 0 1
    outer loop
      vertex -28 25 5
      vertex 0 0 5
      vertex -27.2168 25.0513 5
    endloop
  endfacet
  facet normal -0 0 1
    outer loop
      vertex -143.328 25 5
      vertex 0 0 5
      vertex -28 25 5
    endloop
  endfacet
  facet normal 0 0 1
    outer loop
      vertex -214.322 0 5
      vertex -143.328 25 5
      vertex -144.084 25.0477 5
    endloop
  endfacet
  facet normal 0 0 1
    outer loop
      vertex -179.501 36.6754 5
      vertex -149.273 30.1892 5
      vertex -149.328 30.9721 5
    endloop
  endfacet
  facet normal 0 0 1
    outer loop
      vertex -179.501 36.6754 5
      vertex -149.116 29.4201 5
      vertex -149.273 30.1892 5
    endloop
  endfacet
  facet normal 0 0 1
    outer loop
      vertex -179.501 36.6754 5
      vertex -148.861 28.6781 5
      vertex -149.116 29.4201 5
    endloop
  endfacet
  facet normal 0 0 1
    outer loop
      vertex -179.501 36.6754 5
      vertex -148.51 27.9758 5
      vertex -148.861 28.6781 5
    endloop
  endfacet
  facet normal 0 0 1
    outer loop
      vertex -179.501 36.6754 5
      vertex -148.071 27.3253 5
      vertex -148.51 27.9758 5
    endloop
  endfacet
  facet normal 0 0 1
    outer loop
      vertex -179.501 36.6754 5
      vertex -147.551 26.7377 5
      vertex -148.071 27.3253 5
    endloop
  endfacet
  facet normal -0 0 1
    outer loop
      vertex -180.034 36.5558 5
      vertex -147.551 26.7377 5
      vertex -179.501 36.6754 5
    endloop
  endfacet
  facet normal 0 0 1
    outer loop
      vertex -214.188 0.570561 5
      vertex -147.551 26.7377 5
      vertex -180.034 36.5558 5
    endloop
  endfacet
  facet normal 0 0 1
    outer loop
      vertex -147.551 26.7377 5
      vertex -214.188 0.570561 5
      vertex -146.958 26.2229 5
    endloop
  endfacet
  facet normal 0 0 1
    outer loop
      vertex -214.188 0.569207 5
      vertex -146.958 26.2229 5
      vertex -214.188 0.570561 5
    endloop
  endfacet
  facet normal 0 0 1
    outer loop
      vertex -214.272 0.14847 5
      vertex -146.958 26.2229 5
      vertex -214.188 0.569207 5
    endloop
  endfacet
  facet normal 0 0 1
    outer loop
      vertex -214.16 1 5
      vertex -180.034 36.5558 5
      vertex -180.814 36.4697 5
    endloop
  endfacet
  facet normal 0 0 1
    outer loop
      vertex -214.16 1 5
      vertex -180.814 36.4697 5
      vertex -181.598 36.4861 5
    endloop
  endfacet
  facet normal 0 0 1
    outer loop
      vertex -214.16 1 5
      vertex -181.598 36.4861 5
      vertex -182.374 36.6048 5
    endloop
  endfacet
  facet normal 0 0 1
    outer loop
      vertex -214.16 1 5
      vertex -182.374 36.6048 5
      vertex -183.128 36.8238 5
    endloop
  endfacet
  facet normal 0 0 1
    outer loop
      vertex -214.16 1 5
      vertex -186.989 41.4167 5
      vertex -187.075 42.1968 5
    endloop
  endfacet
  facet normal 0 0 1
    outer loop
      vertex -214.16 1 5
      vertex -186.801 40.6545 5
      vertex -186.989 41.4167 5
    endloop
  endfacet
  facet normal 0 0 1
    outer loop
      vertex -214.16 1 5
      vertex -186.516 39.9233 5
      vertex -186.801 40.6545 5
    endloop
  endfacet
  facet normal 0 0 1
    outer loop
      vertex -214.16 1 5
      vertex -186.138 39.2355 5
      vertex -186.516 39.9233 5
    endloop
  endfacet
  facet normal 0 0 1
    outer loop
      vertex -214.16 1 5
      vertex -185.674 38.603 5
      vertex -186.138 39.2355 5
    endloop
  endfacet
  facet normal 0 0 1
    outer loop
      vertex -214.16 1 5
      vertex -185.13 38.0365 5
      vertex -185.674 38.603 5
    endloop
  endfacet
  facet normal 0 0 1
    outer loop
      vertex -214.16 1 5
      vertex -184.518 37.5458 5
      vertex -185.13 38.0365 5
    endloop
  endfacet
  facet normal 0 0 1
    outer loop
      vertex -214.16 1 5
      vertex -183.847 37.1392 5
      vertex -184.518 37.5458 5
    endloop
  endfacet
  facet normal 0 0 1
    outer loop
      vertex -214.16 1 5
      vertex -183.128 36.8238 5
      vertex -183.847 37.1392 5
    endloop
  endfacet
  facet normal 0 0 1
    outer loop
      vertex -180.034 36.5558 5
      vertex -214.16 1 5
      vertex -214.188 0.57194 5
    endloop
  endfacet
  facet normal 0 0 1
    outer loop
      vertex -180.034 36.5558 5
      vertex -214.188 0.57194 5
      vertex -214.188 0.570561 5
    endloop
  endfacet
  facet normal 0 0 1
    outer loop
      vertex -146.958 26.2229 5
      vertex -214.272 0.14847 5
      vertex -146.304 25.7899 5
    endloop
  endfacet
  facet normal 0 0 1
    outer loop
      vertex -214.322 0 5
      vertex -146.304 25.7899 5
      vertex -214.272 0.14847 5
    endloop
  endfacet
  facet normal 0 0 1
    outer loop
      vertex -146.304 25.7899 5
      vertex -214.322 0 5
      vertex -145.598 25.4461 5
    endloop
  endfacet
  facet normal 0 0 1
    outer loop
      vertex -145.598 25.4461 5
      vertex -214.322 0 5
      vertex -144.854 25.1973 5
    endloop
  endfacet
  facet normal 0 0 1
    outer loop
      vertex -144.854 25.1973 5
      vertex -214.322 0 5
      vertex -144.084 25.0477 5
    endloop
  endfacet
  facet normal 0 0 1
    outer loop
      vertex -143.328 25 5
      vertex -214.322 0 5
      vertex 0 0 5
    endloop
  endfacet
  facet normal 0 0 1
    outer loop
      vertex -64.8389 125.902 5
      vertex -30.4671 128.246 5
      vertex -64.8119 126.686 5
    endloop
  endfacet
  facet normal 0 0 1
    outer loop
      vertex -64.968 125.128 5
      vertex -30.4671 128.246 5
      vertex -64.8389 125.902 5
    endloop
  endfacet
  facet normal 0 0 1
    outer loop
      vertex -65.1971 124.377 5
      vertex -30.4671 128.246 5
      vertex -64.968 125.128 5
    endloop
  endfacet
  facet normal 0 0 1
    outer loop
      vertex -65.5222 123.663 5
      vertex -30.4671 128.246 5
      vertex -65.1971 124.377 5
    endloop
  endfacet
  facet normal 0 0 1
    outer loop
      vertex -65.9378 122.997 5
      vertex -30.4671 128.246 5
      vertex -65.5222 123.663 5
    endloop
  endfacet
  facet normal 0 0 1
    outer loop
      vertex -66.4367 122.391 5
      vertex -30.4671 128.246 5
      vertex -65.9378 122.997 5
    endloop
  endfacet
  facet normal 0 0 1
    outer loop
      vertex -67.0105 121.856 5
      vertex -30.4671 128.246 5
      vertex -66.4367 122.391 5
    endloop
  endfacet
  facet normal 0 0 1
    outer loop
      vertex -67.6492 121.399 5
      vertex -30.4671 128.246 5
      vertex -67.0105 121.856 5
    endloop
  endfacet
  facet normal 0 0 1
    outer loop
      vertex -68.342 121.031 5
      vertex -30.4671 128.246 5
      vertex -67.6492 121.399 5
    endloop
  endfacet
  facet normal -0 0 1
    outer loop
      vertex -68.342 121.031 5
      vertex -113.108 90.9693 5
      vertex -30.4671 128.246 5
    endloop
  endfacet
  facet normal -0 0 1
    outer loop
      vertex -125.206 95.3811 5
      vertex -113.108 90.9693 5
      vertex -68.342 121.031 5
    endloop
  endfacet
  facet normal 0 0 1
    outer loop
      vertex -116.482 86.8723 5
      vertex -125.863 95.1297 5
      vertex -116.611 86.0981 5
    endloop
  endfacet
  facet normal -0 0 1
    outer loop
      vertex -125.863 95.1297 5
      vertex -116.482 86.8723 5
      vertex -125.206 95.3811 5
    endloop
  endfacet
  facet normal 0 0 1
    outer loop
      vertex -116.253 87.6229 5
      vertex -125.206 95.3811 5
      vertex -116.482 86.8723 5
    endloop
  endfacet
  facet normal 0 0 1
    outer loop
      vertex -115.928 88.3373 5
      vertex -125.206 95.3811 5
      vertex -116.253 87.6229 5
    endloop
  endfacet
  facet normal 0 0 1
    outer loop
      vertex -115.512 89.0031 5
      vertex -125.206 95.3811 5
      vertex -115.928 88.3373 5
    endloop
  endfacet
  facet normal 0 0 1
    outer loop
      vertex -115.014 89.6089 5
      vertex -125.206 95.3811 5
      vertex -115.512 89.0031 5
    endloop
  endfacet
  facet normal 0 0 1
    outer loop
      vertex -114.44 90.1444 5
      vertex -125.206 95.3811 5
      vertex -115.014 89.6089 5
    endloop
  endfacet
  facet normal 0 0 1
    outer loop
      vertex -113.801 90.6005 5
      vertex -125.206 95.3811 5
      vertex -114.44 90.1444 5
    endloop
  endfacet
  facet normal 0 0 1
    outer loop
      vertex -113.108 90.9693 5
      vertex -125.206 95.3811 5
      vertex -113.801 90.6005 5
    endloop
  endfacet
  facet normal 0 0 1
    outer loop
      vertex -94.3933 63.7446 5
      vertex -29.5799 68.2665 5
      vertex -94.3456 64.5279 5
    endloop
  endfacet
  facet normal 0 0 1
    outer loop
      vertex -94.5428 62.9741 5
      vertex -29.5799 68.2665 5
      vertex -94.3933 63.7446 5
    endloop
  endfacet
  facet normal 0 0 1
    outer loop
      vertex -94.7916 62.2297 5
      vertex -29.5799 68.2665 5
      vertex -94.5428 62.9741 5
    endloop
  endfacet
  facet normal 0 0 1
    outer loop
      vertex -95.1355 61.5242 5
      vertex -29.5799 68.2665 5
      vertex -94.7916 62.2297 5
    endloop
  endfacet
  facet normal 0 0 1
    outer loop
      vertex -95.5685 60.8696 5
      vertex -29.5799 68.2665 5
      vertex -95.1355 61.5242 5
    endloop
  endfacet
  facet normal 0 0 1
    outer loop
      vertex -96.0832 60.2772 5
      vertex -29.5799 68.2665 5
      vertex -95.5685 60.8696 5
    endloop
  endfacet
  facet normal 0 0 1
    outer loop
      vertex -96.6708 59.7569 5
      vertex -29.5799 68.2665 5
      vertex -96.0832 60.2772 5
    endloop
  endfacet
  facet normal 0 0 1
    outer loop
      vertex -97.3214 59.3179 5
      vertex -29.5799 68.2665 5
      vertex -96.6708 59.7569 5
    endloop
  endfacet
  facet normal 0 0 1
    outer loop
      vertex -98.0236 58.9675 5
      vertex -29.5799 68.2665 5
      vertex -97.3214 59.3179 5
    endloop
  endfacet
  facet normal 0 0 1
    outer loop
      vertex -98.7656 58.7117 5
      vertex -29.5799 68.2665 5
      vertex -98.0236 58.9675 5
    endloop
  endfacet
  facet normal -0 0 1
    outer loop
      vertex -98.7656 58.7117 5
      vertex -144.908 36.7883 5
      vertex -29.5799 68.2665 5
    endloop
  endfacet
  facet normal 0 0 1
    outer loop
      vertex -179.501 36.6754 5
      vertex -144.908 36.7883 5
      vertex -98.7656 58.7117 5
    endloop
  endfacet
  facet normal 0 0 1
    outer loop
      vertex -149.28 31.7554 5
      vertex -179.501 36.6754 5
      vertex -149.328 30.9721 5
    endloop
  endfacet
  facet normal 0 0 1
    outer loop
      vertex -149.131 32.5259 5
      vertex -179.501 36.6754 5
      vertex -149.28 31.7554 5
    endloop
  endfacet
  facet normal 0 0 1
    outer loop
      vertex -148.882 33.2703 5
      vertex -179.501 36.6754 5
      vertex -149.131 32.5259 5
    endloop
  endfacet
  facet normal 0 0 1
    outer loop
      vertex -148.538 33.9758 5
      vertex -179.501 36.6754 5
      vertex -148.882 33.2703 5
    endloop
  endfacet
  facet normal 0 0 1
    outer loop
      vertex -148.105 34.6304 5
      vertex -179.501 36.6754 5
      vertex -148.538 33.9758 5
    endloop
  endfacet
  facet normal 0 0 1
    outer loop
      vertex -147.59 35.2228 5
      vertex -179.501 36.6754 5
      vertex -148.105 34.6304 5
    endloop
  endfacet
  facet normal 0 0 1
    outer loop
      vertex -147.003 35.7431 5
      vertex -179.501 36.6754 5
      vertex -147.59 35.2228 5
    endloop
  endfacet
  facet normal 0 0 1
    outer loop
      vertex -146.352 36.1821 5
      vertex -179.501 36.6754 5
      vertex -147.003 35.7431 5
    endloop
  endfacet
  facet normal 0 0 1
    outer loop
      vertex -145.65 36.5325 5
      vertex -179.501 36.6754 5
      vertex -146.352 36.1821 5
    endloop
  endfacet
  facet normal 0 0 1
    outer loop
      vertex -144.908 36.7883 5
      vertex -179.501 36.6754 5
      vertex -145.65 36.5325 5
    endloop
  endfacet
  facet normal -0.737865 0.674948 0
    outer loop
      vertex -221.45 25 0
      vertex -60 201.5 5
      vertex -60 201.5 0
    endloop
  endfacet
  facet normal -0.737865 0.674948 0
    outer loop
      vertex -60 201.5 5
      vertex -221.45 25 0
      vertex -221.45 25 5
    endloop
  endfacet
  facet normal -1 0 0
    outer loop
      vertex -221.45 0 0
      vertex -221.45 25 5
      vertex -221.45 25 0
    endloop
  endfacet
  facet normal -1 -0 0
    outer loop
      vertex -221.45 25 5
      vertex -221.45 0 0
      vertex -221.45 0 5
    endloop
  endfacet
  facet normal 0 -1 0
    outer loop
      vertex -20.9709 -5 17.7625
      vertex -3 -5 21.625
      vertex -21.3943 -5 17.8468
    endloop
  endfacet
  facet normal 0 -1 0
    outer loop
      vertex -3 -5 21.625
      vertex -6.38072 -5 17.8468
      vertex -5.95 -5 17.875
    endloop
  endfacet
  facet normal 0 -1 0
    outer loop
      vertex -20.5622 -5 17.6238
      vertex -3 -5 21.625
      vertex -20.9709 -5 17.7625
    endloop
  endfacet
  facet normal 0 -1 0
    outer loop
      vertex -3 -5 21.625
      vertex -6.8041 -5 17.7625
      vertex -6.38072 -5 17.8468
    endloop
  endfacet
  facet normal 0 -1 0
    outer loop
      vertex -20.175 -5 17.4329
      vertex -3 -5 21.625
      vertex -20.5622 -5 17.6238
    endloop
  endfacet
  facet normal 0 -1 0
    outer loop
      vertex -3 -5 21.625
      vertex -7.21285 -5 17.6238
      vertex -6.8041 -5 17.7625
    endloop
  endfacet
  facet normal 0 -1 0
    outer loop
      vertex -7.59999 -5 17.4329
      vertex -3 -5 21.625
      vertex -20.175 -5 17.4329
    endloop
  endfacet
  facet normal 0 -1 0
    outer loop
      vertex -3 -5 21.625
      vertex -7.59999 -5 17.4329
      vertex -7.21285 -5 17.6238
    endloop
  endfacet
  facet normal 0 -1 0
    outer loop
      vertex -19.8161 -5 17.1931
      vertex -7.59999 -5 17.4329
      vertex -20.175 -5 17.4329
    endloop
  endfacet
  facet normal 0 -1 0
    outer loop
      vertex -19.8161 -5 17.1931
      vertex -7.95891 -5 17.1931
      vertex -7.59999 -5 17.4329
    endloop
  endfacet
  facet normal 0 -1 0
    outer loop
      vertex -19.4916 -5 16.9084
      vertex -7.95891 -5 17.1931
      vertex -19.8161 -5 17.1931
    endloop
  endfacet
  facet normal 0 -1 0
    outer loop
      vertex -19.4916 -5 16.9084
      vertex -8.28345 -5 16.9084
      vertex -7.95891 -5 17.1931
    endloop
  endfacet
  facet normal 0 -1 0
    outer loop
      vertex -19.2069 -5 16.5839
      vertex -8.28345 -5 16.9084
      vertex -19.4916 -5 16.9084
    endloop
  endfacet
  facet normal 0 -1 0
    outer loop
      vertex -19.2069 -5 16.5839
      vertex -8.56806 -5 16.5839
      vertex -8.28345 -5 16.9084
    endloop
  endfacet
  facet normal 0 -1 0
    outer loop
      vertex -18.9671 -5 16.225
      vertex -8.56806 -5 16.5839
      vertex -19.2069 -5 16.5839
    endloop
  endfacet
  facet normal 0 -1 0
    outer loop
      vertex -18.9671 -5 16.225
      vertex -8.80788 -5 16.225
      vertex -8.56806 -5 16.5839
    endloop
  endfacet
  facet normal 0 -1 0
    outer loop
      vertex -18.7762 -5 15.8378
      vertex -8.80788 -5 16.225
      vertex -18.9671 -5 16.225
    endloop
  endfacet
  facet normal 0 -1 0
    outer loop
      vertex -18.7762 -5 15.8378
      vertex -8.9988 -5 15.8378
      vertex -8.80788 -5 16.225
    endloop
  endfacet
  facet normal 0 -1 0
    outer loop
      vertex -18.6375 -5 15.4291
      vertex -8.9988 -5 15.8378
      vertex -18.7762 -5 15.8378
    endloop
  endfacet
  facet normal 0 -1 0
    outer loop
      vertex -18.6375 -5 15.4291
      vertex -9.13755 -5 15.4291
      vertex -8.9988 -5 15.8378
    endloop
  endfacet
  facet normal 0 -1 0
    outer loop
      vertex -18.5532 -5 15.0057
      vertex -9.13755 -5 15.4291
      vertex -18.6375 -5 15.4291
    endloop
  endfacet
  facet normal 0 -1 0
    outer loop
      vertex -18.5532 -5 15.0057
      vertex -9.22176 -5 15.0057
      vertex -9.13755 -5 15.4291
    endloop
  endfacet
  facet normal 0 -1 0
    outer loop
      vertex -18.525 -5 14.575
      vertex -9.22176 -5 15.0057
      vertex -18.5532 -5 15.0057
    endloop
  endfacet
  facet normal 0 -1 0
    outer loop
      vertex -18.525 -5 14.575
      vertex -9.24999 -5 14.575
      vertex -9.22176 -5 15.0057
    endloop
  endfacet
  facet normal 0 -1 0
    outer loop
      vertex -18.525 -5 11.175
      vertex -9.24999 -5 14.575
      vertex -18.525 -5 14.575
    endloop
  endfacet
  facet normal 0 -1 0
    outer loop
      vertex -18.525 -5 11.175
      vertex -9.24999 -5 11.175
      vertex -9.24999 -5 14.575
    endloop
  endfacet
  facet normal 0 -1 0
    outer loop
      vertex -18.5532 -5 10.7443
      vertex -9.24999 -5 11.175
      vertex -18.525 -5 11.175
    endloop
  endfacet
  facet normal 0 -1 0
    outer loop
      vertex -18.5532 -5 10.7443
      vertex -9.22176 -5 10.7443
      vertex -9.24999 -5 11.175
    endloop
  endfacet
  facet normal 0 -1 0
    outer loop
      vertex -18.6375 -5 10.3209
      vertex -9.22176 -5 10.7443
      vertex -18.5532 -5 10.7443
    endloop
  endfacet
  facet normal 0 -1 0
    outer loop
      vertex -18.6375 -5 10.3209
      vertex -9.13755 -5 10.3209
      vertex -9.22176 -5 10.7443
    endloop
  endfacet
  facet normal 0 -1 0
    outer loop
      vertex -18.7762 -5 9.91216
      vertex -9.13755 -5 10.3209
      vertex -18.6375 -5 10.3209
    endloop
  endfacet
  facet normal 0 -1 0
    outer loop
      vertex -18.7762 -5 9.91216
      vertex -8.9988 -5 9.91216
      vertex -9.13755 -5 10.3209
    endloop
  endfacet
  facet normal 0 -1 0
    outer loop
      vertex -18.9671 -5 9.52501
      vertex -8.9988 -5 9.91216
      vertex -18.7762 -5 9.91216
    endloop
  endfacet
  facet normal 0 -1 0
    outer loop
      vertex -18.9671 -5 9.52501
      vertex -8.80788 -5 9.52501
      vertex -8.9988 -5 9.91216
    endloop
  endfacet
  facet normal 0 -1 0
    outer loop
      vertex -19.2069 -5 9.16609
      vertex -8.80788 -5 9.52501
      vertex -18.9671 -5 9.52501
    endloop
  endfacet
  facet normal 0 -1 0
    outer loop
      vertex -19.2069 -5 9.16609
      vertex -8.56806 -5 9.16609
      vertex -8.80788 -5 9.52501
    endloop
  endfacet
  facet normal 0 -1 0
    outer loop
      vertex -19.4916 -5 8.84155
      vertex -8.56806 -5 9.16609
      vertex -19.2069 -5 9.16609
    endloop
  endfacet
  facet normal 0 -1 0
    outer loop
      vertex -19.4916 -5 8.84155
      vertex -8.28345 -5 8.84155
      vertex -8.56806 -5 9.16609
    endloop
  endfacet
  facet normal 0 -1 0
    outer loop
      vertex -19.8161 -5 8.55695
      vertex -8.28345 -5 8.84155
      vertex -19.4916 -5 8.84155
    endloop
  endfacet
  facet normal 0 -1 0
    outer loop
      vertex -19.8161 -5 8.55695
      vertex -7.95891 -5 8.55695
      vertex -8.28345 -5 8.84155
    endloop
  endfacet
  facet normal 0 -1 0
    outer loop
      vertex -20.175 -5 8.31712
      vertex -7.95891 -5 8.55695
      vertex -19.8161 -5 8.55695
    endloop
  endfacet
  facet normal 0 -1 0
    outer loop
      vertex -20.175 -5 8.31712
      vertex -7.59999 -5 8.31712
      vertex -7.95891 -5 8.55695
    endloop
  endfacet
  facet normal 0 -1 0
    outer loop
      vertex -20.5622 -5 8.12621
      vertex -7.59999 -5 8.31712
      vertex -20.175 -5 8.31712
    endloop
  endfacet
  facet normal 0 -1 0
    outer loop
      vertex -20.5622 -5 8.12621
      vertex -7.21285 -5 8.12621
      vertex -7.59999 -5 8.31712
    endloop
  endfacet
  facet normal 0 -1 0
    outer loop
      vertex 0 -5 0
      vertex -20.5622 -5 8.12621
      vertex -20.9709 -5 7.98746
    endloop
  endfacet
  facet normal 0 -1 0
    outer loop
      vertex -20.5622 -5 8.12621
      vertex 0 -5 0
      vertex -7.21285 -5 8.12621
    endloop
  endfacet
  facet normal 0 -1 0
    outer loop
      vertex 0 -5 0
      vertex -20.9709 -5 7.98746
      vertex -21.3943 -5 7.90324
    endloop
  endfacet
  facet normal 0 -1 0
    outer loop
      vertex -7.21285 -5 8.12621
      vertex 0 -5 0
      vertex -6.8041 -5 7.98746
    endloop
  endfacet
  facet normal 0 -1 0
    outer loop
      vertex 0 -5 0
      vertex -21.3943 -5 7.90324
      vertex -21.825 -5 7.875
    endloop
  endfacet
  facet normal 0 -1 0
    outer loop
      vertex -6.8041 -5 7.98746
      vertex 0 -5 0
      vertex -6.38072 -5 7.90324
    endloop
  endfacet
  facet normal 0 -1 0
    outer loop
      vertex -22.2557 -5 17.8468
      vertex -3 -5 21.625
      vertex -37.2693 -5 17.8468
    endloop
  endfacet
  facet normal 0 -1 0
    outer loop
      vertex -3 -5 21.625
      vertex -22.2557 -5 17.8468
      vertex -21.825 -5 17.875
    endloop
  endfacet
  facet normal 0 -1 0
    outer loop
      vertex -36.8459 -5 17.7625
      vertex -22.2557 -5 17.8468
      vertex -37.2693 -5 17.8468
    endloop
  endfacet
  facet normal 0 -1 0
    outer loop
      vertex -36.8459 -5 17.7625
      vertex -22.6791 -5 17.7625
      vertex -22.2557 -5 17.8468
    endloop
  endfacet
  facet normal 0 -1 0
    outer loop
      vertex -36.4372 -5 17.6238
      vertex -22.6791 -5 17.7625
      vertex -36.8459 -5 17.7625
    endloop
  endfacet
  facet normal 0 -1 0
    outer loop
      vertex -36.4372 -5 17.6238
      vertex -23.0878 -5 17.6238
      vertex -22.6791 -5 17.7625
    endloop
  endfacet
  facet normal 0 -1 0
    outer loop
      vertex -36.05 -5 17.4329
      vertex -23.0878 -5 17.6238
      vertex -36.4372 -5 17.6238
    endloop
  endfacet
  facet normal 0 -1 0
    outer loop
      vertex -36.05 -5 17.4329
      vertex -23.475 -5 17.4329
      vertex -23.0878 -5 17.6238
    endloop
  endfacet
  facet normal 0 -1 0
    outer loop
      vertex -35.6911 -5 17.1931
      vertex -23.475 -5 17.4329
      vertex -36.05 -5 17.4329
    endloop
  endfacet
  facet normal 0 -1 0
    outer loop
      vertex -35.6911 -5 17.1931
      vertex -23.8339 -5 17.1931
      vertex -23.475 -5 17.4329
    endloop
  endfacet
  facet normal 0 -1 0
    outer loop
      vertex -35.3666 -5 16.9084
      vertex -23.8339 -5 17.1931
      vertex -35.6911 -5 17.1931
    endloop
  endfacet
  facet normal 0 -1 0
    outer loop
      vertex -35.3666 -5 16.9084
      vertex -24.1585 -5 16.9084
      vertex -23.8339 -5 17.1931
    endloop
  endfacet
  facet normal 0 -1 0
    outer loop
      vertex -35.0819 -5 16.5839
      vertex -24.1585 -5 16.9084
      vertex -35.3666 -5 16.9084
    endloop
  endfacet
  facet normal 0 -1 0
    outer loop
      vertex -35.0819 -5 16.5839
      vertex -24.4431 -5 16.5839
      vertex -24.1585 -5 16.9084
    endloop
  endfacet
  facet normal 0 -1 0
    outer loop
      vertex -34.8421 -5 16.225
      vertex -24.4431 -5 16.5839
      vertex -35.0819 -5 16.5839
    endloop
  endfacet
  facet normal 0 -1 0
    outer loop
      vertex -34.8421 -5 16.225
      vertex -24.6829 -5 16.225
      vertex -24.4431 -5 16.5839
    endloop
  endfacet
  facet normal 0 -1 0
    outer loop
      vertex -34.6512 -5 15.8378
      vertex -24.6829 -5 16.225
      vertex -34.8421 -5 16.225
    endloop
  endfacet
  facet normal 0 -1 0
    outer loop
      vertex -34.6512 -5 15.8378
      vertex -24.8738 -5 15.8378
      vertex -24.6829 -5 16.225
    endloop
  endfacet
  facet normal 0 -1 0
    outer loop
      vertex -34.5125 -5 15.4291
      vertex -24.8738 -5 15.8378
      vertex -34.6512 -5 15.8378
    endloop
  endfacet
  facet normal 0 -1 0
    outer loop
      vertex -34.5125 -5 15.4291
      vertex -25.0125 -5 15.4291
      vertex -24.8738 -5 15.8378
    endloop
  endfacet
  facet normal 0 -1 0
    outer loop
      vertex -34.4282 -5 15.0057
      vertex -25.0125 -5 15.4291
      vertex -34.5125 -5 15.4291
    endloop
  endfacet
  facet normal 0 -1 0
    outer loop
      vertex -34.4282 -5 15.0057
      vertex -25.0968 -5 15.0057
      vertex -25.0125 -5 15.4291
    endloop
  endfacet
  facet normal 0 -1 0
    outer loop
      vertex -34.4 -5 14.575
      vertex -25.0968 -5 15.0057
      vertex -34.4282 -5 15.0057
    endloop
  endfacet
  facet normal 0 -1 0
    outer loop
      vertex -34.4 -5 14.575
      vertex -25.125 -5 14.575
      vertex -25.0968 -5 15.0057
    endloop
  endfacet
  facet normal 0 -1 0
    outer loop
      vertex -34.4 -5 11.175
      vertex -25.125 -5 14.575
      vertex -34.4 -5 14.575
    endloop
  endfacet
  facet normal 0 -1 0
    outer loop
      vertex -34.4 -5 11.175
      vertex -25.125 -5 11.175
      vertex -25.125 -5 14.575
    endloop
  endfacet
  facet normal 0 -1 0
    outer loop
      vertex -34.4282 -5 10.7443
      vertex -25.125 -5 11.175
      vertex -34.4 -5 11.175
    endloop
  endfacet
  facet normal 0 -1 0
    outer loop
      vertex -34.4282 -5 10.7443
      vertex -25.0968 -5 10.7443
      vertex -25.125 -5 11.175
    endloop
  endfacet
  facet normal 0 -1 0
    outer loop
      vertex -34.5125 -5 10.3209
      vertex -25.0968 -5 10.7443
      vertex -34.4282 -5 10.7443
    endloop
  endfacet
  facet normal 0 -1 0
    outer loop
      vertex -34.5125 -5 10.3209
      vertex -25.0125 -5 10.3209
      vertex -25.0968 -5 10.7443
    endloop
  endfacet
  facet normal 0 -1 0
    outer loop
      vertex -34.6512 -5 9.91216
      vertex -25.0125 -5 10.3209
      vertex -34.5125 -5 10.3209
    endloop
  endfacet
  facet normal 0 -1 0
    outer loop
      vertex -34.6512 -5 9.91216
      vertex -24.8738 -5 9.91216
      vertex -25.0125 -5 10.3209
    endloop
  endfacet
  facet normal 0 -1 0
    outer loop
      vertex -34.8421 -5 9.52501
      vertex -24.8738 -5 9.91216
      vertex -34.6512 -5 9.91216
    endloop
  endfacet
  facet normal 0 -1 0
    outer loop
      vertex -34.8421 -5 9.52501
      vertex -24.6829 -5 9.52501
      vertex -24.8738 -5 9.91216
    endloop
  endfacet
  facet normal 0 -1 0
    outer loop
      vertex -35.0819 -5 9.16609
      vertex -24.6829 -5 9.52501
      vertex -34.8421 -5 9.52501
    endloop
  endfacet
  facet normal 0 -1 0
    outer loop
      vertex -35.0819 -5 9.16609
      vertex -24.4431 -5 9.16609
      vertex -24.6829 -5 9.52501
    endloop
  endfacet
  facet normal 0 -1 0
    outer loop
      vertex -35.3666 -5 8.84155
      vertex -24.4431 -5 9.16609
      vertex -35.0819 -5 9.16609
    endloop
  endfacet
  facet normal 0 -1 0
    outer loop
      vertex -35.3666 -5 8.84155
      vertex -24.1585 -5 8.84155
      vertex -24.4431 -5 9.16609
    endloop
  endfacet
  facet normal 0 -1 0
    outer loop
      vertex -35.6911 -5 8.55695
      vertex -24.1585 -5 8.84155
      vertex -35.3666 -5 8.84155
    endloop
  endfacet
  facet normal 0 -1 0
    outer loop
      vertex -35.6911 -5 8.55695
      vertex -23.8339 -5 8.55695
      vertex -24.1585 -5 8.84155
    endloop
  endfacet
  facet normal 0 -1 0
    outer loop
      vertex -36.05 -5 8.31712
      vertex -23.8339 -5 8.55695
      vertex -35.6911 -5 8.55695
    endloop
  endfacet
  facet normal 0 -1 0
    outer loop
      vertex -36.05 -5 8.31712
      vertex -23.475 -5 8.31712
      vertex -23.8339 -5 8.55695
    endloop
  endfacet
  facet normal 0 -1 0
    outer loop
      vertex -36.4372 -5 8.12621
      vertex -23.475 -5 8.31712
      vertex -36.05 -5 8.31712
    endloop
  endfacet
  facet normal 0 -1 0
    outer loop
      vertex -36.4372 -5 8.12621
      vertex -23.0878 -5 8.12621
      vertex -23.475 -5 8.31712
    endloop
  endfacet
  facet normal 0 -1 0
    outer loop
      vertex -36.8459 -5 7.98746
      vertex -23.0878 -5 8.12621
      vertex -36.4372 -5 8.12621
    endloop
  endfacet
  facet normal 0 -1 0
    outer loop
      vertex -36.8459 -5 7.98746
      vertex -22.6791 -5 7.98746
      vertex -23.0878 -5 8.12621
    endloop
  endfacet
  facet normal 0 -1 0
    outer loop
      vertex -37.2693 -5 7.90324
      vertex -22.6791 -5 7.98746
      vertex -36.8459 -5 7.98746
    endloop
  endfacet
  facet normal 0 -1 0
    outer loop
      vertex -37.2693 -5 7.90324
      vertex -22.2557 -5 7.90324
      vertex -22.6791 -5 7.98746
    endloop
  endfacet
  facet normal 0 -1 0
    outer loop
      vertex 0 -5 0
      vertex -37.2693 -5 7.90324
      vertex -37.7 -5 7.875
    endloop
  endfacet
  facet normal 0 -1 0
    outer loop
      vertex -37.2693 -5 7.90324
      vertex 0 -5 0
      vertex -22.2557 -5 7.90324
    endloop
  endfacet
  facet normal 0 -1 0
    outer loop
      vertex -49.9693 -5 17.8468
      vertex -37.7 -5 17.875
      vertex -50.4 -5 17.875
    endloop
  endfacet
  facet normal 0 -1 0
    outer loop
      vertex -49.9693 -5 17.8468
      vertex -38.1307 -5 17.8468
      vertex -37.7 -5 17.875
    endloop
  endfacet
  facet normal 0 -1 0
    outer loop
      vertex -49.5459 -5 17.7625
      vertex -38.1307 -5 17.8468
      vertex -49.9693 -5 17.8468
    endloop
  endfacet
  facet normal 0 -1 0
    outer loop
      vertex -49.5459 -5 17.7625
      vertex -38.5541 -5 17.7625
      vertex -38.1307 -5 17.8468
    endloop
  endfacet
  facet normal 0 -1 0
    outer loop
      vertex -49.1372 -5 17.6238
      vertex -38.5541 -5 17.7625
      vertex -49.5459 -5 17.7625
    endloop
  endfacet
  facet normal 0 -1 0
    outer loop
      vertex -49.1372 -5 17.6238
      vertex -38.9628 -5 17.6238
      vertex -38.5541 -5 17.7625
    endloop
  endfacet
  facet normal 0 -1 0
    outer loop
      vertex -48.75 -5 17.4329
      vertex -38.9628 -5 17.6238
      vertex -49.1372 -5 17.6238
    endloop
  endfacet
  facet normal 0 -1 0
    outer loop
      vertex -48.75 -5 17.4329
      vertex -39.35 -5 17.4329
      vertex -38.9628 -5 17.6238
    endloop
  endfacet
  facet normal 0 -1 0
    outer loop
      vertex -48.3911 -5 17.1931
      vertex -39.35 -5 17.4329
      vertex -48.75 -5 17.4329
    endloop
  endfacet
  facet normal 0 -1 0
    outer loop
      vertex -48.3911 -5 17.1931
      vertex -39.7089 -5 17.1931
      vertex -39.35 -5 17.4329
    endloop
  endfacet
  facet normal 0 -1 0
    outer loop
      vertex -48.0666 -5 16.9084
      vertex -39.7089 -5 17.1931
      vertex -48.3911 -5 17.1931
    endloop
  endfacet
  facet normal 0 -1 0
    outer loop
      vertex -48.0666 -5 16.9084
      vertex -40.0335 -5 16.9084
      vertex -39.7089 -5 17.1931
    endloop
  endfacet
  facet normal 0 -1 0
    outer loop
      vertex -47.7819 -5 16.5839
      vertex -40.0335 -5 16.9084
      vertex -48.0666 -5 16.9084
    endloop
  endfacet
  facet normal 0 -1 0
    outer loop
      vertex -47.7819 -5 16.5839
      vertex -40.3181 -5 16.5839
      vertex -40.0335 -5 16.9084
    endloop
  endfacet
  facet normal 0 -1 0
    outer loop
      vertex -47.5421 -5 16.225
      vertex -40.3181 -5 16.5839
      vertex -47.7819 -5 16.5839
    endloop
  endfacet
  facet normal 0 -1 0
    outer loop
      vertex -47.5421 -5 16.225
      vertex -40.5579 -5 16.225
      vertex -40.3181 -5 16.5839
    endloop
  endfacet
  facet normal 0 -1 0
    outer loop
      vertex -47.3512 -5 15.8378
      vertex -40.5579 -5 16.225
      vertex -47.5421 -5 16.225
    endloop
  endfacet
  facet normal 0 -1 0
    outer loop
      vertex -47.3512 -5 15.8378
      vertex -40.7488 -5 15.8378
      vertex -40.5579 -5 16.225
    endloop
  endfacet
  facet normal 0 -1 0
    outer loop
      vertex -47.2125 -5 15.4291
      vertex -40.7488 -5 15.8378
      vertex -47.3512 -5 15.8378
    endloop
  endfacet
  facet normal 0 -1 0
    outer loop
      vertex -47.2125 -5 15.4291
      vertex -40.8875 -5 15.4291
      vertex -40.7488 -5 15.8378
    endloop
  endfacet
  facet normal 0 -1 0
    outer loop
      vertex -47.1282 -5 15.0057
      vertex -40.8875 -5 15.4291
      vertex -47.2125 -5 15.4291
    endloop
  endfacet
  facet normal 0 -1 0
    outer loop
      vertex -47.1282 -5 15.0057
      vertex -40.9718 -5 15.0057
      vertex -40.8875 -5 15.4291
    endloop
  endfacet
  facet normal 0 -1 0
    outer loop
      vertex -47.1 -5 14.575
      vertex -40.9718 -5 15.0057
      vertex -47.1282 -5 15.0057
    endloop
  endfacet
  facet normal 0 -1 0
    outer loop
      vertex -47.1 -5 14.575
      vertex -41 -5 14.575
      vertex -40.9718 -5 15.0057
    endloop
  endfacet
  facet normal 0 -1 0
    outer loop
      vertex -47.1 -5 11.175
      vertex -41 -5 14.575
      vertex -47.1 -5 14.575
    endloop
  endfacet
  facet normal 0 -1 0
    outer loop
      vertex -47.1 -5 11.175
      vertex -41 -5 11.175
      vertex -41 -5 14.575
    endloop
  endfacet
  facet normal 0 -1 0
    outer loop
      vertex -47.1282 -5 10.7443
      vertex -41 -5 11.175
      vertex -47.1 -5 11.175
    endloop
  endfacet
  facet normal 0 -1 0
    outer loop
      vertex -47.1282 -5 10.7443
      vertex -40.9718 -5 10.7443
      vertex -41 -5 11.175
    endloop
  endfacet
  facet normal 0 -1 0
    outer loop
      vertex -47.2125 -5 10.3209
      vertex -40.9718 -5 10.7443
      vertex -47.1282 -5 10.7443
    endloop
  endfacet
  facet normal 0 -1 0
    outer loop
      vertex -47.2125 -5 10.3209
      vertex -40.8875 -5 10.3209
      vertex -40.9718 -5 10.7443
    endloop
  endfacet
  facet normal 0 -1 0
    outer loop
      vertex -47.3512 -5 9.91216
      vertex -40.8875 -5 10.3209
      vertex -47.2125 -5 10.3209
    endloop
  endfacet
  facet normal 0 -1 0
    outer loop
      vertex -47.3512 -5 9.91216
      vertex -40.7488 -5 9.91216
      vertex -40.8875 -5 10.3209
    endloop
  endfacet
  facet normal 0 -1 0
    outer loop
      vertex -47.5421 -5 9.52501
      vertex -40.7488 -5 9.91216
      vertex -47.3512 -5 9.91216
    endloop
  endfacet
  facet normal 0 -1 0
    outer loop
      vertex -47.5421 -5 9.52501
      vertex -40.5579 -5 9.52501
      vertex -40.7488 -5 9.91216
    endloop
  endfacet
  facet normal 0 -1 0
    outer loop
      vertex -47.7819 -5 9.16609
      vertex -40.5579 -5 9.52501
      vertex -47.5421 -5 9.52501
    endloop
  endfacet
  facet normal 0 -1 0
    outer loop
      vertex -47.7819 -5 9.16609
      vertex -40.3181 -5 9.16609
      vertex -40.5579 -5 9.52501
    endloop
  endfacet
  facet normal 0 -1 0
    outer loop
      vertex -48.0666 -5 8.84155
      vertex -40.3181 -5 9.16609
      vertex -47.7819 -5 9.16609
    endloop
  endfacet
  facet normal 0 -1 0
    outer loop
      vertex -48.0666 -5 8.84155
      vertex -40.0335 -5 8.84155
      vertex -40.3181 -5 9.16609
    endloop
  endfacet
  facet normal 0 -1 0
    outer loop
      vertex -48.3911 -5 8.55695
      vertex -40.0335 -5 8.84155
      vertex -48.0666 -5 8.84155
    endloop
  endfacet
  facet normal 0 -1 0
    outer loop
      vertex -48.3911 -5 8.55695
      vertex -39.7089 -5 8.55695
      vertex -40.0335 -5 8.84155
    endloop
  endfacet
  facet normal 0 -1 0
    outer loop
      vertex -48.75 -5 8.31712
      vertex -39.7089 -5 8.55695
      vertex -48.3911 -5 8.55695
    endloop
  endfacet
  facet normal 0 -1 0
    outer loop
      vertex -48.75 -5 8.31712
      vertex -39.35 -5 8.31712
      vertex -39.7089 -5 8.55695
    endloop
  endfacet
  facet normal 0 -1 0
    outer loop
      vertex -49.1372 -5 8.12621
      vertex -39.35 -5 8.31712
      vertex -48.75 -5 8.31712
    endloop
  endfacet
  facet normal 0 -1 0
    outer loop
      vertex -49.1372 -5 8.12621
      vertex -38.9628 -5 8.12621
      vertex -39.35 -5 8.31712
    endloop
  endfacet
  facet normal 0 -1 0
    outer loop
      vertex -49.5459 -5 7.98746
      vertex -38.9628 -5 8.12621
      vertex -49.1372 -5 8.12621
    endloop
  endfacet
  facet normal 0 -1 0
    outer loop
      vertex -49.5459 -5 7.98746
      vertex -38.5541 -5 7.98746
      vertex -38.9628 -5 8.12621
    endloop
  endfacet
  facet normal 0 -1 0
    outer loop
      vertex -49.9693 -5 7.90324
      vertex -38.5541 -5 7.98746
      vertex -49.5459 -5 7.98746
    endloop
  endfacet
  facet normal 0 -1 0
    outer loop
      vertex -49.9693 -5 7.90324
      vertex -38.1307 -5 7.90324
      vertex -38.5541 -5 7.98746
    endloop
  endfacet
  facet normal 0 -1 0
    outer loop
      vertex -50.4 -5 7.875
      vertex -38.1307 -5 7.90324
      vertex -49.9693 -5 7.90324
    endloop
  endfacet
  facet normal 0 -1 -0
    outer loop
      vertex -38.1307 -5 7.90324
      vertex -50.4 -5 7.875
      vertex -37.7 -5 7.875
    endloop
  endfacet
  facet normal 0 -1 0
    outer loop
      vertex -65.8443 -5 17.8468
      vertex -50.4 -5 17.875
      vertex -66.275 -5 17.875
    endloop
  endfacet
  facet normal 0 -1 0
    outer loop
      vertex -65.8443 -5 17.8468
      vertex -50.8307 -5 17.8468
      vertex -50.4 -5 17.875
    endloop
  endfacet
  facet normal 0 -1 0
    outer loop
      vertex -65.4209 -5 17.7625
      vertex -50.8307 -5 17.8468
      vertex -65.8443 -5 17.8468
    endloop
  endfacet
  facet normal 0 -1 0
    outer loop
      vertex -65.4209 -5 17.7625
      vertex -51.2541 -5 17.7625
      vertex -50.8307 -5 17.8468
    endloop
  endfacet
  facet normal 0 -1 0
    outer loop
      vertex -65.0122 -5 17.6238
      vertex -51.2541 -5 17.7625
      vertex -65.4209 -5 17.7625
    endloop
  endfacet
  facet normal 0 -1 0
    outer loop
      vertex -65.0122 -5 17.6238
      vertex -51.6628 -5 17.6238
      vertex -51.2541 -5 17.7625
    endloop
  endfacet
  facet normal 0 -1 0
    outer loop
      vertex -64.625 -5 17.4329
      vertex -51.6628 -5 17.6238
      vertex -65.0122 -5 17.6238
    endloop
  endfacet
  facet normal 0 -1 0
    outer loop
      vertex -64.625 -5 17.4329
      vertex -52.05 -5 17.4329
      vertex -51.6628 -5 17.6238
    endloop
  endfacet
  facet normal 0 -1 0
    outer loop
      vertex -64.2661 -5 17.1931
      vertex -52.05 -5 17.4329
      vertex -64.625 -5 17.4329
    endloop
  endfacet
  facet normal 0 -1 0
    outer loop
      vertex -64.2661 -5 17.1931
      vertex -52.4089 -5 17.1931
      vertex -52.05 -5 17.4329
    endloop
  endfacet
  facet normal 0 -1 0
    outer loop
      vertex -63.9416 -5 16.9084
      vertex -52.4089 -5 17.1931
      vertex -64.2661 -5 17.1931
    endloop
  endfacet
  facet normal 0 -1 0
    outer loop
      vertex -63.9416 -5 16.9084
      vertex -52.7335 -5 16.9084
      vertex -52.4089 -5 17.1931
    endloop
  endfacet
  facet normal 0 -1 0
    outer loop
      vertex -63.6569 -5 16.5839
      vertex -52.7335 -5 16.9084
      vertex -63.9416 -5 16.9084
    endloop
  endfacet
  facet normal 0 -1 0
    outer loop
      vertex -63.6569 -5 16.5839
      vertex -53.0181 -5 16.5839
      vertex -52.7335 -5 16.9084
    endloop
  endfacet
  facet normal 0 -1 0
    outer loop
      vertex -63.4171 -5 16.225
      vertex -53.0181 -5 16.5839
      vertex -63.6569 -5 16.5839
    endloop
  endfacet
  facet normal 0 -1 0
    outer loop
      vertex -63.4171 -5 16.225
      vertex -53.2579 -5 16.225
      vertex -53.0181 -5 16.5839
    endloop
  endfacet
  facet normal 0 -1 0
    outer loop
      vertex -63.2262 -5 15.8378
      vertex -53.2579 -5 16.225
      vertex -63.4171 -5 16.225
    endloop
  endfacet
  facet normal 0 -1 0
    outer loop
      vertex -63.2262 -5 15.8378
      vertex -53.4488 -5 15.8378
      vertex -53.2579 -5 16.225
    endloop
  endfacet
  facet normal 0 -1 0
    outer loop
      vertex -63.0875 -5 15.4291
      vertex -53.4488 -5 15.8378
      vertex -63.2262 -5 15.8378
    endloop
  endfacet
  facet normal 0 -1 0
    outer loop
      vertex -63.0875 -5 15.4291
      vertex -53.5875 -5 15.4291
      vertex -53.4488 -5 15.8378
    endloop
  endfacet
  facet normal 0 -1 0
    outer loop
      vertex -63.0032 -5 15.0057
      vertex -53.5875 -5 15.4291
      vertex -63.0875 -5 15.4291
    endloop
  endfacet
  facet normal 0 -1 0
    outer loop
      vertex -63.0032 -5 15.0057
      vertex -53.6718 -5 15.0057
      vertex -53.5875 -5 15.4291
    endloop
  endfacet
  facet normal 0 -1 0
    outer loop
      vertex -62.975 -5 14.575
      vertex -53.6718 -5 15.0057
      vertex -63.0032 -5 15.0057
    endloop
  endfacet
  facet normal 0 -1 0
    outer loop
      vertex -62.975 -5 14.575
      vertex -53.7 -5 14.575
      vertex -53.6718 -5 15.0057
    endloop
  endfacet
  facet normal 0 -1 0
    outer loop
      vertex -62.975 -5 11.175
      vertex -53.7 -5 14.575
      vertex -62.975 -5 14.575
    endloop
  endfacet
  facet normal 0 -1 0
    outer loop
      vertex -62.975 -5 11.175
      vertex -53.7 -5 11.175
      vertex -53.7 -5 14.575
    endloop
  endfacet
  facet normal 0 -1 0
    outer loop
      vertex -63.0032 -5 10.7443
      vertex -53.7 -5 11.175
      vertex -62.975 -5 11.175
    endloop
  endfacet
  facet normal 0 -1 0
    outer loop
      vertex -63.0032 -5 10.7443
      vertex -53.6718 -5 10.7443
      vertex -53.7 -5 11.175
    endloop
  endfacet
  facet normal 0 -1 0
    outer loop
      vertex -63.0875 -5 10.3209
      vertex -53.6718 -5 10.7443
      vertex -63.0032 -5 10.7443
    endloop
  endfacet
  facet normal 0 -1 0
    outer loop
      vertex -63.0875 -5 10.3209
      vertex -53.5875 -5 10.3209
      vertex -53.6718 -5 10.7443
    endloop
  endfacet
  facet normal 0 -1 0
    outer loop
      vertex -63.2262 -5 9.91216
      vertex -53.5875 -5 10.3209
      vertex -63.0875 -5 10.3209
    endloop
  endfacet
  facet normal 0 -1 0
    outer loop
      vertex -63.2262 -5 9.91216
      vertex -53.4488 -5 9.91216
      vertex -53.5875 -5 10.3209
    endloop
  endfacet
  facet normal 0 -1 0
    outer loop
      vertex -63.4171 -5 9.52501
      vertex -53.4488 -5 9.91216
      vertex -63.2262 -5 9.91216
    endloop
  endfacet
  facet normal 0 -1 0
    outer loop
      vertex -63.4171 -5 9.52501
      vertex -53.2579 -5 9.52501
      vertex -53.4488 -5 9.91216
    endloop
  endfacet
  facet normal 0 -1 0
    outer loop
      vertex -63.6569 -5 9.16609
      vertex -53.2579 -5 9.52501
      vertex -63.4171 -5 9.52501
    endloop
  endfacet
  facet normal 0 -1 0
    outer loop
      vertex -63.6569 -5 9.16609
      vertex -53.0181 -5 9.16609
      vertex -53.2579 -5 9.52501
    endloop
  endfacet
  facet normal 0 -1 0
    outer loop
      vertex -63.9416 -5 8.84155
      vertex -53.0181 -5 9.16609
      vertex -63.6569 -5 9.16609
    endloop
  endfacet
  facet normal 0 -1 0
    outer loop
      vertex -63.9416 -5 8.84155
      vertex -52.7335 -5 8.84155
      vertex -53.0181 -5 9.16609
    endloop
  endfacet
  facet normal 0 -1 0
    outer loop
      vertex -64.2661 -5 8.55695
      vertex -52.7335 -5 8.84155
      vertex -63.9416 -5 8.84155
    endloop
  endfacet
  facet normal 0 -1 0
    outer loop
      vertex -64.2661 -5 8.55695
      vertex -52.4089 -5 8.55695
      vertex -52.7335 -5 8.84155
    endloop
  endfacet
  facet normal 0 -1 0
    outer loop
      vertex -64.625 -5 8.31712
      vertex -52.4089 -5 8.55695
      vertex -64.2661 -5 8.55695
    endloop
  endfacet
  facet normal 0 -1 0
    outer loop
      vertex -64.625 -5 8.31712
      vertex -52.05 -5 8.31712
      vertex -52.4089 -5 8.55695
    endloop
  endfacet
  facet normal 0 -1 0
    outer loop
      vertex -65.0122 -5 8.12621
      vertex -52.05 -5 8.31712
      vertex -64.625 -5 8.31712
    endloop
  endfacet
  facet normal 0 -1 0
    outer loop
      vertex -65.0122 -5 8.12621
      vertex -51.6628 -5 8.12621
      vertex -52.05 -5 8.31712
    endloop
  endfacet
  facet normal 0 -1 0
    outer loop
      vertex -65.4209 -5 7.98746
      vertex -51.6628 -5 8.12621
      vertex -65.0122 -5 8.12621
    endloop
  endfacet
  facet normal 0 -1 0
    outer loop
      vertex -65.4209 -5 7.98746
      vertex -51.2541 -5 7.98746
      vertex -51.6628 -5 8.12621
    endloop
  endfacet
  facet normal 0 -1 0
    outer loop
      vertex -65.8443 -5 7.90324
      vertex -51.2541 -5 7.98746
      vertex -65.4209 -5 7.98746
    endloop
  endfacet
  facet normal 0 -1 0
    outer loop
      vertex -65.8443 -5 7.90324
      vertex -50.8307 -5 7.90324
      vertex -51.2541 -5 7.98746
    endloop
  endfacet
  facet normal 0 -1 0
    outer loop
      vertex -66.275 -5 7.875
      vertex -50.8307 -5 7.90324
      vertex -65.8443 -5 7.90324
    endloop
  endfacet
  facet normal 0 -1 -0
    outer loop
      vertex -50.8307 -5 7.90324
      vertex -66.275 -5 7.875
      vertex -50.4 -5 7.875
    endloop
  endfacet
  facet normal 0 -1 0
    outer loop
      vertex -81.7193 -5 17.8468
      vertex -66.275 -5 17.875
      vertex -82.15 -5 17.875
    endloop
  endfacet
  facet normal 0 -1 0
    outer loop
      vertex -81.7193 -5 17.8468
      vertex -66.7057 -5 17.8468
      vertex -66.275 -5 17.875
    endloop
  endfacet
  facet normal 0 -1 0
    outer loop
      vertex -81.2959 -5 17.7625
      vertex -66.7057 -5 17.8468
      vertex -81.7193 -5 17.8468
    endloop
  endfacet
  facet normal 0 -1 0
    outer loop
      vertex -81.2959 -5 17.7625
      vertex -67.1291 -5 17.7625
      vertex -66.7057 -5 17.8468
    endloop
  endfacet
  facet normal 0 -1 0
    outer loop
      vertex -80.8872 -5 17.6238
      vertex -67.1291 -5 17.7625
      vertex -81.2959 -5 17.7625
    endloop
  endfacet
  facet normal 0 -1 0
    outer loop
      vertex -80.8872 -5 17.6238
      vertex -67.5378 -5 17.6238
      vertex -67.1291 -5 17.7625
    endloop
  endfacet
  facet normal 0 -1 0
    outer loop
      vertex -80.5 -5 17.4329
      vertex -67.5378 -5 17.6238
      vertex -80.8872 -5 17.6238
    endloop
  endfacet
  facet normal 0 -1 0
    outer loop
      vertex -80.5 -5 17.4329
      vertex -67.925 -5 17.4329
      vertex -67.5378 -5 17.6238
    endloop
  endfacet
  facet normal 0 -1 0
    outer loop
      vertex -80.1411 -5 17.1931
      vertex -67.925 -5 17.4329
      vertex -80.5 -5 17.4329
    endloop
  endfacet
  facet normal 0 -1 0
    outer loop
      vertex -80.1411 -5 17.1931
      vertex -68.2839 -5 17.1931
      vertex -67.925 -5 17.4329
    endloop
  endfacet
  facet normal 0 -1 0
    outer loop
      vertex -79.8166 -5 16.9084
      vertex -68.2839 -5 17.1931
      vertex -80.1411 -5 17.1931
    endloop
  endfacet
  facet normal 0 -1 0
    outer loop
      vertex -79.8166 -5 16.9084
      vertex -68.6085 -5 16.9084
      vertex -68.2839 -5 17.1931
    endloop
  endfacet
  facet normal 0 -1 0
    outer loop
      vertex -79.5319 -5 16.5839
      vertex -68.6085 -5 16.9084
      vertex -79.8166 -5 16.9084
    endloop
  endfacet
  facet normal 0 -1 0
    outer loop
      vertex -79.5319 -5 16.5839
      vertex -68.8931 -5 16.5839
      vertex -68.6085 -5 16.9084
    endloop
  endfacet
  facet normal 0 -1 0
    outer loop
      vertex -79.2921 -5 16.225
      vertex -68.8931 -5 16.5839
      vertex -79.5319 -5 16.5839
    endloop
  endfacet
  facet normal 0 -1 0
    outer loop
      vertex -79.2921 -5 16.225
      vertex -69.1329 -5 16.225
      vertex -68.8931 -5 16.5839
    endloop
  endfacet
  facet normal 0 -1 0
    outer loop
      vertex -79.1012 -5 15.8378
      vertex -69.1329 -5 16.225
      vertex -79.2921 -5 16.225
    endloop
  endfacet
  facet normal 0 -1 0
    outer loop
      vertex -79.1012 -5 15.8378
      vertex -69.3238 -5 15.8378
      vertex -69.1329 -5 16.225
    endloop
  endfacet
  facet normal 0 -1 0
    outer loop
      vertex -78.9625 -5 15.4291
      vertex -69.3238 -5 15.8378
      vertex -79.1012 -5 15.8378
    endloop
  endfacet
  facet normal 0 -1 0
    outer loop
      vertex -78.9625 -5 15.4291
      vertex -69.4625 -5 15.4291
      vertex -69.3238 -5 15.8378
    endloop
  endfacet
  facet normal 0 -1 0
    outer loop
      vertex -78.8782 -5 15.0057
      vertex -69.4625 -5 15.4291
      vertex -78.9625 -5 15.4291
    endloop
  endfacet
  facet normal 0 -1 0
    outer loop
      vertex -78.8782 -5 15.0057
      vertex -69.5468 -5 15.0057
      vertex -69.4625 -5 15.4291
    endloop
  endfacet
  facet normal 0 -1 0
    outer loop
      vertex -78.85 -5 14.575
      vertex -69.5468 -5 15.0057
      vertex -78.8782 -5 15.0057
    endloop
  endfacet
  facet normal 0 -1 0
    outer loop
      vertex -78.85 -5 14.575
      vertex -69.575 -5 14.575
      vertex -69.5468 -5 15.0057
    endloop
  endfacet
  facet normal 0 -1 0
    outer loop
      vertex -78.85 -5 11.175
      vertex -69.575 -5 14.575
      vertex -78.85 -5 14.575
    endloop
  endfacet
  facet normal 0 -1 0
    outer loop
      vertex -78.85 -5 11.175
      vertex -69.575 -5 11.175
      vertex -69.575 -5 14.575
    endloop
  endfacet
  facet normal 0 -1 0
    outer loop
      vertex -78.8782 -5 10.7443
      vertex -69.575 -5 11.175
      vertex -78.85 -5 11.175
    endloop
  endfacet
  facet normal 0 -1 0
    outer loop
      vertex -78.8782 -5 10.7443
      vertex -69.5468 -5 10.7443
      vertex -69.575 -5 11.175
    endloop
  endfacet
  facet normal 0 -1 0
    outer loop
      vertex -78.9625 -5 10.3209
      vertex -69.5468 -5 10.7443
      vertex -78.8782 -5 10.7443
    endloop
  endfacet
  facet normal 0 -1 0
    outer loop
      vertex -78.9625 -5 10.3209
      vertex -69.4625 -5 10.3209
      vertex -69.5468 -5 10.7443
    endloop
  endfacet
  facet normal 0 -1 0
    outer loop
      vertex -79.1012 -5 9.91216
      vertex -69.4625 -5 10.3209
      vertex -78.9625 -5 10.3209
    endloop
  endfacet
  facet normal 0 -1 0
    outer loop
      vertex -79.1012 -5 9.91216
      vertex -69.3238 -5 9.91216
      vertex -69.4625 -5 10.3209
    endloop
  endfacet
  facet normal 0 -1 0
    outer loop
      vertex -79.2921 -5 9.52501
      vertex -69.3238 -5 9.91216
      vertex -79.1012 -5 9.91216
    endloop
  endfacet
  facet normal 0 -1 0
    outer loop
      vertex -79.2921 -5 9.52501
      vertex -69.1329 -5 9.52501
      vertex -69.3238 -5 9.91216
    endloop
  endfacet
  facet normal 0 -1 0
    outer loop
      vertex -79.5319 -5 9.16609
      vertex -69.1329 -5 9.52501
      vertex -79.2921 -5 9.52501
    endloop
  endfacet
  facet normal 0 -1 0
    outer loop
      vertex -79.5319 -5 9.16609
      vertex -68.8931 -5 9.16609
      vertex -69.1329 -5 9.52501
    endloop
  endfacet
  facet normal 0 -1 0
    outer loop
      vertex -79.8166 -5 8.84155
      vertex -68.8931 -5 9.16609
      vertex -79.5319 -5 9.16609
    endloop
  endfacet
  facet normal 0 -1 0
    outer loop
      vertex -79.8166 -5 8.84155
      vertex -68.6085 -5 8.84155
      vertex -68.8931 -5 9.16609
    endloop
  endfacet
  facet normal 0 -1 0
    outer loop
      vertex -80.1411 -5 8.55695
      vertex -68.6085 -5 8.84155
      vertex -79.8166 -5 8.84155
    endloop
  endfacet
  facet normal 0 -1 0
    outer loop
      vertex -80.1411 -5 8.55695
      vertex -68.2839 -5 8.55695
      vertex -68.6085 -5 8.84155
    endloop
  endfacet
  facet normal 0 -1 0
    outer loop
      vertex -80.5 -5 8.31712
      vertex -68.2839 -5 8.55695
      vertex -80.1411 -5 8.55695
    endloop
  endfacet
  facet normal 0 -1 0
    outer loop
      vertex -80.5 -5 8.31712
      vertex -67.925 -5 8.31712
      vertex -68.2839 -5 8.55695
    endloop
  endfacet
  facet normal 0 -1 0
    outer loop
      vertex -80.8872 -5 8.12621
      vertex -67.925 -5 8.31712
      vertex -80.5 -5 8.31712
    endloop
  endfacet
  facet normal 0 -1 0
    outer loop
      vertex -80.8872 -5 8.12621
      vertex -67.5378 -5 8.12621
      vertex -67.925 -5 8.31712
    endloop
  endfacet
  facet normal 0 -1 0
    outer loop
      vertex -81.2959 -5 7.98746
      vertex -67.5378 -5 8.12621
      vertex -80.8872 -5 8.12621
    endloop
  endfacet
  facet normal 0 -1 0
    outer loop
      vertex -81.2959 -5 7.98746
      vertex -67.1291 -5 7.98746
      vertex -67.5378 -5 8.12621
    endloop
  endfacet
  facet normal 0 -1 0
    outer loop
      vertex -81.7193 -5 7.90324
      vertex -67.1291 -5 7.98746
      vertex -81.2959 -5 7.98746
    endloop
  endfacet
  facet normal 0 -1 0
    outer loop
      vertex -81.7193 -5 7.90324
      vertex -66.7057 -5 7.90324
      vertex -67.1291 -5 7.98746
    endloop
  endfacet
  facet normal 0 -1 0
    outer loop
      vertex -82.15 -5 7.875
      vertex -66.7057 -5 7.90324
      vertex -81.7193 -5 7.90324
    endloop
  endfacet
  facet normal 0 -1 -0
    outer loop
      vertex -66.7057 -5 7.90324
      vertex -82.15 -5 7.875
      vertex -66.275 -5 7.875
    endloop
  endfacet
  facet normal 0 -1 0
    outer loop
      vertex -94.4193 -5 17.8468
      vertex -82.15 -5 17.875
      vertex -94.85 -5 17.875
    endloop
  endfacet
  facet normal 0 -1 0
    outer loop
      vertex -94.4193 -5 17.8468
      vertex -82.5807 -5 17.8468
      vertex -82.15 -5 17.875
    endloop
  endfacet
  facet normal 0 -1 0
    outer loop
      vertex -93.9959 -5 17.7625
      vertex -82.5807 -5 17.8468
      vertex -94.4193 -5 17.8468
    endloop
  endfacet
  facet normal 0 -1 0
    outer loop
      vertex -93.9959 -5 17.7625
      vertex -83.0041 -5 17.7625
      vertex -82.5807 -5 17.8468
    endloop
  endfacet
  facet normal 0 -1 0
    outer loop
      vertex -93.5872 -5 17.6238
      vertex -83.0041 -5 17.7625
      vertex -93.9959 -5 17.7625
    endloop
  endfacet
  facet normal 0 -1 0
    outer loop
      vertex -93.5872 -5 17.6238
      vertex -83.4128 -5 17.6238
      vertex -83.0041 -5 17.7625
    endloop
  endfacet
  facet normal 0 -1 0
    outer loop
      vertex -93.2 -5 17.4329
      vertex -83.4128 -5 17.6238
      vertex -93.5872 -5 17.6238
    endloop
  endfacet
  facet normal 0 -1 0
    outer loop
      vertex -93.2 -5 17.4329
      vertex -83.8 -5 17.4329
      vertex -83.4128 -5 17.6238
    endloop
  endfacet
  facet normal 0 -1 0
    outer loop
      vertex -92.8411 -5 17.1931
      vertex -83.8 -5 17.4329
      vertex -93.2 -5 17.4329
    endloop
  endfacet
  facet normal 0 -1 0
    outer loop
      vertex -92.8411 -5 17.1931
      vertex -84.1589 -5 17.1931
      vertex -83.8 -5 17.4329
    endloop
  endfacet
  facet normal 0 -1 0
    outer loop
      vertex -92.5165 -5 16.9084
      vertex -84.1589 -5 17.1931
      vertex -92.8411 -5 17.1931
    endloop
  endfacet
  facet normal 0 -1 0
    outer loop
      vertex -92.5165 -5 16.9084
      vertex -84.4835 -5 16.9084
      vertex -84.1589 -5 17.1931
    endloop
  endfacet
  facet normal 0 -1 0
    outer loop
      vertex -92.2319 -5 16.5839
      vertex -84.4835 -5 16.9084
      vertex -92.5165 -5 16.9084
    endloop
  endfacet
  facet normal 0 -1 0
    outer loop
      vertex -92.2319 -5 16.5839
      vertex -84.7681 -5 16.5839
      vertex -84.4835 -5 16.9084
    endloop
  endfacet
  facet normal 0 -1 0
    outer loop
      vertex -91.9921 -5 16.225
      vertex -84.7681 -5 16.5839
      vertex -92.2319 -5 16.5839
    endloop
  endfacet
  facet normal 0 -1 0
    outer loop
      vertex -91.9921 -5 16.225
      vertex -85.0079 -5 16.225
      vertex -84.7681 -5 16.5839
    endloop
  endfacet
  facet normal 0 -1 0
    outer loop
      vertex -91.8012 -5 15.8378
      vertex -85.0079 -5 16.225
      vertex -91.9921 -5 16.225
    endloop
  endfacet
  facet normal 0 -1 0
    outer loop
      vertex -91.8012 -5 15.8378
      vertex -85.1988 -5 15.8378
      vertex -85.0079 -5 16.225
    endloop
  endfacet
  facet normal 0 -1 0
    outer loop
      vertex -91.6625 -5 15.4291
      vertex -85.1988 -5 15.8378
      vertex -91.8012 -5 15.8378
    endloop
  endfacet
  facet normal 0 -1 0
    outer loop
      vertex -91.6625 -5 15.4291
      vertex -85.3375 -5 15.4291
      vertex -85.1988 -5 15.8378
    endloop
  endfacet
  facet normal 0 -1 0
    outer loop
      vertex -91.5782 -5 15.0057
      vertex -85.3375 -5 15.4291
      vertex -91.6625 -5 15.4291
    endloop
  endfacet
  facet normal 0 -1 0
    outer loop
      vertex -91.5782 -5 15.0057
      vertex -85.4218 -5 15.0057
      vertex -85.3375 -5 15.4291
    endloop
  endfacet
  facet normal 0 -1 0
    outer loop
      vertex -91.55 -5 14.575
      vertex -85.4218 -5 15.0057
      vertex -91.5782 -5 15.0057
    endloop
  endfacet
  facet normal 0 -1 0
    outer loop
      vertex -91.55 -5 14.575
      vertex -85.45 -5 14.575
      vertex -85.4218 -5 15.0057
    endloop
  endfacet
  facet normal 0 -1 0
    outer loop
      vertex -91.55 -5 11.175
      vertex -85.45 -5 14.575
      vertex -91.55 -5 14.575
    endloop
  endfacet
  facet normal 0 -1 0
    outer loop
      vertex -91.55 -5 11.175
      vertex -85.45 -5 11.175
      vertex -85.45 -5 14.575
    endloop
  endfacet
  facet normal 0 -1 0
    outer loop
      vertex -91.5782 -5 10.7443
      vertex -85.45 -5 11.175
      vertex -91.55 -5 11.175
    endloop
  endfacet
  facet normal 0 -1 0
    outer loop
      vertex -91.5782 -5 10.7443
      vertex -85.4218 -5 10.7443
      vertex -85.45 -5 11.175
    endloop
  endfacet
  facet normal 0 -1 0
    outer loop
      vertex -91.6625 -5 10.3209
      vertex -85.4218 -5 10.7443
      vertex -91.5782 -5 10.7443
    endloop
  endfacet
  facet normal 0 -1 0
    outer loop
      vertex -91.6625 -5 10.3209
      vertex -85.3375 -5 10.3209
      vertex -85.4218 -5 10.7443
    endloop
  endfacet
  facet normal 0 -1 0
    outer loop
      vertex -91.8012 -5 9.91216
      vertex -85.3375 -5 10.3209
      vertex -91.6625 -5 10.3209
    endloop
  endfacet
  facet normal 0 -1 0
    outer loop
      vertex -91.8012 -5 9.91216
      vertex -85.1988 -5 9.91216
      vertex -85.3375 -5 10.3209
    endloop
  endfacet
  facet normal 0 -1 0
    outer loop
      vertex -91.9921 -5 9.52501
      vertex -85.1988 -5 9.91216
      vertex -91.8012 -5 9.91216
    endloop
  endfacet
  facet normal 0 -1 0
    outer loop
      vertex -91.9921 -5 9.52501
      vertex -85.0079 -5 9.52501
      vertex -85.1988 -5 9.91216
    endloop
  endfacet
  facet normal 0 -1 0
    outer loop
      vertex -92.2319 -5 9.16609
      vertex -85.0079 -5 9.52501
      vertex -91.9921 -5 9.52501
    endloop
  endfacet
  facet normal 0 -1 0
    outer loop
      vertex -92.2319 -5 9.16609
      vertex -84.7681 -5 9.16609
      vertex -85.0079 -5 9.52501
    endloop
  endfacet
  facet normal 0 -1 0
    outer loop
      vertex -92.5165 -5 8.84155
      vertex -84.7681 -5 9.16609
      vertex -92.2319 -5 9.16609
    endloop
  endfacet
  facet normal 0 -1 0
    outer loop
      vertex -92.5165 -5 8.84155
      vertex -84.4835 -5 8.84155
      vertex -84.7681 -5 9.16609
    endloop
  endfacet
  facet normal 0 -1 0
    outer loop
      vertex -92.8411 -5 8.55695
      vertex -84.4835 -5 8.84155
      vertex -92.5165 -5 8.84155
    endloop
  endfacet
  facet normal 0 -1 0
    outer loop
      vertex -92.8411 -5 8.55695
      vertex -84.1589 -5 8.55695
      vertex -84.4835 -5 8.84155
    endloop
  endfacet
  facet normal 0 -1 0
    outer loop
      vertex -93.2 -5 8.31712
      vertex -84.1589 -5 8.55695
      vertex -92.8411 -5 8.55695
    endloop
  endfacet
  facet normal 0 -1 0
    outer loop
      vertex -93.2 -5 8.31712
      vertex -83.8 -5 8.31712
      vertex -84.1589 -5 8.55695
    endloop
  endfacet
  facet normal 0 -1 0
    outer loop
      vertex -93.5872 -5 8.12621
      vertex -83.8 -5 8.31712
      vertex -93.2 -5 8.31712
    endloop
  endfacet
  facet normal 0 -1 0
    outer loop
      vertex -93.5872 -5 8.12621
      vertex -83.4128 -5 8.12621
      vertex -83.8 -5 8.31712
    endloop
  endfacet
  facet normal 0 -1 0
    outer loop
      vertex -93.9959 -5 7.98746
      vertex -83.4128 -5 8.12621
      vertex -93.5872 -5 8.12621
    endloop
  endfacet
  facet normal 0 -1 0
    outer loop
      vertex -93.9959 -5 7.98746
      vertex -83.0041 -5 7.98746
      vertex -83.4128 -5 8.12621
    endloop
  endfacet
  facet normal 0 -1 0
    outer loop
      vertex -94.4193 -5 7.90324
      vertex -83.0041 -5 7.98746
      vertex -93.9959 -5 7.98746
    endloop
  endfacet
  facet normal 0 -1 0
    outer loop
      vertex -94.4193 -5 7.90324
      vertex -82.5807 -5 7.90324
      vertex -83.0041 -5 7.98746
    endloop
  endfacet
  facet normal 0 -1 0
    outer loop
      vertex -94.85 -5 7.875
      vertex -82.5807 -5 7.90324
      vertex -94.4193 -5 7.90324
    endloop
  endfacet
  facet normal 0 -1 -0
    outer loop
      vertex -82.5807 -5 7.90324
      vertex -94.85 -5 7.875
      vertex -82.15 -5 7.875
    endloop
  endfacet
  facet normal 0 -1 0
    outer loop
      vertex -110.294 -5 17.8468
      vertex -94.85 -5 17.875
      vertex -110.725 -5 17.875
    endloop
  endfacet
  facet normal 0 -1 0
    outer loop
      vertex -110.294 -5 17.8468
      vertex -95.2807 -5 17.8468
      vertex -94.85 -5 17.875
    endloop
  endfacet
  facet normal 0 -1 0
    outer loop
      vertex -109.871 -5 17.7625
      vertex -95.2807 -5 17.8468
      vertex -110.294 -5 17.8468
    endloop
  endfacet
  facet normal 0 -1 0
    outer loop
      vertex -109.871 -5 17.7625
      vertex -95.7041 -5 17.7625
      vertex -95.2807 -5 17.8468
    endloop
  endfacet
  facet normal 0 -1 0
    outer loop
      vertex -109.462 -5 17.6238
      vertex -95.7041 -5 17.7625
      vertex -109.871 -5 17.7625
    endloop
  endfacet
  facet normal 0 -1 0
    outer loop
      vertex -109.462 -5 17.6238
      vertex -96.1128 -5 17.6238
      vertex -95.7041 -5 17.7625
    endloop
  endfacet
  facet normal 0 -1 0
    outer loop
      vertex -109.075 -5 17.4329
      vertex -96.1128 -5 17.6238
      vertex -109.462 -5 17.6238
    endloop
  endfacet
  facet normal 0 -1 0
    outer loop
      vertex -109.075 -5 17.4329
      vertex -96.5 -5 17.4329
      vertex -96.1128 -5 17.6238
    endloop
  endfacet
  facet normal 0 -1 0
    outer loop
      vertex -108.716 -5 17.1931
      vertex -96.5 -5 17.4329
      vertex -109.075 -5 17.4329
    endloop
  endfacet
  facet normal 0 -1 0
    outer loop
      vertex -108.716 -5 17.1931
      vertex -96.8589 -5 17.1931
      vertex -96.5 -5 17.4329
    endloop
  endfacet
  facet normal 0 -1 0
    outer loop
      vertex -108.392 -5 16.9084
      vertex -96.8589 -5 17.1931
      vertex -108.716 -5 17.1931
    endloop
  endfacet
  facet normal 0 -1 0
    outer loop
      vertex -108.392 -5 16.9084
      vertex -97.1834 -5 16.9084
      vertex -96.8589 -5 17.1931
    endloop
  endfacet
  facet normal 0 -1 0
    outer loop
      vertex -108.107 -5 16.5839
      vertex -97.1834 -5 16.9084
      vertex -108.392 -5 16.9084
    endloop
  endfacet
  facet normal 0 -1 0
    outer loop
      vertex -108.107 -5 16.5839
      vertex -97.4681 -5 16.5839
      vertex -97.1834 -5 16.9084
    endloop
  endfacet
  facet normal 0 -1 0
    outer loop
      vertex -107.867 -5 16.225
      vertex -97.4681 -5 16.5839
      vertex -108.107 -5 16.5839
    endloop
  endfacet
  facet normal 0 -1 0
    outer loop
      vertex -107.867 -5 16.225
      vertex -97.7079 -5 16.225
      vertex -97.4681 -5 16.5839
    endloop
  endfacet
  facet normal 0 -1 0
    outer loop
      vertex -107.676 -5 15.8378
      vertex -97.7079 -5 16.225
      vertex -107.867 -5 16.225
    endloop
  endfacet
  facet normal 0 -1 0
    outer loop
      vertex -107.676 -5 15.8378
      vertex -97.8988 -5 15.8378
      vertex -97.7079 -5 16.225
    endloop
  endfacet
  facet normal 0 -1 0
    outer loop
      vertex -107.537 -5 15.4291
      vertex -97.8988 -5 15.8378
      vertex -107.676 -5 15.8378
    endloop
  endfacet
  facet normal 0 -1 0
    outer loop
      vertex -107.537 -5 15.4291
      vertex -98.0375 -5 15.4291
      vertex -97.8988 -5 15.8378
    endloop
  endfacet
  facet normal 0 -1 0
    outer loop
      vertex -107.453 -5 15.0057
      vertex -98.0375 -5 15.4291
      vertex -107.537 -5 15.4291
    endloop
  endfacet
  facet normal 0 -1 0
    outer loop
      vertex -107.453 -5 15.0057
      vertex -98.1218 -5 15.0057
      vertex -98.0375 -5 15.4291
    endloop
  endfacet
  facet normal 0 -1 0
    outer loop
      vertex -107.425 -5 14.575
      vertex -98.1218 -5 15.0057
      vertex -107.453 -5 15.0057
    endloop
  endfacet
  facet normal 0 -1 0
    outer loop
      vertex -107.425 -5 14.575
      vertex -98.15 -5 14.575
      vertex -98.1218 -5 15.0057
    endloop
  endfacet
  facet normal 0 -1 0
    outer loop
      vertex -107.425 -5 11.175
      vertex -98.15 -5 14.575
      vertex -107.425 -5 14.575
    endloop
  endfacet
  facet normal 0 -1 0
    outer loop
      vertex -107.425 -5 11.175
      vertex -98.15 -5 11.175
      vertex -98.15 -5 14.575
    endloop
  endfacet
  facet normal 0 -1 0
    outer loop
      vertex -107.453 -5 10.7443
      vertex -98.15 -5 11.175
      vertex -107.425 -5 11.175
    endloop
  endfacet
  facet normal 0 -1 0
    outer loop
      vertex -107.453 -5 10.7443
      vertex -98.1218 -5 10.7443
      vertex -98.15 -5 11.175
    endloop
  endfacet
  facet normal 0 -1 0
    outer loop
      vertex -107.537 -5 10.3209
      vertex -98.1218 -5 10.7443
      vertex -107.453 -5 10.7443
    endloop
  endfacet
  facet normal 0 -1 0
    outer loop
      vertex -107.537 -5 10.3209
      vertex -98.0375 -5 10.3209
      vertex -98.1218 -5 10.7443
    endloop
  endfacet
  facet normal 0 -1 0
    outer loop
      vertex -107.676 -5 9.91216
      vertex -98.0375 -5 10.3209
      vertex -107.537 -5 10.3209
    endloop
  endfacet
  facet normal 0 -1 0
    outer loop
      vertex -107.676 -5 9.91216
      vertex -97.8988 -5 9.91216
      vertex -98.0375 -5 10.3209
    endloop
  endfacet
  facet normal 0 -1 0
    outer loop
      vertex -107.867 -5 9.52501
      vertex -97.8988 -5 9.91216
      vertex -107.676 -5 9.91216
    endloop
  endfacet
  facet normal 0 -1 0
    outer loop
      vertex -107.867 -5 9.52501
      vertex -97.7079 -5 9.52501
      vertex -97.8988 -5 9.91216
    endloop
  endfacet
  facet normal 0 -1 0
    outer loop
      vertex -108.107 -5 9.16609
      vertex -97.7079 -5 9.52501
      vertex -107.867 -5 9.52501
    endloop
  endfacet
  facet normal 0 -1 0
    outer loop
      vertex -108.107 -5 9.16609
      vertex -97.4681 -5 9.16609
      vertex -97.7079 -5 9.52501
    endloop
  endfacet
  facet normal 0 -1 0
    outer loop
      vertex -108.392 -5 8.84155
      vertex -97.4681 -5 9.16609
      vertex -108.107 -5 9.16609
    endloop
  endfacet
  facet normal 0 -1 0
    outer loop
      vertex -108.392 -5 8.84155
      vertex -97.1834 -5 8.84155
      vertex -97.4681 -5 9.16609
    endloop
  endfacet
  facet normal 0 -1 0
    outer loop
      vertex -108.716 -5 8.55695
      vertex -97.1834 -5 8.84155
      vertex -108.392 -5 8.84155
    endloop
  endfacet
  facet normal 0 -1 0
    outer loop
      vertex -108.716 -5 8.55695
      vertex -96.8589 -5 8.55695
      vertex -97.1834 -5 8.84155
    endloop
  endfacet
  facet normal 0 -1 0
    outer loop
      vertex -109.075 -5 8.31712
      vertex -96.8589 -5 8.55695
      vertex -108.716 -5 8.55695
    endloop
  endfacet
  facet normal 0 -1 0
    outer loop
      vertex -109.075 -5 8.31712
      vertex -96.5 -5 8.31712
      vertex -96.8589 -5 8.55695
    endloop
  endfacet
  facet normal 0 -1 0
    outer loop
      vertex -109.462 -5 8.12621
      vertex -96.5 -5 8.31712
      vertex -109.075 -5 8.31712
    endloop
  endfacet
  facet normal 0 -1 0
    outer loop
      vertex -109.462 -5 8.12621
      vertex -96.1128 -5 8.12621
      vertex -96.5 -5 8.31712
    endloop
  endfacet
  facet normal 0 -1 0
    outer loop
      vertex -109.871 -5 7.98746
      vertex -96.1128 -5 8.12621
      vertex -109.462 -5 8.12621
    endloop
  endfacet
  facet normal 0 -1 0
    outer loop
      vertex -109.871 -5 7.98746
      vertex -95.7041 -5 7.98746
      vertex -96.1128 -5 8.12621
    endloop
  endfacet
  facet normal 0 -1 0
    outer loop
      vertex -110.294 -5 7.90324
      vertex -95.7041 -5 7.98746
      vertex -109.871 -5 7.98746
    endloop
  endfacet
  facet normal 0 -1 0
    outer loop
      vertex -110.294 -5 7.90324
      vertex -95.2807 -5 7.90324
      vertex -95.7041 -5 7.98746
    endloop
  endfacet
  facet normal 0 -1 0
    outer loop
      vertex -110.725 -5 7.875
      vertex -95.2807 -5 7.90324
      vertex -110.294 -5 7.90324
    endloop
  endfacet
  facet normal 0 -1 -0
    outer loop
      vertex -95.2807 -5 7.90324
      vertex -110.725 -5 7.875
      vertex -94.85 -5 7.875
    endloop
  endfacet
  facet normal 0 -1 0
    outer loop
      vertex -126.169 -5 17.8468
      vertex -110.725 -5 17.875
      vertex -126.6 -5 17.875
    endloop
  endfacet
  facet normal 0 -1 0
    outer loop
      vertex -126.169 -5 17.8468
      vertex -111.156 -5 17.8468
      vertex -110.725 -5 17.875
    endloop
  endfacet
  facet normal 0 -1 0
    outer loop
      vertex -125.746 -5 17.7625
      vertex -111.156 -5 17.8468
      vertex -126.169 -5 17.8468
    endloop
  endfacet
  facet normal 0 -1 0
    outer loop
      vertex -125.746 -5 17.7625
      vertex -111.579 -5 17.7625
      vertex -111.156 -5 17.8468
    endloop
  endfacet
  facet normal 0 -1 0
    outer loop
      vertex -125.337 -5 17.6238
      vertex -111.579 -5 17.7625
      vertex -125.746 -5 17.7625
    endloop
  endfacet
  facet normal 0 -1 0
    outer loop
      vertex -125.337 -5 17.6238
      vertex -111.988 -5 17.6238
      vertex -111.579 -5 17.7625
    endloop
  endfacet
  facet normal 0 -1 0
    outer loop
      vertex -124.95 -5 17.4329
      vertex -111.988 -5 17.6238
      vertex -125.337 -5 17.6238
    endloop
  endfacet
  facet normal 0 -1 0
    outer loop
      vertex -124.95 -5 17.4329
      vertex -112.375 -5 17.4329
      vertex -111.988 -5 17.6238
    endloop
  endfacet
  facet normal 0 -1 0
    outer loop
      vertex -124.591 -5 17.1931
      vertex -112.375 -5 17.4329
      vertex -124.95 -5 17.4329
    endloop
  endfacet
  facet normal 0 -1 0
    outer loop
      vertex -124.591 -5 17.1931
      vertex -112.734 -5 17.1931
      vertex -112.375 -5 17.4329
    endloop
  endfacet
  facet normal 0 -1 0
    outer loop
      vertex -124.267 -5 16.9084
      vertex -112.734 -5 17.1931
      vertex -124.591 -5 17.1931
    endloop
  endfacet
  facet normal 0 -1 0
    outer loop
      vertex -124.267 -5 16.9084
      vertex -113.058 -5 16.9084
      vertex -112.734 -5 17.1931
    endloop
  endfacet
  facet normal 0 -1 0
    outer loop
      vertex -123.982 -5 16.5839
      vertex -113.058 -5 16.9084
      vertex -124.267 -5 16.9084
    endloop
  endfacet
  facet normal 0 -1 0
    outer loop
      vertex -123.982 -5 16.5839
      vertex -113.343 -5 16.5839
      vertex -113.058 -5 16.9084
    endloop
  endfacet
  facet normal 0 -1 0
    outer loop
      vertex -123.742 -5 16.225
      vertex -113.343 -5 16.5839
      vertex -123.982 -5 16.5839
    endloop
  endfacet
  facet normal 0 -1 0
    outer loop
      vertex -123.742 -5 16.225
      vertex -113.583 -5 16.225
      vertex -113.343 -5 16.5839
    endloop
  endfacet
  facet normal 0 -1 0
    outer loop
      vertex -123.551 -5 15.8378
      vertex -113.583 -5 16.225
      vertex -123.742 -5 16.225
    endloop
  endfacet
  facet normal 0 -1 0
    outer loop
      vertex -123.551 -5 15.8378
      vertex -113.774 -5 15.8378
      vertex -113.583 -5 16.225
    endloop
  endfacet
  facet normal 0 -1 0
    outer loop
      vertex -123.412 -5 15.4291
      vertex -113.774 -5 15.8378
      vertex -123.551 -5 15.8378
    endloop
  endfacet
  facet normal 0 -1 0
    outer loop
      vertex -123.412 -5 15.4291
      vertex -113.913 -5 15.4291
      vertex -113.774 -5 15.8378
    endloop
  endfacet
  facet normal 0 -1 0
    outer loop
      vertex -123.328 -5 15.0057
      vertex -113.913 -5 15.4291
      vertex -123.412 -5 15.4291
    endloop
  endfacet
  facet normal 0 -1 0
    outer loop
      vertex -123.328 -5 15.0057
      vertex -113.997 -5 15.0057
      vertex -113.913 -5 15.4291
    endloop
  endfacet
  facet normal 0 -1 0
    outer loop
      vertex -123.3 -5 14.575
      vertex -113.997 -5 15.0057
      vertex -123.328 -5 15.0057
    endloop
  endfacet
  facet normal 0 -1 0
    outer loop
      vertex -123.3 -5 14.575
      vertex -114.025 -5 14.575
      vertex -113.997 -5 15.0057
    endloop
  endfacet
  facet normal 0 -1 0
    outer loop
      vertex -123.3 -5 11.175
      vertex -114.025 -5 14.575
      vertex -123.3 -5 14.575
    endloop
  endfacet
  facet normal 0 -1 0
    outer loop
      vertex -123.3 -5 11.175
      vertex -114.025 -5 11.175
      vertex -114.025 -5 14.575
    endloop
  endfacet
  facet normal 0 -1 0
    outer loop
      vertex -123.328 -5 10.7443
      vertex -114.025 -5 11.175
      vertex -123.3 -5 11.175
    endloop
  endfacet
  facet normal 0 -1 0
    outer loop
      vertex -123.328 -5 10.7443
      vertex -113.997 -5 10.7443
      vertex -114.025 -5 11.175
    endloop
  endfacet
  facet normal 0 -1 0
    outer loop
      vertex -123.412 -5 10.3209
      vertex -113.997 -5 10.7443
      vertex -123.328 -5 10.7443
    endloop
  endfacet
  facet normal 0 -1 0
    outer loop
      vertex -123.412 -5 10.3209
      vertex -113.913 -5 10.3209
      vertex -113.997 -5 10.7443
    endloop
  endfacet
  facet normal 0 -1 0
    outer loop
      vertex -123.551 -5 9.91216
      vertex -113.913 -5 10.3209
      vertex -123.412 -5 10.3209
    endloop
  endfacet
  facet normal 0 -1 0
    outer loop
      vertex -123.551 -5 9.91216
      vertex -113.774 -5 9.91216
      vertex -113.913 -5 10.3209
    endloop
  endfacet
  facet normal 0 -1 0
    outer loop
      vertex -123.742 -5 9.52501
      vertex -113.774 -5 9.91216
      vertex -123.551 -5 9.91216
    endloop
  endfacet
  facet normal 0 -1 0
    outer loop
      vertex -123.742 -5 9.52501
      vertex -113.583 -5 9.52501
      vertex -113.774 -5 9.91216
    endloop
  endfacet
  facet normal 0 -1 0
    outer loop
      vertex -123.982 -5 9.16609
      vertex -113.583 -5 9.52501
      vertex -123.742 -5 9.52501
    endloop
  endfacet
  facet normal 0 -1 0
    outer loop
      vertex -123.982 -5 9.16609
      vertex -113.343 -5 9.16609
      vertex -113.583 -5 9.52501
    endloop
  endfacet
  facet normal 0 -1 0
    outer loop
      vertex -124.267 -5 8.84155
      vertex -113.343 -5 9.16609
      vertex -123.982 -5 9.16609
    endloop
  endfacet
  facet normal 0 -1 0
    outer loop
      vertex -124.267 -5 8.84155
      vertex -113.058 -5 8.84155
      vertex -113.343 -5 9.16609
    endloop
  endfacet
  facet normal 0 -1 0
    outer loop
      vertex -124.591 -5 8.55695
      vertex -113.058 -5 8.84155
      vertex -124.267 -5 8.84155
    endloop
  endfacet
  facet normal 0 -1 0
    outer loop
      vertex -124.591 -5 8.55695
      vertex -112.734 -5 8.55695
      vertex -113.058 -5 8.84155
    endloop
  endfacet
  facet normal 0 -1 0
    outer loop
      vertex -124.95 -5 8.31712
      vertex -112.734 -5 8.55695
      vertex -124.591 -5 8.55695
    endloop
  endfacet
  facet normal 0 -1 0
    outer loop
      vertex -124.95 -5 8.31712
      vertex -112.375 -5 8.31712
      vertex -112.734 -5 8.55695
    endloop
  endfacet
  facet normal 0 -1 0
    outer loop
      vertex -125.337 -5 8.12621
      vertex -112.375 -5 8.31712
      vertex -124.95 -5 8.31712
    endloop
  endfacet
  facet normal 0 -1 0
    outer loop
      vertex -125.337 -5 8.12621
      vertex -111.988 -5 8.12621
      vertex -112.375 -5 8.31712
    endloop
  endfacet
  facet normal 0 -1 0
    outer loop
      vertex -125.746 -5 7.98746
      vertex -111.988 -5 8.12621
      vertex -125.337 -5 8.12621
    endloop
  endfacet
  facet normal 0 -1 0
    outer loop
      vertex -125.746 -5 7.98746
      vertex -111.579 -5 7.98746
      vertex -111.988 -5 8.12621
    endloop
  endfacet
  facet normal 0 -1 0
    outer loop
      vertex -126.169 -5 7.90324
      vertex -111.579 -5 7.98746
      vertex -125.746 -5 7.98746
    endloop
  endfacet
  facet normal 0 -1 0
    outer loop
      vertex -126.169 -5 7.90324
      vertex -111.156 -5 7.90324
      vertex -111.579 -5 7.98746
    endloop
  endfacet
  facet normal 0 -1 0
    outer loop
      vertex -126.6 -5 7.875
      vertex -111.156 -5 7.90324
      vertex -126.169 -5 7.90324
    endloop
  endfacet
  facet normal 0 -1 -0
    outer loop
      vertex -111.156 -5 7.90324
      vertex -126.6 -5 7.875
      vertex -110.725 -5 7.875
    endloop
  endfacet
  facet normal 0 -1 0
    outer loop
      vertex -138.869 -5 17.8468
      vertex -126.6 -5 17.875
      vertex -139.3 -5 17.875
    endloop
  endfacet
  facet normal 0 -1 0
    outer loop
      vertex -138.869 -5 17.8468
      vertex -127.031 -5 17.8468
      vertex -126.6 -5 17.875
    endloop
  endfacet
  facet normal 0 -1 0
    outer loop
      vertex -138.446 -5 17.7625
      vertex -127.031 -5 17.8468
      vertex -138.869 -5 17.8468
    endloop
  endfacet
  facet normal 0 -1 0
    outer loop
      vertex -138.446 -5 17.7625
      vertex -127.454 -5 17.7625
      vertex -127.031 -5 17.8468
    endloop
  endfacet
  facet normal 0 -1 0
    outer loop
      vertex -138.037 -5 17.6238
      vertex -127.454 -5 17.7625
      vertex -138.446 -5 17.7625
    endloop
  endfacet
  facet normal 0 -1 0
    outer loop
      vertex -138.037 -5 17.6238
      vertex -127.863 -5 17.6238
      vertex -127.454 -5 17.7625
    endloop
  endfacet
  facet normal 0 -1 0
    outer loop
      vertex -137.65 -5 17.4329
      vertex -127.863 -5 17.6238
      vertex -138.037 -5 17.6238
    endloop
  endfacet
  facet normal 0 -1 0
    outer loop
      vertex -137.65 -5 17.4329
      vertex -128.25 -5 17.4329
      vertex -127.863 -5 17.6238
    endloop
  endfacet
  facet normal 0 -1 0
    outer loop
      vertex -137.291 -5 17.1931
      vertex -128.25 -5 17.4329
      vertex -137.65 -5 17.4329
    endloop
  endfacet
  facet normal 0 -1 0
    outer loop
      vertex -137.291 -5 17.1931
      vertex -128.609 -5 17.1931
      vertex -128.25 -5 17.4329
    endloop
  endfacet
  facet normal 0 -1 0
    outer loop
      vertex -136.967 -5 16.9084
      vertex -128.609 -5 17.1931
      vertex -137.291 -5 17.1931
    endloop
  endfacet
  facet normal 0 -1 0
    outer loop
      vertex -136.967 -5 16.9084
      vertex -128.933 -5 16.9084
      vertex -128.609 -5 17.1931
    endloop
  endfacet
  facet normal 0 -1 0
    outer loop
      vertex -136.682 -5 16.5839
      vertex -128.933 -5 16.9084
      vertex -136.967 -5 16.9084
    endloop
  endfacet
  facet normal 0 -1 0
    outer loop
      vertex -136.682 -5 16.5839
      vertex -129.218 -5 16.5839
      vertex -128.933 -5 16.9084
    endloop
  endfacet
  facet normal 0 -1 0
    outer loop
      vertex -136.442 -5 16.225
      vertex -129.218 -5 16.5839
      vertex -136.682 -5 16.5839
    endloop
  endfacet
  facet normal 0 -1 0
    outer loop
      vertex -136.442 -5 16.225
      vertex -129.458 -5 16.225
      vertex -129.218 -5 16.5839
    endloop
  endfacet
  facet normal 0 -1 0
    outer loop
      vertex -136.251 -5 15.8378
      vertex -129.458 -5 16.225
      vertex -136.442 -5 16.225
    endloop
  endfacet
  facet normal 0 -1 0
    outer loop
      vertex -136.251 -5 15.8378
      vertex -129.649 -5 15.8378
      vertex -129.458 -5 16.225
    endloop
  endfacet
  facet normal 0 -1 0
    outer loop
      vertex -136.112 -5 15.4291
      vertex -129.649 -5 15.8378
      vertex -136.251 -5 15.8378
    endloop
  endfacet
  facet normal 0 -1 0
    outer loop
      vertex -136.112 -5 15.4291
      vertex -129.788 -5 15.4291
      vertex -129.649 -5 15.8378
    endloop
  endfacet
  facet normal 0 -1 0
    outer loop
      vertex -136.028 -5 15.0057
      vertex -129.788 -5 15.4291
      vertex -136.112 -5 15.4291
    endloop
  endfacet
  facet normal 0 -1 0
    outer loop
      vertex -136.028 -5 15.0057
      vertex -129.872 -5 15.0057
      vertex -129.788 -5 15.4291
    endloop
  endfacet
  facet normal 0 -1 0
    outer loop
      vertex -136 -5 14.575
      vertex -129.872 -5 15.0057
      vertex -136.028 -5 15.0057
    endloop
  endfacet
  facet normal 0 -1 0
    outer loop
      vertex -136 -5 14.575
      vertex -129.9 -5 14.575
      vertex -129.872 -5 15.0057
    endloop
  endfacet
  facet normal 0 -1 0
    outer loop
      vertex -136 -5 11.175
      vertex -129.9 -5 14.575
      vertex -136 -5 14.575
    endloop
  endfacet
  facet normal 0 -1 0
    outer loop
      vertex -136 -5 11.175
      vertex -129.9 -5 11.175
      vertex -129.9 -5 14.575
    endloop
  endfacet
  facet normal 0 -1 0
    outer loop
      vertex -136.028 -5 10.7443
      vertex -129.9 -5 11.175
      vertex -136 -5 11.175
    endloop
  endfacet
  facet normal 0 -1 0
    outer loop
      vertex -136.028 -5 10.7443
      vertex -129.872 -5 10.7443
      vertex -129.9 -5 11.175
    endloop
  endfacet
  facet normal 0 -1 0
    outer loop
      vertex -136.112 -5 10.3209
      vertex -129.872 -5 10.7443
      vertex -136.028 -5 10.7443
    endloop
  endfacet
  facet normal 0 -1 0
    outer loop
      vertex -136.112 -5 10.3209
      vertex -129.788 -5 10.3209
      vertex -129.872 -5 10.7443
    endloop
  endfacet
  facet normal 0 -1 0
    outer loop
      vertex -136.251 -5 9.91216
      vertex -129.788 -5 10.3209
      vertex -136.112 -5 10.3209
    endloop
  endfacet
  facet normal 0 -1 0
    outer loop
      vertex -136.251 -5 9.91216
      vertex -129.649 -5 9.91216
      vertex -129.788 -5 10.3209
    endloop
  endfacet
  facet normal 0 -1 0
    outer loop
      vertex -136.442 -5 9.52501
      vertex -129.649 -5 9.91216
      vertex -136.251 -5 9.91216
    endloop
  endfacet
  facet normal 0 -1 0
    outer loop
      vertex -136.442 -5 9.52501
      vertex -129.458 -5 9.52501
      vertex -129.649 -5 9.91216
    endloop
  endfacet
  facet normal 0 -1 0
    outer loop
      vertex -136.682 -5 9.16609
      vertex -129.458 -5 9.52501
      vertex -136.442 -5 9.52501
    endloop
  endfacet
  facet normal 0 -1 0
    outer loop
      vertex -136.682 -5 9.16609
      vertex -129.218 -5 9.16609
      vertex -129.458 -5 9.52501
    endloop
  endfacet
  facet normal 0 -1 0
    outer loop
      vertex -136.967 -5 8.84155
      vertex -129.218 -5 9.16609
      vertex -136.682 -5 9.16609
    endloop
  endfacet
  facet normal 0 -1 0
    outer loop
      vertex -136.967 -5 8.84155
      vertex -128.933 -5 8.84155
      vertex -129.218 -5 9.16609
    endloop
  endfacet
  facet normal 0 -1 0
    outer loop
      vertex -137.291 -5 8.55695
      vertex -128.933 -5 8.84155
      vertex -136.967 -5 8.84155
    endloop
  endfacet
  facet normal 0 -1 0
    outer loop
      vertex -137.291 -5 8.55695
      vertex -128.609 -5 8.55695
      vertex -128.933 -5 8.84155
    endloop
  endfacet
  facet normal 0 -1 0
    outer loop
      vertex -137.65 -5 8.31712
      vertex -128.609 -5 8.55695
      vertex -137.291 -5 8.55695
    endloop
  endfacet
  facet normal 0 -1 0
    outer loop
      vertex -137.65 -5 8.31712
      vertex -128.25 -5 8.31712
      vertex -128.609 -5 8.55695
    endloop
  endfacet
  facet normal 0 -1 0
    outer loop
      vertex -138.037 -5 8.12621
      vertex -128.25 -5 8.31712
      vertex -137.65 -5 8.31712
    endloop
  endfacet
  facet normal 0 -1 0
    outer loop
      vertex -138.037 -5 8.12621
      vertex -127.863 -5 8.12621
      vertex -128.25 -5 8.31712
    endloop
  endfacet
  facet normal 0 -1 0
    outer loop
      vertex -138.446 -5 7.98746
      vertex -127.863 -5 8.12621
      vertex -138.037 -5 8.12621
    endloop
  endfacet
  facet normal 0 -1 0
    outer loop
      vertex -138.446 -5 7.98746
      vertex -127.454 -5 7.98746
      vertex -127.863 -5 8.12621
    endloop
  endfacet
  facet normal 0 -1 0
    outer loop
      vertex -138.869 -5 7.90324
      vertex -127.454 -5 7.98746
      vertex -138.446 -5 7.98746
    endloop
  endfacet
  facet normal 0 -1 0
    outer loop
      vertex -138.869 -5 7.90324
      vertex -127.031 -5 7.90324
      vertex -127.454 -5 7.98746
    endloop
  endfacet
  facet normal 0 -1 0
    outer loop
      vertex -139.3 -5 7.875
      vertex -127.031 -5 7.90324
      vertex -138.869 -5 7.90324
    endloop
  endfacet
  facet normal 0 -1 -0
    outer loop
      vertex -127.031 -5 7.90324
      vertex -139.3 -5 7.875
      vertex -126.6 -5 7.875
    endloop
  endfacet
  facet normal 0 -1 0
    outer loop
      vertex -154.744 -5 17.8468
      vertex -139.3 -5 17.875
      vertex -155.175 -5 17.875
    endloop
  endfacet
  facet normal 0 -1 0
    outer loop
      vertex -154.744 -5 17.8468
      vertex -139.731 -5 17.8468
      vertex -139.3 -5 17.875
    endloop
  endfacet
  facet normal 0 -1 0
    outer loop
      vertex -154.321 -5 17.7625
      vertex -139.731 -5 17.8468
      vertex -154.744 -5 17.8468
    endloop
  endfacet
  facet normal 0 -1 0
    outer loop
      vertex -154.321 -5 17.7625
      vertex -140.154 -5 17.7625
      vertex -139.731 -5 17.8468
    endloop
  endfacet
  facet normal 0 -1 0
    outer loop
      vertex -153.912 -5 17.6238
      vertex -140.154 -5 17.7625
      vertex -154.321 -5 17.7625
    endloop
  endfacet
  facet normal 0 -1 0
    outer loop
      vertex -153.912 -5 17.6238
      vertex -140.563 -5 17.6238
      vertex -140.154 -5 17.7625
    endloop
  endfacet
  facet normal 0 -1 0
    outer loop
      vertex -153.525 -5 17.4329
      vertex -140.563 -5 17.6238
      vertex -153.912 -5 17.6238
    endloop
  endfacet
  facet normal 0 -1 0
    outer loop
      vertex -153.525 -5 17.4329
      vertex -140.95 -5 17.4329
      vertex -140.563 -5 17.6238
    endloop
  endfacet
  facet normal 0 -1 0
    outer loop
      vertex -153.166 -5 17.1931
      vertex -140.95 -5 17.4329
      vertex -153.525 -5 17.4329
    endloop
  endfacet
  facet normal 0 -1 0
    outer loop
      vertex -153.166 -5 17.1931
      vertex -141.309 -5 17.1931
      vertex -140.95 -5 17.4329
    endloop
  endfacet
  facet normal 0 -1 0
    outer loop
      vertex -152.842 -5 16.9084
      vertex -141.309 -5 17.1931
      vertex -153.166 -5 17.1931
    endloop
  endfacet
  facet normal 0 -1 0
    outer loop
      vertex -152.842 -5 16.9084
      vertex -141.633 -5 16.9084
      vertex -141.309 -5 17.1931
    endloop
  endfacet
  facet normal 0 -1 0
    outer loop
      vertex -152.557 -5 16.5839
      vertex -141.633 -5 16.9084
      vertex -152.842 -5 16.9084
    endloop
  endfacet
  facet normal 0 -1 0
    outer loop
      vertex -152.557 -5 16.5839
      vertex -141.918 -5 16.5839
      vertex -141.633 -5 16.9084
    endloop
  endfacet
  facet normal 0 -1 0
    outer loop
      vertex -152.317 -5 16.225
      vertex -141.918 -5 16.5839
      vertex -152.557 -5 16.5839
    endloop
  endfacet
  facet normal 0 -1 0
    outer loop
      vertex -152.317 -5 16.225
      vertex -142.158 -5 16.225
      vertex -141.918 -5 16.5839
    endloop
  endfacet
  facet normal 0 -1 0
    outer loop
      vertex -152.126 -5 15.8378
      vertex -142.158 -5 16.225
      vertex -152.317 -5 16.225
    endloop
  endfacet
  facet normal 0 -1 0
    outer loop
      vertex -152.126 -5 15.8378
      vertex -142.349 -5 15.8378
      vertex -142.158 -5 16.225
    endloop
  endfacet
  facet normal 0 -1 0
    outer loop
      vertex -151.987 -5 15.4291
      vertex -142.349 -5 15.8378
      vertex -152.126 -5 15.8378
    endloop
  endfacet
  facet normal 0 -1 0
    outer loop
      vertex -151.987 -5 15.4291
      vertex -142.488 -5 15.4291
      vertex -142.349 -5 15.8378
    endloop
  endfacet
  facet normal 0 -1 0
    outer loop
      vertex -151.903 -5 15.0057
      vertex -142.488 -5 15.4291
      vertex -151.987 -5 15.4291
    endloop
  endfacet
  facet normal 0 -1 0
    outer loop
      vertex -151.903 -5 15.0057
      vertex -142.572 -5 15.0057
      vertex -142.488 -5 15.4291
    endloop
  endfacet
  facet normal 0 -1 0
    outer loop
      vertex -151.875 -5 14.575
      vertex -142.572 -5 15.0057
      vertex -151.903 -5 15.0057
    endloop
  endfacet
  facet normal 0 -1 0
    outer loop
      vertex -151.875 -5 14.575
      vertex -142.6 -5 14.575
      vertex -142.572 -5 15.0057
    endloop
  endfacet
  facet normal 0 -1 0
    outer loop
      vertex -151.875 -5 11.175
      vertex -142.6 -5 14.575
      vertex -151.875 -5 14.575
    endloop
  endfacet
  facet normal 0 -1 0
    outer loop
      vertex -151.875 -5 11.175
      vertex -142.6 -5 11.175
      vertex -142.6 -5 14.575
    endloop
  endfacet
  facet normal 0 -1 0
    outer loop
      vertex -151.903 -5 10.7443
      vertex -142.6 -5 11.175
      vertex -151.875 -5 11.175
    endloop
  endfacet
  facet normal 0 -1 0
    outer loop
      vertex -151.903 -5 10.7443
      vertex -142.572 -5 10.7443
      vertex -142.6 -5 11.175
    endloop
  endfacet
  facet normal 0 -1 0
    outer loop
      vertex -151.987 -5 10.3209
      vertex -142.572 -5 10.7443
      vertex -151.903 -5 10.7443
    endloop
  endfacet
  facet normal 0 -1 0
    outer loop
      vertex -151.987 -5 10.3209
      vertex -142.488 -5 10.3209
      vertex -142.572 -5 10.7443
    endloop
  endfacet
  facet normal 0 -1 0
    outer loop
      vertex -152.126 -5 9.91216
      vertex -142.488 -5 10.3209
      vertex -151.987 -5 10.3209
    endloop
  endfacet
  facet normal 0 -1 0
    outer loop
      vertex -152.126 -5 9.91216
      vertex -142.349 -5 9.91216
      vertex -142.488 -5 10.3209
    endloop
  endfacet
  facet normal 0 -1 0
    outer loop
      vertex -152.317 -5 9.52501
      vertex -142.349 -5 9.91216
      vertex -152.126 -5 9.91216
    endloop
  endfacet
  facet normal 0 -1 0
    outer loop
      vertex -152.317 -5 9.52501
      vertex -142.158 -5 9.52501
      vertex -142.349 -5 9.91216
    endloop
  endfacet
  facet normal 0 -1 0
    outer loop
      vertex -152.557 -5 9.16609
      vertex -142.158 -5 9.52501
      vertex -152.317 -5 9.52501
    endloop
  endfacet
  facet normal 0 -1 0
    outer loop
      vertex -152.557 -5 9.16609
      vertex -141.918 -5 9.16609
      vertex -142.158 -5 9.52501
    endloop
  endfacet
  facet normal 0 -1 0
    outer loop
      vertex -152.842 -5 8.84155
      vertex -141.918 -5 9.16609
      vertex -152.557 -5 9.16609
    endloop
  endfacet
  facet normal 0 -1 0
    outer loop
      vertex -152.842 -5 8.84155
      vertex -141.633 -5 8.84155
      vertex -141.918 -5 9.16609
    endloop
  endfacet
  facet normal 0 -1 0
    outer loop
      vertex -153.166 -5 8.55695
      vertex -141.633 -5 8.84155
      vertex -152.842 -5 8.84155
    endloop
  endfacet
  facet normal 0 -1 0
    outer loop
      vertex -153.166 -5 8.55695
      vertex -141.309 -5 8.55695
      vertex -141.633 -5 8.84155
    endloop
  endfacet
  facet normal 0 -1 0
    outer loop
      vertex -153.525 -5 8.31712
      vertex -141.309 -5 8.55695
      vertex -153.166 -5 8.55695
    endloop
  endfacet
  facet normal 0 -1 0
    outer loop
      vertex -153.525 -5 8.31712
      vertex -140.95 -5 8.31712
      vertex -141.309 -5 8.55695
    endloop
  endfacet
  facet normal 0 -1 0
    outer loop
      vertex -153.912 -5 8.12621
      vertex -140.95 -5 8.31712
      vertex -153.525 -5 8.31712
    endloop
  endfacet
  facet normal 0 -1 0
    outer loop
      vertex -153.912 -5 8.12621
      vertex -140.563 -5 8.12621
      vertex -140.95 -5 8.31712
    endloop
  endfacet
  facet normal 0 -1 0
    outer loop
      vertex -154.321 -5 7.98746
      vertex -140.563 -5 8.12621
      vertex -153.912 -5 8.12621
    endloop
  endfacet
  facet normal 0 -1 0
    outer loop
      vertex -154.321 -5 7.98746
      vertex -140.154 -5 7.98746
      vertex -140.563 -5 8.12621
    endloop
  endfacet
  facet normal 0 -1 0
    outer loop
      vertex -154.744 -5 7.90324
      vertex -140.154 -5 7.98746
      vertex -154.321 -5 7.98746
    endloop
  endfacet
  facet normal 0 -1 0
    outer loop
      vertex -154.744 -5 7.90324
      vertex -139.731 -5 7.90324
      vertex -140.154 -5 7.98746
    endloop
  endfacet
  facet normal 0 -1 0
    outer loop
      vertex -155.175 -5 7.875
      vertex -139.731 -5 7.90324
      vertex -154.744 -5 7.90324
    endloop
  endfacet
  facet normal 0 -1 -0
    outer loop
      vertex -139.731 -5 7.90324
      vertex -155.175 -5 7.875
      vertex -139.3 -5 7.875
    endloop
  endfacet
  facet normal 0 -1 0
    outer loop
      vertex -170.619 -5 17.8468
      vertex -155.175 -5 17.875
      vertex -171.05 -5 17.875
    endloop
  endfacet
  facet normal 0 -1 0
    outer loop
      vertex -170.619 -5 17.8468
      vertex -155.606 -5 17.8468
      vertex -155.175 -5 17.875
    endloop
  endfacet
  facet normal 0 -1 0
    outer loop
      vertex -170.196 -5 17.7625
      vertex -155.606 -5 17.8468
      vertex -170.619 -5 17.8468
    endloop
  endfacet
  facet normal 0 -1 0
    outer loop
      vertex -170.196 -5 17.7625
      vertex -156.029 -5 17.7625
      vertex -155.606 -5 17.8468
    endloop
  endfacet
  facet normal 0 -1 0
    outer loop
      vertex -169.787 -5 17.6238
      vertex -156.029 -5 17.7625
      vertex -170.196 -5 17.7625
    endloop
  endfacet
  facet normal 0 -1 0
    outer loop
      vertex -169.787 -5 17.6238
      vertex -156.438 -5 17.6238
      vertex -156.029 -5 17.7625
    endloop
  endfacet
  facet normal 0 -1 0
    outer loop
      vertex -169.4 -5 17.4329
      vertex -156.438 -5 17.6238
      vertex -169.787 -5 17.6238
    endloop
  endfacet
  facet normal 0 -1 0
    outer loop
      vertex -169.4 -5 17.4329
      vertex -156.825 -5 17.4329
      vertex -156.438 -5 17.6238
    endloop
  endfacet
  facet normal 0 -1 0
    outer loop
      vertex -169.041 -5 17.1931
      vertex -156.825 -5 17.4329
      vertex -169.4 -5 17.4329
    endloop
  endfacet
  facet normal 0 -1 0
    outer loop
      vertex -169.041 -5 17.1931
      vertex -157.184 -5 17.1931
      vertex -156.825 -5 17.4329
    endloop
  endfacet
  facet normal 0 -1 0
    outer loop
      vertex -168.717 -5 16.9084
      vertex -157.184 -5 17.1931
      vertex -169.041 -5 17.1931
    endloop
  endfacet
  facet normal 0 -1 0
    outer loop
      vertex -168.717 -5 16.9084
      vertex -157.508 -5 16.9084
      vertex -157.184 -5 17.1931
    endloop
  endfacet
  facet normal 0 -1 0
    outer loop
      vertex -168.432 -5 16.5839
      vertex -157.508 -5 16.9084
      vertex -168.717 -5 16.9084
    endloop
  endfacet
  facet normal 0 -1 0
    outer loop
      vertex -168.432 -5 16.5839
      vertex -157.793 -5 16.5839
      vertex -157.508 -5 16.9084
    endloop
  endfacet
  facet normal 0 -1 0
    outer loop
      vertex -168.192 -5 16.225
      vertex -157.793 -5 16.5839
      vertex -168.432 -5 16.5839
    endloop
  endfacet
  facet normal 0 -1 0
    outer loop
      vertex -168.192 -5 16.225
      vertex -158.033 -5 16.225
      vertex -157.793 -5 16.5839
    endloop
  endfacet
  facet normal 0 -1 0
    outer loop
      vertex -168.001 -5 15.8378
      vertex -158.033 -5 16.225
      vertex -168.192 -5 16.225
    endloop
  endfacet
  facet normal 0 -1 0
    outer loop
      vertex -168.001 -5 15.8378
      vertex -158.224 -5 15.8378
      vertex -158.033 -5 16.225
    endloop
  endfacet
  facet normal 0 -1 0
    outer loop
      vertex -167.862 -5 15.4291
      vertex -158.224 -5 15.8378
      vertex -168.001 -5 15.8378
    endloop
  endfacet
  facet normal 0 -1 0
    outer loop
      vertex -167.862 -5 15.4291
      vertex -158.363 -5 15.4291
      vertex -158.224 -5 15.8378
    endloop
  endfacet
  facet normal 0 -1 0
    outer loop
      vertex -167.778 -5 15.0057
      vertex -158.363 -5 15.4291
      vertex -167.862 -5 15.4291
    endloop
  endfacet
  facet normal 0 -1 0
    outer loop
      vertex -167.778 -5 15.0057
      vertex -158.447 -5 15.0057
      vertex -158.363 -5 15.4291
    endloop
  endfacet
  facet normal 0 -1 0
    outer loop
      vertex -167.75 -5 14.575
      vertex -158.447 -5 15.0057
      vertex -167.778 -5 15.0057
    endloop
  endfacet
  facet normal 0 -1 0
    outer loop
      vertex -167.75 -5 14.575
      vertex -158.475 -5 14.575
      vertex -158.447 -5 15.0057
    endloop
  endfacet
  facet normal 0 -1 0
    outer loop
      vertex -167.75 -5 11.175
      vertex -158.475 -5 14.575
      vertex -167.75 -5 14.575
    endloop
  endfacet
  facet normal 0 -1 0
    outer loop
      vertex -167.75 -5 11.175
      vertex -158.475 -5 11.175
      vertex -158.475 -5 14.575
    endloop
  endfacet
  facet normal 0 -1 0
    outer loop
      vertex -167.778 -5 10.7443
      vertex -158.475 -5 11.175
      vertex -167.75 -5 11.175
    endloop
  endfacet
  facet normal 0 -1 0
    outer loop
      vertex -167.778 -5 10.7443
      vertex -158.447 -5 10.7443
      vertex -158.475 -5 11.175
    endloop
  endfacet
  facet normal 0 -1 0
    outer loop
      vertex -167.862 -5 10.3209
      vertex -158.447 -5 10.7443
      vertex -167.778 -5 10.7443
    endloop
  endfacet
  facet normal 0 -1 0
    outer loop
      vertex -167.862 -5 10.3209
      vertex -158.363 -5 10.3209
      vertex -158.447 -5 10.7443
    endloop
  endfacet
  facet normal 0 -1 0
    outer loop
      vertex -168.001 -5 9.91216
      vertex -158.363 -5 10.3209
      vertex -167.862 -5 10.3209
    endloop
  endfacet
  facet normal 0 -1 0
    outer loop
      vertex -168.001 -5 9.91216
      vertex -158.224 -5 9.91216
      vertex -158.363 -5 10.3209
    endloop
  endfacet
  facet normal 0 -1 0
    outer loop
      vertex -168.192 -5 9.52501
      vertex -158.224 -5 9.91216
      vertex -168.001 -5 9.91216
    endloop
  endfacet
  facet normal 0 -1 0
    outer loop
      vertex -168.192 -5 9.52501
      vertex -158.033 -5 9.52501
      vertex -158.224 -5 9.91216
    endloop
  endfacet
  facet normal 0 -1 0
    outer loop
      vertex -168.432 -5 9.16609
      vertex -158.033 -5 9.52501
      vertex -168.192 -5 9.52501
    endloop
  endfacet
  facet normal 0 -1 0
    outer loop
      vertex -168.432 -5 9.16609
      vertex -157.793 -5 9.16609
      vertex -158.033 -5 9.52501
    endloop
  endfacet
  facet normal 0 -1 0
    outer loop
      vertex -168.717 -5 8.84155
      vertex -157.793 -5 9.16609
      vertex -168.432 -5 9.16609
    endloop
  endfacet
  facet normal 0 -1 0
    outer loop
      vertex -168.717 -5 8.84155
      vertex -157.508 -5 8.84155
      vertex -157.793 -5 9.16609
    endloop
  endfacet
  facet normal 0 -1 0
    outer loop
      vertex -169.041 -5 8.55695
      vertex -157.508 -5 8.84155
      vertex -168.717 -5 8.84155
    endloop
  endfacet
  facet normal 0 -1 0
    outer loop
      vertex -169.041 -5 8.55695
      vertex -157.184 -5 8.55695
      vertex -157.508 -5 8.84155
    endloop
  endfacet
  facet normal 0 -1 0
    outer loop
      vertex -169.4 -5 8.31712
      vertex -157.184 -5 8.55695
      vertex -169.041 -5 8.55695
    endloop
  endfacet
  facet normal 0 -1 0
    outer loop
      vertex -169.4 -5 8.31712
      vertex -156.825 -5 8.31712
      vertex -157.184 -5 8.55695
    endloop
  endfacet
  facet normal 0 -1 0
    outer loop
      vertex -169.787 -5 8.12621
      vertex -156.825 -5 8.31712
      vertex -169.4 -5 8.31712
    endloop
  endfacet
  facet normal 0 -1 0
    outer loop
      vertex -169.787 -5 8.12621
      vertex -156.438 -5 8.12621
      vertex -156.825 -5 8.31712
    endloop
  endfacet
  facet normal 0 -1 0
    outer loop
      vertex -170.196 -5 7.98746
      vertex -156.438 -5 8.12621
      vertex -169.787 -5 8.12621
    endloop
  endfacet
  facet normal 0 -1 0
    outer loop
      vertex -170.196 -5 7.98746
      vertex -156.029 -5 7.98746
      vertex -156.438 -5 8.12621
    endloop
  endfacet
  facet normal 0 -1 0
    outer loop
      vertex -170.619 -5 7.90324
      vertex -156.029 -5 7.98746
      vertex -170.196 -5 7.98746
    endloop
  endfacet
  facet normal 0 -1 0
    outer loop
      vertex -170.619 -5 7.90324
      vertex -155.606 -5 7.90324
      vertex -156.029 -5 7.98746
    endloop
  endfacet
  facet normal 0 -1 0
    outer loop
      vertex -171.05 -5 7.875
      vertex -155.606 -5 7.90324
      vertex -170.619 -5 7.90324
    endloop
  endfacet
  facet normal 0 -1 -0
    outer loop
      vertex -155.606 -5 7.90324
      vertex -171.05 -5 7.875
      vertex -155.175 -5 7.875
    endloop
  endfacet
  facet normal 0 -1 0
    outer loop
      vertex -183.319 -5 17.8468
      vertex -171.05 -5 17.875
      vertex -183.75 -5 17.875
    endloop
  endfacet
  facet normal 0 -1 0
    outer loop
      vertex -183.319 -5 17.8468
      vertex -171.481 -5 17.8468
      vertex -171.05 -5 17.875
    endloop
  endfacet
  facet normal 0 -1 0
    outer loop
      vertex -182.896 -5 17.7625
      vertex -171.481 -5 17.8468
      vertex -183.319 -5 17.8468
    endloop
  endfacet
  facet normal 0 -1 0
    outer loop
      vertex -182.896 -5 17.7625
      vertex -171.904 -5 17.7625
      vertex -171.481 -5 17.8468
    endloop
  endfacet
  facet normal 0 -1 0
    outer loop
      vertex -182.487 -5 17.6238
      vertex -171.904 -5 17.7625
      vertex -182.896 -5 17.7625
    endloop
  endfacet
  facet normal 0 -1 0
    outer loop
      vertex -182.487 -5 17.6238
      vertex -172.313 -5 17.6238
      vertex -171.904 -5 17.7625
    endloop
  endfacet
  facet normal 0 -1 0
    outer loop
      vertex -182.1 -5 17.4329
      vertex -172.313 -5 17.6238
      vertex -182.487 -5 17.6238
    endloop
  endfacet
  facet normal 0 -1 0
    outer loop
      vertex -182.1 -5 17.4329
      vertex -172.7 -5 17.4329
      vertex -172.313 -5 17.6238
    endloop
  endfacet
  facet normal 0 -1 0
    outer loop
      vertex -181.741 -5 17.1931
      vertex -172.7 -5 17.4329
      vertex -182.1 -5 17.4329
    endloop
  endfacet
  facet normal 0 -1 0
    outer loop
      vertex -181.741 -5 17.1931
      vertex -173.059 -5 17.1931
      vertex -172.7 -5 17.4329
    endloop
  endfacet
  facet normal 0 -1 0
    outer loop
      vertex -181.417 -5 16.9084
      vertex -173.059 -5 17.1931
      vertex -181.741 -5 17.1931
    endloop
  endfacet
  facet normal 0 -1 0
    outer loop
      vertex -181.417 -5 16.9084
      vertex -173.383 -5 16.9084
      vertex -173.059 -5 17.1931
    endloop
  endfacet
  facet normal 0 -1 0
    outer loop
      vertex -181.132 -5 16.5839
      vertex -173.383 -5 16.9084
      vertex -181.417 -5 16.9084
    endloop
  endfacet
  facet normal 0 -1 0
    outer loop
      vertex -181.132 -5 16.5839
      vertex -173.668 -5 16.5839
      vertex -173.383 -5 16.9084
    endloop
  endfacet
  facet normal 0 -1 0
    outer loop
      vertex -180.892 -5 16.225
      vertex -173.668 -5 16.5839
      vertex -181.132 -5 16.5839
    endloop
  endfacet
  facet normal 0 -1 0
    outer loop
      vertex -180.892 -5 16.225
      vertex -173.908 -5 16.225
      vertex -173.668 -5 16.5839
    endloop
  endfacet
  facet normal 0 -1 0
    outer loop
      vertex -180.701 -5 15.8378
      vertex -173.908 -5 16.225
      vertex -180.892 -5 16.225
    endloop
  endfacet
  facet normal 0 -1 0
    outer loop
      vertex -180.701 -5 15.8378
      vertex -174.099 -5 15.8378
      vertex -173.908 -5 16.225
    endloop
  endfacet
  facet normal 0 -1 0
    outer loop
      vertex -180.562 -5 15.4291
      vertex -174.099 -5 15.8378
      vertex -180.701 -5 15.8378
    endloop
  endfacet
  facet normal 0 -1 0
    outer loop
      vertex -180.562 -5 15.4291
      vertex -174.238 -5 15.4291
      vertex -174.099 -5 15.8378
    endloop
  endfacet
  facet normal 0 -1 0
    outer loop
      vertex -180.478 -5 15.0057
      vertex -174.238 -5 15.4291
      vertex -180.562 -5 15.4291
    endloop
  endfacet
  facet normal 0 -1 0
    outer loop
      vertex -180.478 -5 15.0057
      vertex -174.322 -5 15.0057
      vertex -174.238 -5 15.4291
    endloop
  endfacet
  facet normal 0 -1 0
    outer loop
      vertex -180.45 -5 14.575
      vertex -174.322 -5 15.0057
      vertex -180.478 -5 15.0057
    endloop
  endfacet
  facet normal 0 -1 0
    outer loop
      vertex -180.45 -5 14.575
      vertex -174.35 -5 14.575
      vertex -174.322 -5 15.0057
    endloop
  endfacet
  facet normal 0 -1 0
    outer loop
      vertex -180.45 -5 11.175
      vertex -174.35 -5 14.575
      vertex -180.45 -5 14.575
    endloop
  endfacet
  facet normal 0 -1 0
    outer loop
      vertex -180.45 -5 11.175
      vertex -174.35 -5 11.175
      vertex -174.35 -5 14.575
    endloop
  endfacet
  facet normal 0 -1 0
    outer loop
      vertex -180.478 -5 10.7443
      vertex -174.35 -5 11.175
      vertex -180.45 -5 11.175
    endloop
  endfacet
  facet normal 0 -1 0
    outer loop
      vertex -180.478 -5 10.7443
      vertex -174.322 -5 10.7443
      vertex -174.35 -5 11.175
    endloop
  endfacet
  facet normal 0 -1 0
    outer loop
      vertex -180.562 -5 10.3209
      vertex -174.322 -5 10.7443
      vertex -180.478 -5 10.7443
    endloop
  endfacet
  facet normal 0 -1 0
    outer loop
      vertex -180.562 -5 10.3209
      vertex -174.238 -5 10.3209
      vertex -174.322 -5 10.7443
    endloop
  endfacet
  facet normal 0 -1 0
    outer loop
      vertex -180.701 -5 9.91216
      vertex -174.238 -5 10.3209
      vertex -180.562 -5 10.3209
    endloop
  endfacet
  facet normal 0 -1 0
    outer loop
      vertex -180.701 -5 9.91216
      vertex -174.099 -5 9.91216
      vertex -174.238 -5 10.3209
    endloop
  endfacet
  facet normal 0 -1 0
    outer loop
      vertex -180.892 -5 9.52501
      vertex -174.099 -5 9.91216
      vertex -180.701 -5 9.91216
    endloop
  endfacet
  facet normal 0 -1 0
    outer loop
      vertex -180.892 -5 9.52501
      vertex -173.908 -5 9.52501
      vertex -174.099 -5 9.91216
    endloop
  endfacet
  facet normal 0 -1 0
    outer loop
      vertex -181.132 -5 9.16609
      vertex -173.908 -5 9.52501
      vertex -180.892 -5 9.52501
    endloop
  endfacet
  facet normal 0 -1 0
    outer loop
      vertex -181.132 -5 9.16609
      vertex -173.668 -5 9.16609
      vertex -173.908 -5 9.52501
    endloop
  endfacet
  facet normal 0 -1 0
    outer loop
      vertex -181.417 -5 8.84155
      vertex -173.668 -5 9.16609
      vertex -181.132 -5 9.16609
    endloop
  endfacet
  facet normal 0 -1 0
    outer loop
      vertex -181.417 -5 8.84155
      vertex -173.383 -5 8.84155
      vertex -173.668 -5 9.16609
    endloop
  endfacet
  facet normal 0 -1 0
    outer loop
      vertex -181.741 -5 8.55695
      vertex -173.383 -5 8.84155
      vertex -181.417 -5 8.84155
    endloop
  endfacet
  facet normal 0 -1 0
    outer loop
      vertex -181.741 -5 8.55695
      vertex -173.059 -5 8.55695
      vertex -173.383 -5 8.84155
    endloop
  endfacet
  facet normal 0 -1 0
    outer loop
      vertex -182.1 -5 8.31712
      vertex -173.059 -5 8.55695
      vertex -181.741 -5 8.55695
    endloop
  endfacet
  facet normal 0 -1 0
    outer loop
      vertex -182.1 -5 8.31712
      vertex -172.7 -5 8.31712
      vertex -173.059 -5 8.55695
    endloop
  endfacet
  facet normal 0 -1 0
    outer loop
      vertex -182.487 -5 8.12621
      vertex -172.7 -5 8.31712
      vertex -182.1 -5 8.31712
    endloop
  endfacet
  facet normal 0 -1 0
    outer loop
      vertex -182.487 -5 8.12621
      vertex -172.313 -5 8.12621
      vertex -172.7 -5 8.31712
    endloop
  endfacet
  facet normal 0 -1 0
    outer loop
      vertex -182.896 -5 7.98746
      vertex -172.313 -5 8.12621
      vertex -182.487 -5 8.12621
    endloop
  endfacet
  facet normal 0 -1 0
    outer loop
      vertex -182.896 -5 7.98746
      vertex -171.904 -5 7.98746
      vertex -172.313 -5 8.12621
    endloop
  endfacet
  facet normal 0 -1 0
    outer loop
      vertex -183.319 -5 7.90324
      vertex -171.904 -5 7.98746
      vertex -182.896 -5 7.98746
    endloop
  endfacet
  facet normal 0 -1 0
    outer loop
      vertex -183.319 -5 7.90324
      vertex -171.481 -5 7.90324
      vertex -171.904 -5 7.98746
    endloop
  endfacet
  facet normal 0 -1 0
    outer loop
      vertex -183.75 -5 7.875
      vertex -171.481 -5 7.90324
      vertex -183.319 -5 7.90324
    endloop
  endfacet
  facet normal 0 -1 -0
    outer loop
      vertex -171.481 -5 7.90324
      vertex -183.75 -5 7.875
      vertex -171.05 -5 7.875
    endloop
  endfacet
  facet normal 0 -1 0
    outer loop
      vertex -184.181 -5 17.8468
      vertex -218.45 -5 21.625
      vertex -199.194 -5 17.8468
    endloop
  endfacet
  facet normal 0 -1 0
    outer loop
      vertex -218.45 -5 21.625
      vertex -184.181 -5 17.8468
      vertex -183.75 -5 17.875
    endloop
  endfacet
  facet normal 0 -1 0
    outer loop
      vertex -198.771 -5 17.7625
      vertex -184.181 -5 17.8468
      vertex -199.194 -5 17.8468
    endloop
  endfacet
  facet normal 0 -1 0
    outer loop
      vertex -198.771 -5 17.7625
      vertex -184.604 -5 17.7625
      vertex -184.181 -5 17.8468
    endloop
  endfacet
  facet normal 0 -1 0
    outer loop
      vertex -198.362 -5 17.6238
      vertex -184.604 -5 17.7625
      vertex -198.771 -5 17.7625
    endloop
  endfacet
  facet normal 0 -1 0
    outer loop
      vertex -198.362 -5 17.6238
      vertex -185.013 -5 17.6238
      vertex -184.604 -5 17.7625
    endloop
  endfacet
  facet normal 0 -1 0
    outer loop
      vertex -197.975 -5 17.4329
      vertex -185.013 -5 17.6238
      vertex -198.362 -5 17.6238
    endloop
  endfacet
  facet normal 0 -1 0
    outer loop
      vertex -197.975 -5 17.4329
      vertex -185.4 -5 17.4329
      vertex -185.013 -5 17.6238
    endloop
  endfacet
  facet normal 0 -1 0
    outer loop
      vertex -197.616 -5 17.1931
      vertex -185.4 -5 17.4329
      vertex -197.975 -5 17.4329
    endloop
  endfacet
  facet normal 0 -1 0
    outer loop
      vertex -197.616 -5 17.1931
      vertex -185.759 -5 17.1931
      vertex -185.4 -5 17.4329
    endloop
  endfacet
  facet normal 0 -1 0
    outer loop
      vertex -197.292 -5 16.9084
      vertex -185.759 -5 17.1931
      vertex -197.616 -5 17.1931
    endloop
  endfacet
  facet normal 0 -1 0
    outer loop
      vertex -197.292 -5 16.9084
      vertex -186.083 -5 16.9084
      vertex -185.759 -5 17.1931
    endloop
  endfacet
  facet normal 0 -1 0
    outer loop
      vertex -197.007 -5 16.5839
      vertex -186.083 -5 16.9084
      vertex -197.292 -5 16.9084
    endloop
  endfacet
  facet normal 0 -1 0
    outer loop
      vertex -197.007 -5 16.5839
      vertex -186.368 -5 16.5839
      vertex -186.083 -5 16.9084
    endloop
  endfacet
  facet normal 0 -1 0
    outer loop
      vertex -196.767 -5 16.225
      vertex -186.368 -5 16.5839
      vertex -197.007 -5 16.5839
    endloop
  endfacet
  facet normal 0 -1 0
    outer loop
      vertex -196.767 -5 16.225
      vertex -186.608 -5 16.225
      vertex -186.368 -5 16.5839
    endloop
  endfacet
  facet normal 0 -1 0
    outer loop
      vertex -196.576 -5 15.8378
      vertex -186.608 -5 16.225
      vertex -196.767 -5 16.225
    endloop
  endfacet
  facet normal 0 -1 0
    outer loop
      vertex -196.576 -5 15.8378
      vertex -186.799 -5 15.8378
      vertex -186.608 -5 16.225
    endloop
  endfacet
  facet normal 0 -1 0
    outer loop
      vertex -196.437 -5 15.4291
      vertex -186.799 -5 15.8378
      vertex -196.576 -5 15.8378
    endloop
  endfacet
  facet normal 0 -1 0
    outer loop
      vertex -196.437 -5 15.4291
      vertex -186.938 -5 15.4291
      vertex -186.799 -5 15.8378
    endloop
  endfacet
  facet normal 0 -1 0
    outer loop
      vertex -196.353 -5 15.0057
      vertex -186.938 -5 15.4291
      vertex -196.437 -5 15.4291
    endloop
  endfacet
  facet normal 0 -1 0
    outer loop
      vertex -196.353 -5 15.0057
      vertex -187.022 -5 15.0057
      vertex -186.938 -5 15.4291
    endloop
  endfacet
  facet normal 0 -1 0
    outer loop
      vertex -196.325 -5 14.575
      vertex -187.022 -5 15.0057
      vertex -196.353 -5 15.0057
    endloop
  endfacet
  facet normal 0 -1 0
    outer loop
      vertex -196.325 -5 14.575
      vertex -187.05 -5 14.575
      vertex -187.022 -5 15.0057
    endloop
  endfacet
  facet normal 0 -1 0
    outer loop
      vertex -196.325 -5 11.175
      vertex -187.05 -5 14.575
      vertex -196.325 -5 14.575
    endloop
  endfacet
  facet normal 0 -1 0
    outer loop
      vertex -196.325 -5 11.175
      vertex -187.05 -5 11.175
      vertex -187.05 -5 14.575
    endloop
  endfacet
  facet normal 0 -1 0
    outer loop
      vertex -196.353 -5 10.7443
      vertex -187.05 -5 11.175
      vertex -196.325 -5 11.175
    endloop
  endfacet
  facet normal 0 -1 0
    outer loop
      vertex -196.353 -5 10.7443
      vertex -187.022 -5 10.7443
      vertex -187.05 -5 11.175
    endloop
  endfacet
  facet normal 0 -1 0
    outer loop
      vertex -196.437 -5 10.3209
      vertex -187.022 -5 10.7443
      vertex -196.353 -5 10.7443
    endloop
  endfacet
  facet normal 0 -1 0
    outer loop
      vertex -196.437 -5 10.3209
      vertex -186.938 -5 10.3209
      vertex -187.022 -5 10.7443
    endloop
  endfacet
  facet normal 0 -1 0
    outer loop
      vertex -196.576 -5 9.91216
      vertex -186.938 -5 10.3209
      vertex -196.437 -5 10.3209
    endloop
  endfacet
  facet normal 0 -1 0
    outer loop
      vertex -196.576 -5 9.91216
      vertex -186.799 -5 9.91216
      vertex -186.938 -5 10.3209
    endloop
  endfacet
  facet normal 0 -1 0
    outer loop
      vertex -196.767 -5 9.52501
      vertex -186.799 -5 9.91216
      vertex -196.576 -5 9.91216
    endloop
  endfacet
  facet normal 0 -1 0
    outer loop
      vertex -196.767 -5 9.52501
      vertex -186.608 -5 9.52501
      vertex -186.799 -5 9.91216
    endloop
  endfacet
  facet normal 0 -1 0
    outer loop
      vertex -197.007 -5 9.16609
      vertex -186.608 -5 9.52501
      vertex -196.767 -5 9.52501
    endloop
  endfacet
  facet normal 0 -1 0
    outer loop
      vertex -197.007 -5 9.16609
      vertex -186.368 -5 9.16609
      vertex -186.608 -5 9.52501
    endloop
  endfacet
  facet normal 0 -1 0
    outer loop
      vertex -197.292 -5 8.84155
      vertex -186.368 -5 9.16609
      vertex -197.007 -5 9.16609
    endloop
  endfacet
  facet normal 0 -1 0
    outer loop
      vertex -197.292 -5 8.84155
      vertex -186.083 -5 8.84155
      vertex -186.368 -5 9.16609
    endloop
  endfacet
  facet normal 0 -1 0
    outer loop
      vertex -197.616 -5 8.55695
      vertex -186.083 -5 8.84155
      vertex -197.292 -5 8.84155
    endloop
  endfacet
  facet normal 0 -1 0
    outer loop
      vertex -197.616 -5 8.55695
      vertex -185.759 -5 8.55695
      vertex -186.083 -5 8.84155
    endloop
  endfacet
  facet normal 0 -1 0
    outer loop
      vertex -197.975 -5 8.31712
      vertex -185.759 -5 8.55695
      vertex -197.616 -5 8.55695
    endloop
  endfacet
  facet normal 0 -1 0
    outer loop
      vertex -197.975 -5 8.31712
      vertex -185.4 -5 8.31712
      vertex -185.759 -5 8.55695
    endloop
  endfacet
  facet normal 0 -1 0
    outer loop
      vertex -198.362 -5 8.12621
      vertex -185.4 -5 8.31712
      vertex -197.975 -5 8.31712
    endloop
  endfacet
  facet normal 0 -1 0
    outer loop
      vertex -198.362 -5 8.12621
      vertex -185.013 -5 8.12621
      vertex -185.4 -5 8.31712
    endloop
  endfacet
  facet normal 0 -1 0
    outer loop
      vertex -198.771 -5 7.98746
      vertex -185.013 -5 8.12621
      vertex -198.362 -5 8.12621
    endloop
  endfacet
  facet normal 0 -1 0
    outer loop
      vertex -198.771 -5 7.98746
      vertex -184.604 -5 7.98746
      vertex -185.013 -5 8.12621
    endloop
  endfacet
  facet normal 0 -1 0
    outer loop
      vertex -199.194 -5 7.90324
      vertex -184.604 -5 7.98746
      vertex -198.771 -5 7.98746
    endloop
  endfacet
  facet normal 0 -1 0
    outer loop
      vertex -199.194 -5 7.90324
      vertex -184.181 -5 7.90324
      vertex -184.604 -5 7.98746
    endloop
  endfacet
  facet normal 0 -1 0
    outer loop
      vertex -221.45 -5 0
      vertex -199.194 -5 7.90324
      vertex -199.625 -5 7.875
    endloop
  endfacet
  facet normal 0 -1 -0
    outer loop
      vertex -199.194 -5 7.90324
      vertex -221.45 -5 0
      vertex -184.181 -5 7.90324
    endloop
  endfacet
  facet normal 0 -1 0
    outer loop
      vertex -214.646 -5 17.7625
      vertex -218.45 -5 21.625
      vertex -215.069 -5 17.8468
    endloop
  endfacet
  facet normal 0 -1 0
    outer loop
      vertex -218.45 -5 21.625
      vertex -200.056 -5 17.8468
      vertex -199.625 -5 17.875
    endloop
  endfacet
  facet normal 0 -1 0
    outer loop
      vertex -214.237 -5 17.6238
      vertex -218.45 -5 21.625
      vertex -214.646 -5 17.7625
    endloop
  endfacet
  facet normal 0 -1 0
    outer loop
      vertex -218.45 -5 21.625
      vertex -200.479 -5 17.7625
      vertex -200.056 -5 17.8468
    endloop
  endfacet
  facet normal 0 -1 0
    outer loop
      vertex -213.85 -5 17.4329
      vertex -218.45 -5 21.625
      vertex -214.237 -5 17.6238
    endloop
  endfacet
  facet normal 0 -1 0
    outer loop
      vertex -218.45 -5 21.625
      vertex -200.888 -5 17.6238
      vertex -200.479 -5 17.7625
    endloop
  endfacet
  facet normal 0 -1 0
    outer loop
      vertex -201.275 -5 17.4329
      vertex -218.45 -5 21.625
      vertex -213.85 -5 17.4329
    endloop
  endfacet
  facet normal 0 -1 0
    outer loop
      vertex -218.45 -5 21.625
      vertex -201.275 -5 17.4329
      vertex -200.888 -5 17.6238
    endloop
  endfacet
  facet normal 0 -1 0
    outer loop
      vertex -213.491 -5 17.1931
      vertex -201.275 -5 17.4329
      vertex -213.85 -5 17.4329
    endloop
  endfacet
  facet normal 0 -1 0
    outer loop
      vertex -213.491 -5 17.1931
      vertex -201.634 -5 17.1931
      vertex -201.275 -5 17.4329
    endloop
  endfacet
  facet normal 0 -1 0
    outer loop
      vertex -213.167 -5 16.9084
      vertex -201.634 -5 17.1931
      vertex -213.491 -5 17.1931
    endloop
  endfacet
  facet normal 0 -1 0
    outer loop
      vertex -213.167 -5 16.9084
      vertex -201.958 -5 16.9084
      vertex -201.634 -5 17.1931
    endloop
  endfacet
  facet normal 0 -1 0
    outer loop
      vertex -212.882 -5 16.5839
      vertex -201.958 -5 16.9084
      vertex -213.167 -5 16.9084
    endloop
  endfacet
  facet normal 0 -1 0
    outer loop
      vertex -212.882 -5 16.5839
      vertex -202.243 -5 16.5839
      vertex -201.958 -5 16.9084
    endloop
  endfacet
  facet normal 0 -1 0
    outer loop
      vertex -212.642 -5 16.225
      vertex -202.243 -5 16.5839
      vertex -212.882 -5 16.5839
    endloop
  endfacet
  facet normal 0 -1 0
    outer loop
      vertex -212.642 -5 16.225
      vertex -202.483 -5 16.225
      vertex -202.243 -5 16.5839
    endloop
  endfacet
  facet normal 0 -1 0
    outer loop
      vertex -212.451 -5 15.8378
      vertex -202.483 -5 16.225
      vertex -212.642 -5 16.225
    endloop
  endfacet
  facet normal 0 -1 0
    outer loop
      vertex -212.451 -5 15.8378
      vertex -202.674 -5 15.8378
      vertex -202.483 -5 16.225
    endloop
  endfacet
  facet normal 0 -1 0
    outer loop
      vertex -212.312 -5 15.4291
      vertex -202.674 -5 15.8378
      vertex -212.451 -5 15.8378
    endloop
  endfacet
  facet normal 0 -1 0
    outer loop
      vertex -212.312 -5 15.4291
      vertex -202.813 -5 15.4291
      vertex -202.674 -5 15.8378
    endloop
  endfacet
  facet normal 0 -1 0
    outer loop
      vertex -212.228 -5 15.0057
      vertex -202.813 -5 15.4291
      vertex -212.312 -5 15.4291
    endloop
  endfacet
  facet normal 0 -1 0
    outer loop
      vertex -212.228 -5 15.0057
      vertex -202.897 -5 15.0057
      vertex -202.813 -5 15.4291
    endloop
  endfacet
  facet normal 0 -1 0
    outer loop
      vertex -212.2 -5 14.575
      vertex -202.897 -5 15.0057
      vertex -212.228 -5 15.0057
    endloop
  endfacet
  facet normal 0 -1 0
    outer loop
      vertex -212.2 -5 14.575
      vertex -202.925 -5 14.575
      vertex -202.897 -5 15.0057
    endloop
  endfacet
  facet normal 0 -1 0
    outer loop
      vertex -212.2 -5 11.175
      vertex -202.925 -5 14.575
      vertex -212.2 -5 14.575
    endloop
  endfacet
  facet normal 0 -1 0
    outer loop
      vertex -212.2 -5 11.175
      vertex -202.925 -5 11.175
      vertex -202.925 -5 14.575
    endloop
  endfacet
  facet normal 0 -1 0
    outer loop
      vertex -212.228 -5 10.7443
      vertex -202.925 -5 11.175
      vertex -212.2 -5 11.175
    endloop
  endfacet
  facet normal 0 -1 0
    outer loop
      vertex -212.228 -5 10.7443
      vertex -202.897 -5 10.7443
      vertex -202.925 -5 11.175
    endloop
  endfacet
  facet normal 0 -1 0
    outer loop
      vertex -212.312 -5 10.3209
      vertex -202.897 -5 10.7443
      vertex -212.228 -5 10.7443
    endloop
  endfacet
  facet normal 0 -1 0
    outer loop
      vertex -212.312 -5 10.3209
      vertex -202.813 -5 10.3209
      vertex -202.897 -5 10.7443
    endloop
  endfacet
  facet normal 0 -1 0
    outer loop
      vertex -212.451 -5 9.91216
      vertex -202.813 -5 10.3209
      vertex -212.312 -5 10.3209
    endloop
  endfacet
  facet normal 0 -1 0
    outer loop
      vertex -212.451 -5 9.91216
      vertex -202.674 -5 9.91216
      vertex -202.813 -5 10.3209
    endloop
  endfacet
  facet normal 0 -1 0
    outer loop
      vertex -212.642 -5 9.52501
      vertex -202.674 -5 9.91216
      vertex -212.451 -5 9.91216
    endloop
  endfacet
  facet normal 0 -1 0
    outer loop
      vertex -212.642 -5 9.52501
      vertex -202.483 -5 9.52501
      vertex -202.674 -5 9.91216
    endloop
  endfacet
  facet normal 0 -1 0
    outer loop
      vertex -212.882 -5 9.16609
      vertex -202.483 -5 9.52501
      vertex -212.642 -5 9.52501
    endloop
  endfacet
  facet normal 0 -1 0
    outer loop
      vertex -212.882 -5 9.16609
      vertex -202.243 -5 9.16609
      vertex -202.483 -5 9.52501
    endloop
  endfacet
  facet normal 0 -1 0
    outer loop
      vertex -213.167 -5 8.84155
      vertex -202.243 -5 9.16609
      vertex -212.882 -5 9.16609
    endloop
  endfacet
  facet normal 0 -1 0
    outer loop
      vertex -213.167 -5 8.84155
      vertex -201.958 -5 8.84155
      vertex -202.243 -5 9.16609
    endloop
  endfacet
  facet normal 0 -1 0
    outer loop
      vertex -213.491 -5 8.55695
      vertex -201.958 -5 8.84155
      vertex -213.167 -5 8.84155
    endloop
  endfacet
  facet normal 0 -1 0
    outer loop
      vertex -213.491 -5 8.55695
      vertex -201.634 -5 8.55695
      vertex -201.958 -5 8.84155
    endloop
  endfacet
  facet normal 0 -1 0
    outer loop
      vertex -213.85 -5 8.31712
      vertex -201.634 -5 8.55695
      vertex -213.491 -5 8.55695
    endloop
  endfacet
  facet normal 0 -1 0
    outer loop
      vertex -213.85 -5 8.31712
      vertex -201.275 -5 8.31712
      vertex -201.634 -5 8.55695
    endloop
  endfacet
  facet normal 0 -1 0
    outer loop
      vertex -214.237 -5 8.12621
      vertex -201.275 -5 8.31712
      vertex -213.85 -5 8.31712
    endloop
  endfacet
  facet normal 0 -1 0
    outer loop
      vertex -214.237 -5 8.12621
      vertex -200.888 -5 8.12621
      vertex -201.275 -5 8.31712
    endloop
  endfacet
  facet normal 0 -1 0
    outer loop
      vertex -221.45 -5 0
      vertex -214.237 -5 8.12621
      vertex -214.646 -5 7.98746
    endloop
  endfacet
  facet normal 0 -1 -0
    outer loop
      vertex -214.237 -5 8.12621
      vertex -221.45 -5 0
      vertex -200.888 -5 8.12621
    endloop
  endfacet
  facet normal 0 -1 0
    outer loop
      vertex -221.45 -5 0
      vertex -214.646 -5 7.98746
      vertex -215.069 -5 7.90324
    endloop
  endfacet
  facet normal 0 -1 -0
    outer loop
      vertex -200.888 -5 8.12621
      vertex -221.45 -5 0
      vertex -200.479 -5 7.98746
    endloop
  endfacet
  facet normal 0 -1 0
    outer loop
      vertex -221.45 -5 0
      vertex -215.069 -5 7.90324
      vertex -215.5 -5 7.875
    endloop
  endfacet
  facet normal 0 -1 -0
    outer loop
      vertex -200.479 -5 7.98746
      vertex -221.45 -5 0
      vertex -200.056 -5 7.90324
    endloop
  endfacet
  facet normal 0 -1 0
    outer loop
      vertex -217.509 -5 17.1931
      vertex -218.45 -5 21.625
      vertex -221.45 -5 18.625
    endloop
  endfacet
  facet normal 0 -1 0
    outer loop
      vertex -139.3 -5 17.875
      vertex -218.45 -5 21.625
      vertex -155.175 -5 17.875
    endloop
  endfacet
  facet normal 0 -1 0
    outer loop
      vertex -215.069 -5 17.8468
      vertex -218.45 -5 21.625
      vertex -215.5 -5 17.875
    endloop
  endfacet
  facet normal 0 -1 0
    outer loop
      vertex -218.45 -5 21.625
      vertex -215.931 -5 17.8468
      vertex -215.5 -5 17.875
    endloop
  endfacet
  facet normal 0 -1 0
    outer loop
      vertex -218.45 -5 21.625
      vertex -216.354 -5 17.7625
      vertex -215.931 -5 17.8468
    endloop
  endfacet
  facet normal 0 -1 0
    outer loop
      vertex -218.45 -5 21.625
      vertex -216.763 -5 17.6238
      vertex -216.354 -5 17.7625
    endloop
  endfacet
  facet normal 0 -1 0
    outer loop
      vertex -218.45 -5 21.625
      vertex -217.15 -5 17.4329
      vertex -216.763 -5 17.6238
    endloop
  endfacet
  facet normal 0 -1 0
    outer loop
      vertex -218.45 -5 21.625
      vertex -217.509 -5 17.1931
      vertex -217.15 -5 17.4329
    endloop
  endfacet
  facet normal 0 -1 0
    outer loop
      vertex -221.45 -5 18.625
      vertex -217.833 -5 16.9084
      vertex -217.509 -5 17.1931
    endloop
  endfacet
  facet normal 0 -1 0
    outer loop
      vertex -221.45 -5 18.625
      vertex -218.118 -5 16.5839
      vertex -217.833 -5 16.9084
    endloop
  endfacet
  facet normal 0 -1 0
    outer loop
      vertex -221.45 -5 18.625
      vertex -218.358 -5 16.225
      vertex -218.118 -5 16.5839
    endloop
  endfacet
  facet normal 0 -1 0
    outer loop
      vertex -221.45 -5 18.625
      vertex -218.549 -5 15.8378
      vertex -218.358 -5 16.225
    endloop
  endfacet
  facet normal 0 -1 0
    outer loop
      vertex -221.45 -5 18.625
      vertex -218.688 -5 15.4291
      vertex -218.549 -5 15.8378
    endloop
  endfacet
  facet normal 0 -1 0
    outer loop
      vertex -221.45 -5 18.625
      vertex -218.772 -5 15.0057
      vertex -218.688 -5 15.4291
    endloop
  endfacet
  facet normal 0 -1 0
    outer loop
      vertex -221.45 -5 18.625
      vertex -218.8 -5 14.575
      vertex -218.772 -5 15.0057
    endloop
  endfacet
  facet normal 0 -1 0
    outer loop
      vertex -221.45 -5 18.625
      vertex -218.8 -5 11.175
      vertex -218.8 -5 14.575
    endloop
  endfacet
  facet normal 0 -1 0
    outer loop
      vertex -221.45 -5 18.625
      vertex -218.772 -5 10.7443
      vertex -218.8 -5 11.175
    endloop
  endfacet
  facet normal 0 -1 0
    outer loop
      vertex -221.45 -5 0
      vertex -218.772 -5 10.7443
      vertex -221.45 -5 18.625
    endloop
  endfacet
  facet normal 0 -1 -0
    outer loop
      vertex -200.056 -5 7.90324
      vertex -221.45 -5 0
      vertex -199.625 -5 7.875
    endloop
  endfacet
  facet normal 0 -1 -0
    outer loop
      vertex -184.181 -5 7.90324
      vertex -221.45 -5 0
      vertex -183.75 -5 7.875
    endloop
  endfacet
  facet normal 0 -1 -0
    outer loop
      vertex -183.75 -5 7.875
      vertex -221.45 -5 0
      vertex -171.05 -5 7.875
    endloop
  endfacet
  facet normal 0 -1 -0
    outer loop
      vertex -171.05 -5 7.875
      vertex -221.45 -5 0
      vertex -155.175 -5 7.875
    endloop
  endfacet
  facet normal 0 -1 -0
    outer loop
      vertex -155.175 -5 7.875
      vertex -221.45 -5 0
      vertex -139.3 -5 7.875
    endloop
  endfacet
  facet normal 0 -1 -0
    outer loop
      vertex -139.3 -5 7.875
      vertex -221.45 -5 0
      vertex -126.6 -5 7.875
    endloop
  endfacet
  facet normal 0 -1 -0
    outer loop
      vertex -126.6 -5 7.875
      vertex -221.45 -5 0
      vertex -110.725 -5 7.875
    endloop
  endfacet
  facet normal 0 -1 0
    outer loop
      vertex 0 -5 0
      vertex -110.725 -5 7.875
      vertex -221.45 -5 0
    endloop
  endfacet
  facet normal 0 -1 0
    outer loop
      vertex -110.725 -5 7.875
      vertex 0 -5 0
      vertex -94.85 -5 7.875
    endloop
  endfacet
  facet normal 0 -1 0
    outer loop
      vertex -94.85 -5 7.875
      vertex 0 -5 0
      vertex -82.15 -5 7.875
    endloop
  endfacet
  facet normal 0 -1 0
    outer loop
      vertex -82.15 -5 7.875
      vertex 0 -5 0
      vertex -66.275 -5 7.875
    endloop
  endfacet
  facet normal 0 -1 0
    outer loop
      vertex -66.275 -5 7.875
      vertex 0 -5 0
      vertex -50.4 -5 7.875
    endloop
  endfacet
  facet normal 0 -1 0
    outer loop
      vertex -50.4 -5 7.875
      vertex 0 -5 0
      vertex -37.7 -5 7.875
    endloop
  endfacet
  facet normal 0 -1 0
    outer loop
      vertex -22.2557 -5 7.90324
      vertex 0 -5 0
      vertex -21.825 -5 7.875
    endloop
  endfacet
  facet normal 0 -1 -0
    outer loop
      vertex -215.931 -5 7.90324
      vertex -221.45 -5 0
      vertex -215.5 -5 7.875
    endloop
  endfacet
  facet normal 0 -1 -0
    outer loop
      vertex -216.354 -5 7.98746
      vertex -221.45 -5 0
      vertex -215.931 -5 7.90324
    endloop
  endfacet
  facet normal 0 -1 -0
    outer loop
      vertex -216.763 -5 8.12621
      vertex -221.45 -5 0
      vertex -216.354 -5 7.98746
    endloop
  endfacet
  facet normal 0 -1 -0
    outer loop
      vertex -217.15 -5 8.31712
      vertex -221.45 -5 0
      vertex -216.763 -5 8.12621
    endloop
  endfacet
  facet normal 0 -1 -0
    outer loop
      vertex -217.509 -5 8.55695
      vertex -221.45 -5 0
      vertex -217.15 -5 8.31712
    endloop
  endfacet
  facet normal 0 -1 -0
    outer loop
      vertex -217.833 -5 8.84155
      vertex -221.45 -5 0
      vertex -217.509 -5 8.55695
    endloop
  endfacet
  facet normal 0 -1 -0
    outer loop
      vertex -218.118 -5 9.16609
      vertex -221.45 -5 0
      vertex -217.833 -5 8.84155
    endloop
  endfacet
  facet normal 0 -1 -0
    outer loop
      vertex -218.358 -5 9.52501
      vertex -221.45 -5 0
      vertex -218.118 -5 9.16609
    endloop
  endfacet
  facet normal 0 -1 -0
    outer loop
      vertex -218.549 -5 9.91216
      vertex -221.45 -5 0
      vertex -218.358 -5 9.52501
    endloop
  endfacet
  facet normal 0 -1 -0
    outer loop
      vertex -218.688 -5 10.3209
      vertex -221.45 -5 0
      vertex -218.549 -5 9.91216
    endloop
  endfacet
  facet normal 0 -1 -0
    outer loop
      vertex -218.772 -5 10.7443
      vertex -221.45 -5 0
      vertex -218.688 -5 10.3209
    endloop
  endfacet
  facet normal 0 -1 0
    outer loop
      vertex -199.194 -5 17.8468
      vertex -218.45 -5 21.625
      vertex -199.625 -5 17.875
    endloop
  endfacet
  facet normal 0 -1 0
    outer loop
      vertex -218.45 -5 21.625
      vertex -183.75 -5 17.875
      vertex -171.05 -5 17.875
    endloop
  endfacet
  facet normal 0 -1 0
    outer loop
      vertex -218.45 -5 21.625
      vertex -171.05 -5 17.875
      vertex -155.175 -5 17.875
    endloop
  endfacet
  facet normal 0 -1 0
    outer loop
      vertex -126.6 -5 17.875
      vertex -218.45 -5 21.625
      vertex -139.3 -5 17.875
    endloop
  endfacet
  facet normal 0 -1 0
    outer loop
      vertex -218.45 -5 21.625
      vertex -126.6 -5 17.875
      vertex -3 -5 21.625
    endloop
  endfacet
  facet normal 0 -1 0
    outer loop
      vertex -110.725 -5 17.875
      vertex -3 -5 21.625
      vertex -126.6 -5 17.875
    endloop
  endfacet
  facet normal 0 -1 0
    outer loop
      vertex -94.85 -5 17.875
      vertex -3 -5 21.625
      vertex -110.725 -5 17.875
    endloop
  endfacet
  facet normal 0 -1 0
    outer loop
      vertex -82.15 -5 17.875
      vertex -3 -5 21.625
      vertex -94.85 -5 17.875
    endloop
  endfacet
  facet normal 0 -1 0
    outer loop
      vertex -66.275 -5 17.875
      vertex -3 -5 21.625
      vertex -82.15 -5 17.875
    endloop
  endfacet
  facet normal 0 -1 0
    outer loop
      vertex -50.4 -5 17.875
      vertex -3 -5 21.625
      vertex -66.275 -5 17.875
    endloop
  endfacet
  facet normal 0 -1 0
    outer loop
      vertex -37.7 -5 17.875
      vertex -3 -5 21.625
      vertex -50.4 -5 17.875
    endloop
  endfacet
  facet normal 0 -1 0
    outer loop
      vertex -37.2693 -5 17.8468
      vertex -3 -5 21.625
      vertex -37.7 -5 17.875
    endloop
  endfacet
  facet normal 0 -1 0
    outer loop
      vertex -21.3943 -5 17.8468
      vertex -3 -5 21.625
      vertex -21.825 -5 17.875
    endloop
  endfacet
  facet normal 0 -1 0
    outer loop
      vertex -5.51927 -5 17.8468
      vertex -3 -5 21.625
      vertex -5.95 -5 17.875
    endloop
  endfacet
  facet normal 0 -1 0
    outer loop
      vertex -5.0959 -5 17.7625
      vertex -3 -5 21.625
      vertex -5.51927 -5 17.8468
    endloop
  endfacet
  facet normal 0 -1 0
    outer loop
      vertex -4.68715 -5 17.6238
      vertex -3 -5 21.625
      vertex -5.0959 -5 17.7625
    endloop
  endfacet
  facet normal 0 -1 0
    outer loop
      vertex -4.30001 -5 17.4329
      vertex -3 -5 21.625
      vertex -4.68715 -5 17.6238
    endloop
  endfacet
  facet normal 0 -1 0
    outer loop
      vertex -3.94109 -5 17.1931
      vertex -3 -5 21.625
      vertex -4.30001 -5 17.4329
    endloop
  endfacet
  facet normal 0 -1 -0
    outer loop
      vertex -3 -5 21.625
      vertex -3.94109 -5 17.1931
      vertex 0 -5 18.625
    endloop
  endfacet
  facet normal 0 -1 0
    outer loop
      vertex -3.61655 -5 16.9084
      vertex 0 -5 18.625
      vertex -3.94109 -5 17.1931
    endloop
  endfacet
  facet normal 0 -1 0
    outer loop
      vertex -3.33194 -5 16.5839
      vertex 0 -5 18.625
      vertex -3.61655 -5 16.9084
    endloop
  endfacet
  facet normal 0 -1 0
    outer loop
      vertex -3.09212 -5 16.225
      vertex 0 -5 18.625
      vertex -3.33194 -5 16.5839
    endloop
  endfacet
  facet normal 0 -1 0
    outer loop
      vertex -2.9012 -5 15.8378
      vertex 0 -5 18.625
      vertex -3.09212 -5 16.225
    endloop
  endfacet
  facet normal 0 -1 0
    outer loop
      vertex -2.76245 -5 15.4291
      vertex 0 -5 18.625
      vertex -2.9012 -5 15.8378
    endloop
  endfacet
  facet normal 0 -1 0
    outer loop
      vertex -2.67824 -5 15.0057
      vertex 0 -5 18.625
      vertex -2.76245 -5 15.4291
    endloop
  endfacet
  facet normal 0 -1 0
    outer loop
      vertex -2.65001 -5 14.575
      vertex 0 -5 18.625
      vertex -2.67824 -5 15.0057
    endloop
  endfacet
  facet normal 0 -1 0
    outer loop
      vertex -2.65001 -5 11.175
      vertex 0 -5 18.625
      vertex -2.65001 -5 14.575
    endloop
  endfacet
  facet normal 0 -1 0
    outer loop
      vertex -2.67824 -5 10.7443
      vertex 0 -5 18.625
      vertex -2.65001 -5 11.175
    endloop
  endfacet
  facet normal 0 -1 0
    outer loop
      vertex 0 -5 0
      vertex -2.67824 -5 10.7443
      vertex -2.76245 -5 10.3209
    endloop
  endfacet
  facet normal 0 -1 0
    outer loop
      vertex -2.67824 -5 10.7443
      vertex 0 -5 0
      vertex 0 -5 18.625
    endloop
  endfacet
  facet normal 0 -1 0
    outer loop
      vertex -2.9012 -5 9.91216
      vertex 0 -5 0
      vertex -2.76245 -5 10.3209
    endloop
  endfacet
  facet normal 0 -1 0
    outer loop
      vertex -3.09212 -5 9.52501
      vertex 0 -5 0
      vertex -2.9012 -5 9.91216
    endloop
  endfacet
  facet normal 0 -1 0
    outer loop
      vertex -3.33194 -5 9.16609
      vertex 0 -5 0
      vertex -3.09212 -5 9.52501
    endloop
  endfacet
  facet normal 0 -1 0
    outer loop
      vertex -3.61655 -5 8.84155
      vertex 0 -5 0
      vertex -3.33194 -5 9.16609
    endloop
  endfacet
  facet normal 0 -1 0
    outer loop
      vertex -3.94109 -5 8.55695
      vertex 0 -5 0
      vertex -3.61655 -5 8.84155
    endloop
  endfacet
  facet normal 0 -1 0
    outer loop
      vertex -4.30001 -5 8.31712
      vertex 0 -5 0
      vertex -3.94109 -5 8.55695
    endloop
  endfacet
  facet normal 0 -1 0
    outer loop
      vertex -4.68715 -5 8.12621
      vertex 0 -5 0
      vertex -4.30001 -5 8.31712
    endloop
  endfacet
  facet normal 0 -1 0
    outer loop
      vertex -5.0959 -5 7.98746
      vertex 0 -5 0
      vertex -4.68715 -5 8.12621
    endloop
  endfacet
  facet normal 0 -1 0
    outer loop
      vertex -5.51927 -5 7.90324
      vertex 0 -5 0
      vertex -5.0959 -5 7.98746
    endloop
  endfacet
  facet normal 0 -1 0
    outer loop
      vertex -5.95 -5 7.875
      vertex 0 -5 0
      vertex -5.51927 -5 7.90324
    endloop
  endfacet
  facet normal 0 -1 0
    outer loop
      vertex -6.38072 -5 7.90324
      vertex 0 -5 0
      vertex -5.95 -5 7.875
    endloop
  endfacet
  facet normal 1 0 0
    outer loop
      vertex 0 0 18.625
      vertex 0 -5 18.625
      vertex 0 0 5
    endloop
  endfacet
  facet normal 1 -0 0
    outer loop
      vertex 0 0 5
      vertex 0 201.5 0
      vertex 0 201.5 5
    endloop
  endfacet
  facet normal 1 0 0
    outer loop
      vertex 0 0 5
      vertex 0 -5 0
      vertex 0 201.5 0
    endloop
  endfacet
  facet normal 1 0 0
    outer loop
      vertex 0 -5 0
      vertex 0 0 5
      vertex 0 -5 18.625
    endloop
  endfacet
  facet normal 0 1 -0
    outer loop
      vertex 0 201.5 0
      vertex -60 201.5 5
      vertex 0 201.5 5
    endloop
  endfacet
  facet normal 0 1 0
    outer loop
      vertex -60 201.5 5
      vertex 0 201.5 0
      vertex -60 201.5 0
    endloop
  endfacet
  facet normal -0.981692 0.190477 0
    outer loop
      vertex -94.5428 62.9741 0
      vertex -94.3933 63.7446 5
      vertex -94.3933 63.7446 0
    endloop
  endfacet
  facet normal -0.981692 0.190477 0
    outer loop
      vertex -94.3933 63.7446 5
      vertex -94.5428 62.9741 0
      vertex -94.5428 62.9741 5
    endloop
  endfacet
  facet normal -0.948428 0.316992 0
    outer loop
      vertex -94.7916 62.2297 0
      vertex -94.5428 62.9741 5
      vertex -94.5428 62.9741 0
    endloop
  endfacet
  facet normal -0.948428 0.316992 0
    outer loop
      vertex -94.5428 62.9741 5
      vertex -94.7916 62.2297 0
      vertex -94.7916 62.2297 5
    endloop
  endfacet
  facet normal -0.898892 0.43817 0
    outer loop
      vertex -95.1355 61.5242 0
      vertex -94.7916 62.2297 5
      vertex -94.7916 62.2297 0
    endloop
  endfacet
  facet normal -0.898892 0.43817 0
    outer loop
      vertex -94.7916 62.2297 5
      vertex -95.1355 61.5242 0
      vertex -95.1355 61.5242 5
    endloop
  endfacet
  facet normal -0.834044 0.551697 0
    outer loop
      vertex -95.5685 60.8696 0
      vertex -95.1355 61.5242 5
      vertex -95.1355 61.5242 0
    endloop
  endfacet
  facet normal -0.834044 0.551697 0
    outer loop
      vertex -95.1355 61.5242 5
      vertex -95.5685 60.8696 0
      vertex -95.5685 60.8696 5
    endloop
  endfacet
  facet normal -0.754877 0.655866 0
    outer loop
      vertex -96.0832 60.2772 0
      vertex -95.5685 60.8696 5
      vertex -95.5685 60.8696 0
    endloop
  endfacet
  facet normal -0.754877 0.655866 0
    outer loop
      vertex -95.5685 60.8696 5
      vertex -96.0832 60.2772 0
      vertex -96.0832 60.2772 5
    endloop
  endfacet
  facet normal -0.662931 0.74868 0
    outer loop
      vertex -96.0832 60.2772 0
      vertex -96.6708 59.7569 5
      vertex -96.0832 60.2772 5
    endloop
  endfacet
  facet normal -0.662931 0.74868 0
    outer loop
      vertex -96.6708 59.7569 5
      vertex -96.0832 60.2772 0
      vertex -96.6708 59.7569 0
    endloop
  endfacet
  facet normal -0.559337 0.82894 0
    outer loop
      vertex -96.6708 59.7569 0
      vertex -97.3214 59.3179 5
      vertex -96.6708 59.7569 5
    endloop
  endfacet
  facet normal -0.559337 0.82894 0
    outer loop
      vertex -97.3214 59.3179 5
      vertex -96.6708 59.7569 0
      vertex -97.3214 59.3179 0
    endloop
  endfacet
  facet normal -0.4465 0.894784 0
    outer loop
      vertex -97.3214 59.3179 0
      vertex -98.0236 58.9675 5
      vertex -97.3214 59.3179 5
    endloop
  endfacet
  facet normal -0.4465 0.894784 0
    outer loop
      vertex -98.0236 58.9675 5
      vertex -97.3214 59.3179 0
      vertex -98.0236 58.9675 0
    endloop
  endfacet
  facet normal -0.32592 0.945397 0
    outer loop
      vertex -98.0236 58.9675 0
      vertex -98.7656 58.7117 5
      vertex -98.0236 58.9675 5
    endloop
  endfacet
  facet normal -0.32592 0.945397 0
    outer loop
      vertex -98.7656 58.7117 5
      vertex -98.0236 58.9675 0
      vertex -98.7656 58.7117 0
    endloop
  endfacet
  facet normal -0.263313 0.964711 0
    outer loop
      vertex -98.7656 58.7117 0
      vertex -179.501 36.6754 5
      vertex -98.7656 58.7117 5
    endloop
  endfacet
  facet normal -0.263313 0.964711 0
    outer loop
      vertex -179.501 36.6754 5
      vertex -98.7656 58.7117 0
      vertex -179.501 36.6754 0
    endloop
  endfacet
  facet normal -0.218946 0.975737 0
    outer loop
      vertex -179.501 36.6754 0
      vertex -180.034 36.5558 5
      vertex -179.501 36.6754 5
    endloop
  endfacet
  facet normal -0.218946 0.975737 0
    outer loop
      vertex -180.034 36.5558 5
      vertex -179.501 36.6754 0
      vertex -180.034 36.5558 0
    endloop
  endfacet
  facet normal -0.109718 0.993963 0
    outer loop
      vertex -180.034 36.5558 0
      vertex -180.814 36.4697 5
      vertex -180.034 36.5558 5
    endloop
  endfacet
  facet normal -0.109718 0.993963 0
    outer loop
      vertex -180.814 36.4697 5
      vertex -180.034 36.5558 0
      vertex -180.814 36.4697 0
    endloop
  endfacet
  facet normal 0.0209138 0.999781 -0
    outer loop
      vertex -180.814 36.4697 0
      vertex -181.598 36.4861 5
      vertex -180.814 36.4697 5
    endloop
  endfacet
  facet normal 0.0209138 0.999781 0
    outer loop
      vertex -181.598 36.4861 5
      vertex -180.814 36.4697 0
      vertex -181.598 36.4861 0
    endloop
  endfacet
  facet normal 0.151205 0.988502 -0
    outer loop
      vertex -181.598 36.4861 0
      vertex -182.374 36.6048 5
      vertex -181.598 36.4861 5
    endloop
  endfacet
  facet normal 0.151205 0.988502 0
    outer loop
      vertex -182.374 36.6048 5
      vertex -181.598 36.4861 0
      vertex -182.374 36.6048 0
    endloop
  endfacet
  facet normal 0.278924 0.960313 -0
    outer loop
      vertex -182.374 36.6048 0
      vertex -183.128 36.8238 5
      vertex -182.374 36.6048 5
    endloop
  endfacet
  facet normal 0.278924 0.960313 0
    outer loop
      vertex -183.128 36.8238 5
      vertex -182.374 36.6048 0
      vertex -183.128 36.8238 0
    endloop
  endfacet
  facet normal 0.401714 0.915765 -0
    outer loop
      vertex -183.128 36.8238 0
      vertex -183.847 37.1392 5
      vertex -183.128 36.8238 5
    endloop
  endfacet
  facet normal 0.401714 0.915765 0
    outer loop
      vertex -183.847 37.1392 5
      vertex -183.128 36.8238 0
      vertex -183.847 37.1392 0
    endloop
  endfacet
  facet normal 0.51824 0.855235 -0
    outer loop
      vertex -183.847 37.1392 0
      vertex -184.518 37.5458 5
      vertex -183.847 37.1392 5
    endloop
  endfacet
  facet normal 0.51824 0.855235 0
    outer loop
      vertex -184.518 37.5458 5
      vertex -183.847 37.1392 0
      vertex -184.518 37.5458 0
    endloop
  endfacet
  facet normal 0.62555 0.780184 -0
    outer loop
      vertex -184.518 37.5458 0
      vertex -185.13 38.0365 5
      vertex -184.518 37.5458 5
    endloop
  endfacet
  facet normal 0.62555 0.780184 0
    outer loop
      vertex -185.13 38.0365 5
      vertex -184.518 37.5458 0
      vertex -185.13 38.0365 0
    endloop
  endfacet
  facet normal 0.721286 0.692638 0
    outer loop
      vertex -185.13 38.0365 5
      vertex -185.674 38.603 0
      vertex -185.674 38.603 5
    endloop
  endfacet
  facet normal 0.721286 0.692638 0
    outer loop
      vertex -185.674 38.603 0
      vertex -185.13 38.0365 5
      vertex -185.13 38.0365 0
    endloop
  endfacet
  facet normal 0.806304 0.591502 0
    outer loop
      vertex -185.674 38.603 5
      vertex -186.138 39.2355 0
      vertex -186.138 39.2355 5
    endloop
  endfacet
  facet normal 0.806304 0.591502 0
    outer loop
      vertex -186.138 39.2355 0
      vertex -185.674 38.603 5
      vertex -185.674 38.603 0
    endloop
  endfacet
  facet normal 0.876372 0.481635 0
    outer loop
      vertex -186.138 39.2355 5
      vertex -186.516 39.9233 0
      vertex -186.516 39.9233 5
    endloop
  endfacet
  facet normal 0.876372 0.481635 0
    outer loop
      vertex -186.516 39.9233 0
      vertex -186.138 39.2355 5
      vertex -186.138 39.2355 0
    endloop
  endfacet
  facet normal 0.931727 0.363159 0
    outer loop
      vertex -186.516 39.9233 5
      vertex -186.801 40.6545 0
      vertex -186.801 40.6545 5
    endloop
  endfacet
  facet normal 0.931727 0.363159 0
    outer loop
      vertex -186.801 40.6545 0
      vertex -186.516 39.9233 5
      vertex -186.516 39.9233 0
    endloop
  endfacet
  facet normal 0.970902 0.239477 0
    outer loop
      vertex -186.801 40.6545 5
      vertex -186.989 41.4167 0
      vertex -186.989 41.4167 5
    endloop
  endfacet
  facet normal 0.970902 0.239477 0
    outer loop
      vertex -186.989 41.4167 0
      vertex -186.801 40.6545 5
      vertex -186.801 40.6545 0
    endloop
  endfacet
  facet normal 0.993978 0.109578 0
    outer loop
      vertex -186.989 41.4167 5
      vertex -187.075 42.1968 0
      vertex -187.075 42.1968 5
    endloop
  endfacet
  facet normal 0.993978 0.109578 0
    outer loop
      vertex -187.075 42.1968 0
      vertex -186.989 41.4167 5
      vertex -186.989 41.4167 0
    endloop
  endfacet
  facet normal 0.999765 -0.021662 0
    outer loop
      vertex -187.075 42.1968 5
      vertex -187.058 42.9814 0
      vertex -187.058 42.9814 5
    endloop
  endfacet
  facet normal 0.999765 -0.021662 0
    outer loop
      vertex -187.058 42.9814 0
      vertex -187.075 42.1968 5
      vertex -187.075 42.1968 0
    endloop
  endfacet
  facet normal 0.98863 -0.150372 0
    outer loop
      vertex -187.058 42.9814 5
      vertex -186.94 43.7572 0
      vertex -186.94 43.7572 5
    endloop
  endfacet
  facet normal 0.98863 -0.150372 0
    outer loop
      vertex -186.94 43.7572 0
      vertex -187.058 42.9814 5
      vertex -187.058 42.9814 0
    endloop
  endfacet
  facet normal 0.960283 -0.279026 0
    outer loop
      vertex -186.94 43.7572 5
      vertex -186.721 44.5109 0
      vertex -186.721 44.5109 5
    endloop
  endfacet
  facet normal 0.960283 -0.279026 0
    outer loop
      vertex -186.721 44.5109 0
      vertex -186.94 43.7572 5
      vertex -186.94 43.7572 0
    endloop
  endfacet
  facet normal 0.915422 -0.402495 0
    outer loop
      vertex -186.721 44.5109 5
      vertex -186.405 45.2296 0
      vertex -186.405 45.2296 5
    endloop
  endfacet
  facet normal 0.915422 -0.402495 0
    outer loop
      vertex -186.405 45.2296 0
      vertex -186.721 44.5109 5
      vertex -186.721 44.5109 0
    endloop
  endfacet
  facet normal 0.855677 -0.517511 0
    outer loop
      vertex -186.405 45.2296 5
      vertex -185.999 45.9009 0
      vertex -185.999 45.9009 5
    endloop
  endfacet
  facet normal 0.855677 -0.517511 0
    outer loop
      vertex -185.999 45.9009 0
      vertex -186.405 45.2296 5
      vertex -186.405 45.2296 0
    endloop
  endfacet
  facet normal 0.780247 -0.625471 0
    outer loop
      vertex -185.999 45.9009 5
      vertex -185.508 46.5134 0
      vertex -185.508 46.5134 5
    endloop
  endfacet
  facet normal 0.780247 -0.625471 0
    outer loop
      vertex -185.508 46.5134 0
      vertex -185.999 45.9009 5
      vertex -185.999 45.9009 0
    endloop
  endfacet
  facet normal 0.73787 -0.674943 0
    outer loop
      vertex -185.508 46.5134 5
      vertex -165.351 68.5497 0
      vertex -165.351 68.5497 5
    endloop
  endfacet
  facet normal 0.73787 -0.674943 0
    outer loop
      vertex -165.351 68.5497 0
      vertex -185.508 46.5134 5
      vertex -185.508 46.5134 0
    endloop
  endfacet
  facet normal 0.675716 -0.737162 0
    outer loop
      vertex -165.351 68.5497 0
      vertex -164.576 69.2601 5
      vertex -165.351 68.5497 5
    endloop
  endfacet
  facet normal 0.675716 -0.737162 0
    outer loop
      vertex -164.576 69.2601 5
      vertex -165.351 68.5497 0
      vertex -164.576 69.2601 0
    endloop
  endfacet
  facet normal 0.555376 -0.831599 0
    outer loop
      vertex -164.576 69.2601 0
      vertex -163.923 69.6962 5
      vertex -164.576 69.2601 5
    endloop
  endfacet
  facet normal 0.555376 -0.831599 0
    outer loop
      vertex -163.923 69.6962 5
      vertex -164.576 69.2601 0
      vertex -163.923 69.6962 0
    endloop
  endfacet
  facet normal 0.442718 -0.896661 0
    outer loop
      vertex -163.923 69.6962 0
      vertex -163.22 70.0433 5
      vertex -163.923 69.6962 5
    endloop
  endfacet
  facet normal 0.442718 -0.896661 0
    outer loop
      vertex -163.22 70.0433 5
      vertex -163.923 69.6962 0
      vertex -163.22 70.0433 0
    endloop
  endfacet
  facet normal 0.321035 -0.947067 0
    outer loop
      vertex -163.22 70.0433 0
      vertex -162.476 70.2955 5
      vertex -163.22 70.0433 5
    endloop
  endfacet
  facet normal 0.321035 -0.947067 0
    outer loop
      vertex -162.476 70.2955 5
      vertex -163.22 70.0433 0
      vertex -162.476 70.2955 0
    endloop
  endfacet
  facet normal 0.19538 -0.980728 0
    outer loop
      vertex -162.476 70.2955 0
      vertex -161.707 70.4487 5
      vertex -162.476 70.2955 5
    endloop
  endfacet
  facet normal 0.19538 -0.980728 0
    outer loop
      vertex -161.707 70.4487 5
      vertex -162.476 70.2955 0
      vertex -161.707 70.4487 0
    endloop
  endfacet
  facet normal 0.065294 -0.997866 0
    outer loop
      vertex -161.707 70.4487 0
      vertex -160.923 70.5 5
      vertex -161.707 70.4487 5
    endloop
  endfacet
  facet normal 0.065294 -0.997866 0
    outer loop
      vertex -160.923 70.5 5
      vertex -161.707 70.4487 0
      vertex -160.923 70.5 0
    endloop
  endfacet
  facet normal 0 -1 0
    outer loop
      vertex -160.923 70.5 0
      vertex -100.346 70.5 5
      vertex -160.923 70.5 5
    endloop
  endfacet
  facet normal 0 -1 -0
    outer loop
      vertex -100.346 70.5 5
      vertex -160.923 70.5 0
      vertex -100.346 70.5 0
    endloop
  endfacet
  facet normal -0.0629783 -0.998015 0
    outer loop
      vertex -100.346 70.5 0
      vertex -99.5901 70.4523 5
      vertex -100.346 70.5 5
    endloop
  endfacet
  facet normal -0.0629783 -0.998015 -0
    outer loop
      vertex -99.5901 70.4523 5
      vertex -100.346 70.5 0
      vertex -99.5901 70.4523 0
    endloop
  endfacet
  facet normal -0.1906 -0.981668 0
    outer loop
      vertex -99.5901 70.4523 0
      vertex -98.8196 70.3027 5
      vertex -99.5901 70.4523 5
    endloop
  endfacet
  facet normal -0.1906 -0.981668 -0
    outer loop
      vertex -98.8196 70.3027 5
      vertex -99.5901 70.4523 0
      vertex -98.8196 70.3027 0
    endloop
  endfacet
  facet normal -0.31703 -0.948415 0
    outer loop
      vertex -98.8196 70.3027 0
      vertex -98.0753 70.0539 5
      vertex -98.8196 70.3027 5
    endloop
  endfacet
  facet normal -0.31703 -0.948415 -0
    outer loop
      vertex -98.0753 70.0539 5
      vertex -98.8196 70.3027 0
      vertex -98.0753 70.0539 0
    endloop
  endfacet
  facet normal -0.438067 -0.898942 0
    outer loop
      vertex -98.0753 70.0539 0
      vertex -97.3698 69.7101 5
      vertex -98.0753 70.0539 5
    endloop
  endfacet
  facet normal -0.438067 -0.898942 -0
    outer loop
      vertex -97.3698 69.7101 5
      vertex -98.0753 70.0539 0
      vertex -97.3698 69.7101 0
    endloop
  endfacet
  facet normal -0.551639 -0.834083 0
    outer loop
      vertex -97.3698 69.7101 0
      vertex -96.7151 69.2771 5
      vertex -97.3698 69.7101 5
    endloop
  endfacet
  facet normal -0.551639 -0.834083 -0
    outer loop
      vertex -96.7151 69.2771 5
      vertex -97.3698 69.7101 0
      vertex -96.7151 69.2771 0
    endloop
  endfacet
  facet normal -0.655939 -0.754814 0
    outer loop
      vertex -96.7151 69.2771 0
      vertex -96.1227 68.7623 5
      vertex -96.7151 69.2771 5
    endloop
  endfacet
  facet normal -0.655939 -0.754814 -0
    outer loop
      vertex -96.1227 68.7623 5
      vertex -96.7151 69.2771 0
      vertex -96.1227 68.7623 0
    endloop
  endfacet
  facet normal -0.748744 -0.66286 0
    outer loop
      vertex -95.6025 68.1747 0
      vertex -96.1227 68.7623 5
      vertex -96.1227 68.7623 0
    endloop
  endfacet
  facet normal -0.748744 -0.66286 0
    outer loop
      vertex -96.1227 68.7623 5
      vertex -95.6025 68.1747 0
      vertex -95.6025 68.1747 5
    endloop
  endfacet
  facet normal -0.828841 -0.559484 0
    outer loop
      vertex -95.1634 67.5242 0
      vertex -95.6025 68.1747 5
      vertex -95.6025 68.1747 0
    endloop
  endfacet
  facet normal -0.828841 -0.559484 0
    outer loop
      vertex -95.6025 68.1747 5
      vertex -95.1634 67.5242 0
      vertex -95.1634 67.5242 5
    endloop
  endfacet
  facet normal -0.894809 -0.446449 0
    outer loop
      vertex -94.813 66.8219 0
      vertex -95.1634 67.5242 5
      vertex -95.1634 67.5242 0
    endloop
  endfacet
  facet normal -0.894809 -0.446449 0
    outer loop
      vertex -95.1634 67.5242 5
      vertex -94.813 66.8219 0
      vertex -94.813 66.8219 5
    endloop
  endfacet
  facet normal -0.945437 -0.325806 0
    outer loop
      vertex -94.5573 66.0799 0
      vertex -94.813 66.8219 5
      vertex -94.813 66.8219 0
    endloop
  endfacet
  facet normal -0.945437 -0.325806 0
    outer loop
      vertex -94.813 66.8219 5
      vertex -94.5573 66.0799 0
      vertex -94.5573 66.0799 5
    endloop
  endfacet
  facet normal -0.979869 -0.199643 0
    outer loop
      vertex -94.4006 65.3108 0
      vertex -94.5573 66.0799 5
      vertex -94.5573 66.0799 0
    endloop
  endfacet
  facet normal -0.979869 -0.199643 0
    outer loop
      vertex -94.5573 66.0799 5
      vertex -94.4006 65.3108 0
      vertex -94.4006 65.3108 5
    endloop
  endfacet
  facet normal -0.997541 -0.0700789 0
    outer loop
      vertex -94.3456 64.5279 0
      vertex -94.4006 65.3108 5
      vertex -94.4006 65.3108 0
    endloop
  endfacet
  facet normal -0.997541 -0.0700789 0
    outer loop
      vertex -94.4006 65.3108 5
      vertex -94.3456 64.5279 0
      vertex -94.3456 64.5279 5
    endloop
  endfacet
  facet normal -0.998151 0.0607836 0
    outer loop
      vertex -94.3933 63.7446 0
      vertex -94.3456 64.5279 5
      vertex -94.3456 64.5279 0
    endloop
  endfacet
  facet normal -0.998151 0.0607836 0
    outer loop
      vertex -94.3456 64.5279 5
      vertex -94.3933 63.7446 0
      vertex -94.3933 63.7446 5
    endloop
  endfacet
  facet normal -0.997862 0.0653605 0
    outer loop
      vertex -22.0513 30.2168 0
      vertex -22 31 5
      vertex -22 31 0
    endloop
  endfacet
  facet normal -0.997862 0.0653605 0
    outer loop
      vertex -22 31 5
      vertex -22.0513 30.2168 0
      vertex -22.0513 30.2168 5
    endloop
  endfacet
  facet normal -0.980762 0.195209 0
    outer loop
      vertex -22.2045 29.4471 0
      vertex -22.0513 30.2168 5
      vertex -22.0513 30.2168 0
    endloop
  endfacet
  facet normal -0.980762 0.195209 0
    outer loop
      vertex -22.0513 30.2168 5
      vertex -22.2045 29.4471 0
      vertex -22.2045 29.4471 5
    endloop
  endfacet
  facet normal -0.946962 0.321345 0
    outer loop
      vertex -22.4567 28.7039 0
      vertex -22.2045 29.4471 5
      vertex -22.2045 29.4471 0
    endloop
  endfacet
  facet normal -0.946962 0.321345 0
    outer loop
      vertex -22.2045 29.4471 5
      vertex -22.4567 28.7039 0
      vertex -22.4567 28.7039 5
    endloop
  endfacet
  facet normal -0.896885 0.442263 0
    outer loop
      vertex -22.8038 28 0
      vertex -22.4567 28.7039 5
      vertex -22.4567 28.7039 0
    endloop
  endfacet
  facet normal -0.896885 0.442263 0
    outer loop
      vertex -22.4567 28.7039 5
      vertex -22.8038 28 0
      vertex -22.8038 28 5
    endloop
  endfacet
  facet normal -0.831442 0.555611 0
    outer loop
      vertex -23.2399 27.3474 0
      vertex -22.8038 28 5
      vertex -22.8038 28 0
    endloop
  endfacet
  facet normal -0.831442 0.555611 0
    outer loop
      vertex -22.8038 28 5
      vertex -23.2399 27.3474 0
      vertex -23.2399 27.3474 5
    endloop
  endfacet
  facet normal -0.751787 0.659406 0
    outer loop
      vertex -23.7574 26.7574 0
      vertex -23.2399 27.3474 5
      vertex -23.2399 27.3474 0
    endloop
  endfacet
  facet normal -0.751787 0.659406 0
    outer loop
      vertex -23.2399 27.3474 5
      vertex -23.7574 26.7574 0
      vertex -23.7574 26.7574 5
    endloop
  endfacet
  facet normal -0.659406 0.751787 0
    outer loop
      vertex -23.7574 26.7574 0
      vertex -24.3474 26.2399 5
      vertex -23.7574 26.7574 5
    endloop
  endfacet
  facet normal -0.659406 0.751787 0
    outer loop
      vertex -24.3474 26.2399 5
      vertex -23.7574 26.7574 0
      vertex -24.3474 26.2399 0
    endloop
  endfacet
  facet normal -0.555611 0.831442 0
    outer loop
      vertex -24.3474 26.2399 0
      vertex -25 25.8038 5
      vertex -24.3474 26.2399 5
    endloop
  endfacet
  facet normal -0.555611 0.831442 0
    outer loop
      vertex -25 25.8038 5
      vertex -24.3474 26.2399 0
      vertex -25 25.8038 0
    endloop
  endfacet
  facet normal -0.442263 0.896885 0
    outer loop
      vertex -25 25.8038 0
      vertex -25.7039 25.4567 5
      vertex -25 25.8038 5
    endloop
  endfacet
  facet normal -0.442263 0.896885 0
    outer loop
      vertex -25.7039 25.4567 5
      vertex -25 25.8038 0
      vertex -25.7039 25.4567 0
    endloop
  endfacet
  facet normal -0.321345 0.946962 0
    outer loop
      vertex -25.7039 25.4567 0
      vertex -26.4471 25.2045 5
      vertex -25.7039 25.4567 5
    endloop
  endfacet
  facet normal -0.321345 0.946962 0
    outer loop
      vertex -26.4471 25.2045 5
      vertex -25.7039 25.4567 0
      vertex -26.4471 25.2045 0
    endloop
  endfacet
  facet normal -0.195209 0.980762 0
    outer loop
      vertex -26.4471 25.2045 0
      vertex -27.2168 25.0513 5
      vertex -26.4471 25.2045 5
    endloop
  endfacet
  facet normal -0.195209 0.980762 0
    outer loop
      vertex -27.2168 25.0513 5
      vertex -26.4471 25.2045 0
      vertex -27.2168 25.0513 0
    endloop
  endfacet
  facet normal -0.0653605 0.997862 0
    outer loop
      vertex -27.2168 25.0513 0
      vertex -28 25 5
      vertex -27.2168 25.0513 5
    endloop
  endfacet
  facet normal -0.0653605 0.997862 0
    outer loop
      vertex -28 25 5
      vertex -27.2168 25.0513 0
      vertex -28 25 0
    endloop
  endfacet
  facet normal 0 1 -0
    outer loop
      vertex -28 25 0
      vertex -143.328 25 5
      vertex -28 25 5
    endloop
  endfacet
  facet normal 0 1 0
    outer loop
      vertex -143.328 25 5
      vertex -28 25 0
      vertex -143.328 25 0
    endloop
  endfacet
  facet normal 0.06297 0.998015 -0
    outer loop
      vertex -143.328 25 0
      vertex -144.084 25.0477 5
      vertex -143.328 25 5
    endloop
  endfacet
  facet normal 0.06297 0.998015 0
    outer loop
      vertex -144.084 25.0477 5
      vertex -143.328 25 0
      vertex -144.084 25.0477 0
    endloop
  endfacet
  facet normal 0.19072 0.981645 -0
    outer loop
      vertex -144.084 25.0477 0
      vertex -144.854 25.1973 5
      vertex -144.084 25.0477 5
    endloop
  endfacet
  facet normal 0.19072 0.981645 0
    outer loop
      vertex -144.854 25.1973 5
      vertex -144.084 25.0477 0
      vertex -144.854 25.1973 0
    endloop
  endfacet
  facet normal 0.317145 0.948377 -0
    outer loop
      vertex -144.854 25.1973 0
      vertex -145.598 25.4461 5
      vertex -144.854 25.1973 5
    endloop
  endfacet
  facet normal 0.317145 0.948377 0
    outer loop
      vertex -145.598 25.4461 5
      vertex -144.854 25.1973 0
      vertex -145.598 25.4461 0
    endloop
  endfacet
  facet normal 0.437816 0.899064 -0
    outer loop
      vertex -145.598 25.4461 0
      vertex -146.304 25.7899 5
      vertex -145.598 25.4461 5
    endloop
  endfacet
  facet normal 0.437816 0.899064 0
    outer loop
      vertex -146.304 25.7899 5
      vertex -145.598 25.4461 0
      vertex -146.304 25.7899 0
    endloop
  endfacet
  facet normal 0.552049 0.833811 -0
    outer loop
      vertex -146.304 25.7899 0
      vertex -146.958 26.2229 5
      vertex -146.304 25.7899 5
    endloop
  endfacet
  facet normal 0.552049 0.833811 0
    outer loop
      vertex -146.958 26.2229 5
      vertex -146.304 25.7899 0
      vertex -146.958 26.2229 0
    endloop
  endfacet
  facet normal 0.655561 0.755143 -0
    outer loop
      vertex -146.958 26.2229 0
      vertex -147.551 26.7377 5
      vertex -146.958 26.2229 5
    endloop
  endfacet
  facet normal 0.655561 0.755143 0
    outer loop
      vertex -147.551 26.7377 5
      vertex -146.958 26.2229 0
      vertex -147.551 26.7377 0
    endloop
  endfacet
  facet normal 0.74887 0.662717 0
    outer loop
      vertex -147.551 26.7377 5
      vertex -148.071 27.3253 0
      vertex -148.071 27.3253 5
    endloop
  endfacet
  facet normal 0.74887 0.662717 0
    outer loop
      vertex -148.071 27.3253 0
      vertex -147.551 26.7377 5
      vertex -147.551 26.7377 0
    endloop
  endfacet
  facet normal 0.8289 0.559396 0
    outer loop
      vertex -148.071 27.3253 5
      vertex -148.51 27.9758 0
      vertex -148.51 27.9758 5
    endloop
  endfacet
  facet normal 0.8289 0.559396 0
    outer loop
      vertex -148.51 27.9758 0
      vertex -148.071 27.3253 5
      vertex -148.071 27.3253 0
    endloop
  endfacet
  facet normal 0.894504 0.447061 0
    outer loop
      vertex -148.51 27.9758 5
      vertex -148.861 28.6781 0
      vertex -148.861 28.6781 5
    endloop
  endfacet
  facet normal 0.894504 0.447061 0
    outer loop
      vertex -148.861 28.6781 0
      vertex -148.51 27.9758 5
      vertex -148.51 27.9758 0
    endloop
  endfacet
  facet normal 0.945711 0.325009 0
    outer loop
      vertex -148.861 28.6781 5
      vertex -149.116 29.4201 0
      vertex -149.116 29.4201 5
    endloop
  endfacet
  facet normal 0.945711 0.325009 0
    outer loop
      vertex -149.116 29.4201 0
      vertex -148.861 28.6781 5
      vertex -148.861 28.6781 0
    endloop
  endfacet
  facet normal 0.979794 0.20001 0
    outer loop
      vertex -149.116 29.4201 5
      vertex -149.273 30.1892 0
      vertex -149.273 30.1892 5
    endloop
  endfacet
  facet normal 0.979794 0.20001 0
    outer loop
      vertex -149.273 30.1892 0
      vertex -149.116 29.4201 5
      vertex -149.116 29.4201 0
    endloop
  endfacet
  facet normal 0.997541 0.0700789 0
    outer loop
      vertex -149.273 30.1892 5
      vertex -149.328 30.9721 0
      vertex -149.328 30.9721 5
    endloop
  endfacet
  facet normal 0.997541 0.0700789 0
    outer loop
      vertex -149.328 30.9721 0
      vertex -149.273 30.1892 5
      vertex -149.273 30.1892 0
    endloop
  endfacet
  facet normal 0.998128 -0.0611645 0
    outer loop
      vertex -149.328 30.9721 5
      vertex -149.28 31.7554 0
      vertex -149.28 31.7554 5
    endloop
  endfacet
  facet normal 0.998128 -0.0611645 0
    outer loop
      vertex -149.28 31.7554 0
      vertex -149.328 30.9721 5
      vertex -149.328 30.9721 0
    endloop
  endfacet
  facet normal 0.981811 -0.189863 0
    outer loop
      vertex -149.28 31.7554 5
      vertex -149.131 32.5259 0
      vertex -149.131 32.5259 5
    endloop
  endfacet
  facet normal 0.981811 -0.189863 0
    outer loop
      vertex -149.131 32.5259 0
      vertex -149.28 31.7554 5
      vertex -149.28 31.7554 0
    endloop
  endfacet
  facet normal 0.948352 -0.317221 0
    outer loop
      vertex -149.131 32.5259 5
      vertex -148.882 33.2703 0
      vertex -148.882 33.2703 5
    endloop
  endfacet
  facet normal 0.948352 -0.317221 0
    outer loop
      vertex -148.882 33.2703 0
      vertex -149.131 32.5259 5
      vertex -149.131 32.5259 0
    endloop
  endfacet
  facet normal 0.898842 -0.438273 0
    outer loop
      vertex -148.882 33.2703 5
      vertex -148.538 33.9758 0
      vertex -148.538 33.9758 5
    endloop
  endfacet
  facet normal 0.898842 -0.438273 0
    outer loop
      vertex -148.538 33.9758 0
      vertex -148.882 33.2703 5
      vertex -148.882 33.2703 0
    endloop
  endfacet
  facet normal 0.834044 -0.551697 0
    outer loop
      vertex -148.538 33.9758 5
      vertex -148.105 34.6304 0
      vertex -148.105 34.6304 5
    endloop
  endfacet
  facet normal 0.834044 -0.551697 0
    outer loop
      vertex -148.105 34.6304 0
      vertex -148.538 33.9758 5
      vertex -148.538 33.9758 0
    endloop
  endfacet
  facet normal 0.754688 -0.656084 0
    outer loop
      vertex -148.105 34.6304 5
      vertex -147.59 35.2228 0
      vertex -147.59 35.2228 5
    endloop
  endfacet
  facet normal 0.754688 -0.656084 0
    outer loop
      vertex -147.59 35.2228 0
      vertex -148.105 34.6304 5
      vertex -148.105 34.6304 0
    endloop
  endfacet
  facet normal 0.663311 -0.748344 0
    outer loop
      vertex -147.59 35.2228 0
      vertex -147.003 35.7431 5
      vertex -147.59 35.2228 5
    endloop
  endfacet
  facet normal 0.663311 -0.748344 0
    outer loop
      vertex -147.003 35.7431 5
      vertex -147.59 35.2228 0
      vertex -147.003 35.7431 0
    endloop
  endfacet
  facet normal 0.559101 -0.8291 0
    outer loop
      vertex -147.003 35.7431 0
      vertex -146.352 36.1821 5
      vertex -147.003 35.7431 5
    endloop
  endfacet
  facet normal 0.559101 -0.8291 0
    outer loop
      vertex -146.352 36.1821 5
      vertex -147.003 35.7431 0
      vertex -146.352 36.1821 0
    endloop
  endfacet
  facet normal 0.446602 -0.894733 0
    outer loop
      vertex -146.352 36.1821 0
      vertex -145.65 36.5325 5
      vertex -146.352 36.1821 5
    endloop
  endfacet
  facet normal 0.446602 -0.894733 0
    outer loop
      vertex -145.65 36.5325 5
      vertex -146.352 36.1821 0
      vertex -145.65 36.5325 0
    endloop
  endfacet
  facet normal 0.32592 -0.945397 0
    outer loop
      vertex -145.65 36.5325 0
      vertex -144.908 36.7883 5
      vertex -145.65 36.5325 5
    endloop
  endfacet
  facet normal 0.32592 -0.945397 0
    outer loop
      vertex -144.908 36.7883 5
      vertex -145.65 36.5325 0
      vertex -144.908 36.7883 0
    endloop
  endfacet
  facet normal 0.263313 -0.964711 0
    outer loop
      vertex -144.908 36.7883 0
      vertex -29.5799 68.2665 5
      vertex -144.908 36.7883 5
    endloop
  endfacet
  facet normal 0.263313 -0.964711 0
    outer loop
      vertex -29.5799 68.2665 5
      vertex -144.908 36.7883 0
      vertex -29.5799 68.2665 0
    endloop
  endfacet
  facet normal 0.19737 -0.980329 0
    outer loop
      vertex -29.5799 68.2665 0
      vertex -28.7832 68.4269 5
      vertex -29.5799 68.2665 5
    endloop
  endfacet
  facet normal 0.19737 -0.980329 0
    outer loop
      vertex -28.7832 68.4269 5
      vertex -29.5799 68.2665 0
      vertex -28.7832 68.4269 0
    endloop
  endfacet
  facet normal 0.0654873 -0.997853 0
    outer loop
      vertex -28.7832 68.4269 0
      vertex -28 68.4783 5
      vertex -28.7832 68.4269 5
    endloop
  endfacet
  facet normal 0.0654873 -0.997853 0
    outer loop
      vertex -28 68.4783 5
      vertex -28.7832 68.4269 0
      vertex -28 68.4783 0
    endloop
  endfacet
  facet normal -0.0654873 -0.997853 0
    outer loop
      vertex -28 68.4783 0
      vertex -27.2168 68.4269 5
      vertex -28 68.4783 5
    endloop
  endfacet
  facet normal -0.0654873 -0.997853 -0
    outer loop
      vertex -27.2168 68.4269 5
      vertex -28 68.4783 0
      vertex -27.2168 68.4269 0
    endloop
  endfacet
  facet normal -0.195087 -0.980786 0
    outer loop
      vertex -27.2168 68.4269 0
      vertex -26.4471 68.2738 5
      vertex -27.2168 68.4269 5
    endloop
  endfacet
  facet normal -0.195087 -0.980786 -0
    outer loop
      vertex -26.4471 68.2738 5
      vertex -27.2168 68.4269 0
      vertex -26.4471 68.2738 0
    endloop
  endfacet
  facet normal -0.32146 -0.946923 0
    outer loop
      vertex -26.4471 68.2738 0
      vertex -25.7039 68.0215 5
      vertex -26.4471 68.2738 5
    endloop
  endfacet
  facet normal -0.32146 -0.946923 -0
    outer loop
      vertex -25.7039 68.0215 5
      vertex -26.4471 68.2738 0
      vertex -25.7039 68.0215 0
    endloop
  endfacet
  facet normal -0.442263 -0.896885 0
    outer loop
      vertex -25.7039 68.0215 0
      vertex -25 67.6744 5
      vertex -25.7039 68.0215 5
    endloop
  endfacet
  facet normal -0.442263 -0.896885 -0
    outer loop
      vertex -25 67.6744 5
      vertex -25.7039 68.0215 0
      vertex -25 67.6744 0
    endloop
  endfacet
  facet normal -0.555523 -0.831501 0
    outer loop
      vertex -25 67.6744 0
      vertex -24.3474 67.2384 5
      vertex -25 67.6744 5
    endloop
  endfacet
  facet normal -0.555523 -0.831501 -0
    outer loop
      vertex -24.3474 67.2384 5
      vertex -25 67.6744 0
      vertex -24.3474 67.2384 0
    endloop
  endfacet
  facet normal -0.659406 -0.751787 0
    outer loop
      vertex -24.3474 67.2384 0
      vertex -23.7574 66.7209 5
      vertex -24.3474 67.2384 5
    endloop
  endfacet
  facet normal -0.659406 -0.751787 -0
    outer loop
      vertex -23.7574 66.7209 5
      vertex -24.3474 67.2384 0
      vertex -23.7574 66.7209 0
    endloop
  endfacet
  facet normal -0.751842 -0.659343 0
    outer loop
      vertex -23.2399 66.1308 0
      vertex -23.7574 66.7209 5
      vertex -23.7574 66.7209 0
    endloop
  endfacet
  facet normal -0.751842 -0.659343 0
    outer loop
      vertex -23.7574 66.7209 5
      vertex -23.2399 66.1308 0
      vertex -23.2399 66.1308 5
    endloop
  endfacet
  facet normal -0.831403 -0.55567 0
    outer loop
      vertex -22.8038 65.4783 0
      vertex -23.2399 66.1308 5
      vertex -23.2399 66.1308 0
    endloop
  endfacet
  facet normal -0.831403 -0.55567 0
    outer loop
      vertex -23.2399 66.1308 5
      vertex -22.8038 65.4783 0
      vertex -22.8038 65.4783 5
    endloop
  endfacet
  facet normal -0.896885 -0.442263 0
    outer loop
      vertex -22.4567 64.7744 0
      vertex -22.8038 65.4783 5
      vertex -22.8038 65.4783 0
    endloop
  endfacet
  facet normal -0.896885 -0.442263 0
    outer loop
      vertex -22.8038 65.4783 5
      vertex -22.4567 64.7744 0
      vertex -22.4567 64.7744 5
    endloop
  endfacet
  facet normal -0.946962 -0.321345 0
    outer loop
      vertex -22.2045 64.0312 0
      vertex -22.4567 64.7744 5
      vertex -22.4567 64.7744 0
    endloop
  endfacet
  facet normal -0.946962 -0.321345 0
    outer loop
      vertex -22.4567 64.7744 5
      vertex -22.2045 64.0312 0
      vertex -22.2045 64.0312 5
    endloop
  endfacet
  facet normal -0.980766 -0.195185 0
    outer loop
      vertex -22.0513 63.2614 0
      vertex -22.2045 64.0312 5
      vertex -22.2045 64.0312 0
    endloop
  endfacet
  facet normal -0.980766 -0.195185 0
    outer loop
      vertex -22.2045 64.0312 5
      vertex -22.0513 63.2614 0
      vertex -22.0513 63.2614 5
    endloop
  endfacet
  facet normal -0.997861 -0.0653688 0
    outer loop
      vertex -22 62.4783 0
      vertex -22.0513 63.2614 5
      vertex -22.0513 63.2614 0
    endloop
  endfacet
  facet normal -0.997861 -0.0653688 0
    outer loop
      vertex -22.0513 63.2614 5
      vertex -22 62.4783 0
      vertex -22 62.4783 5
    endloop
  endfacet
  facet normal -1 0 0
    outer loop
      vertex -22 31 0
      vertex -22 62.4783 5
      vertex -22 62.4783 0
    endloop
  endfacet
  facet normal -1 -0 0
    outer loop
      vertex -22 62.4783 5
      vertex -22 31 0
      vertex -22 31 5
    endloop
  endfacet
  facet normal -0.986373 0.164523 0
    outer loop
      vertex -64.968 125.128 0
      vertex -64.8389 125.902 5
      vertex -64.8389 125.902 0
    endloop
  endfacet
  facet normal -0.986373 0.164523 0
    outer loop
      vertex -64.8389 125.902 5
      vertex -64.968 125.128 0
      vertex -64.968 125.128 5
    endloop
  endfacet
  facet normal -0.956484 0.291785 0
    outer loop
      vertex -65.1971 124.377 0
      vertex -64.968 125.128 5
      vertex -64.968 125.128 0
    endloop
  endfacet
  facet normal -0.956484 0.291785 0
    outer loop
      vertex -64.968 125.128 5
      vertex -65.1971 124.377 0
      vertex -65.1971 124.377 5
    endloop
  endfacet
  facet normal -0.9101 0.414389 0
    outer loop
      vertex -65.5222 123.663 0
      vertex -65.1971 124.377 5
      vertex -65.1971 124.377 0
    endloop
  endfacet
  facet normal -0.9101 0.414389 0
    outer loop
      vertex -65.1971 124.377 5
      vertex -65.5222 123.663 0
      vertex -65.5222 123.663 5
    endloop
  endfacet
  facet normal -0.84837 0.529403 0
    outer loop
      vertex -65.9378 122.997 0
      vertex -65.5222 123.663 5
      vertex -65.5222 123.663 0
    endloop
  endfacet
  facet normal -0.84837 0.529403 0
    outer loop
      vertex -65.5222 123.663 5
      vertex -65.9378 122.997 0
      vertex -65.9378 122.997 5
    endloop
  endfacet
  facet normal -0.77203 0.635587 0
    outer loop
      vertex -66.4367 122.391 0
      vertex -65.9378 122.997 5
      vertex -65.9378 122.997 0
    endloop
  endfacet
  facet normal -0.77203 0.635587 0
    outer loop
      vertex -65.9378 122.997 5
      vertex -66.4367 122.391 0
      vertex -66.4367 122.391 5
    endloop
  endfacet
  facet normal -0.681946 0.731403 0
    outer loop
      vertex -66.4367 122.391 0
      vertex -67.0105 121.856 5
      vertex -66.4367 122.391 5
    endloop
  endfacet
  facet normal -0.681946 0.731403 0
    outer loop
      vertex -67.0105 121.856 5
      vertex -66.4367 122.391 0
      vertex -67.0105 121.856 0
    endloop
  endfacet
  facet normal -0.5819 0.81326 0
    outer loop
      vertex -67.0105 121.856 0
      vertex -67.6492 121.399 5
      vertex -67.0105 121.856 5
    endloop
  endfacet
  facet normal -0.5819 0.81326 0
    outer loop
      vertex -67.6492 121.399 5
      vertex -67.0105 121.856 0
      vertex -67.6492 121.399 0
    endloop
  endfacet
  facet normal -0.469106 0.883142 0
    outer loop
      vertex -67.6492 121.399 0
      vertex -68.342 121.031 5
      vertex -67.6492 121.399 5
    endloop
  endfacet
  facet normal -0.469106 0.883142 0
    outer loop
      vertex -68.342 121.031 5
      vertex -67.6492 121.399 0
      vertex -68.342 121.031 0
    endloop
  endfacet
  facet normal -0.411179 0.911555 0
    outer loop
      vertex -68.342 121.031 0
      vertex -125.206 95.3811 5
      vertex -68.342 121.031 5
    endloop
  endfacet
  facet normal -0.411179 0.911555 0
    outer loop
      vertex -125.206 95.3811 5
      vertex -68.342 121.031 0
      vertex -125.206 95.3811 0
    endloop
  endfacet
  facet normal -0.357378 0.93396 0
    outer loop
      vertex -125.206 95.3811 0
      vertex -125.863 95.1297 5
      vertex -125.206 95.3811 5
    endloop
  endfacet
  facet normal -0.357378 0.93396 0
    outer loop
      vertex -125.863 95.1297 5
      vertex -125.206 95.3811 0
      vertex -125.863 95.1297 0
    endloop
  endfacet
  facet normal -0.23828 0.971196 0
    outer loop
      vertex -125.863 95.1297 0
      vertex -126.626 94.9425 5
      vertex -125.863 95.1297 5
    endloop
  endfacet
  facet normal -0.23828 0.971196 0
    outer loop
      vertex -126.626 94.9425 5
      vertex -125.863 95.1297 0
      vertex -126.626 94.9425 0
    endloop
  endfacet
  facet normal -0.109718 0.993963 0
    outer loop
      vertex -126.626 94.9425 0
      vertex -127.406 94.8564 5
      vertex -126.626 94.9425 5
    endloop
  endfacet
  facet normal -0.109718 0.993963 0
    outer loop
      vertex -127.406 94.8564 5
      vertex -126.626 94.9425 0
      vertex -127.406 94.8564 0
    endloop
  endfacet
  facet normal 0.0209138 0.999781 -0
    outer loop
      vertex -127.406 94.8564 0
      vertex -128.19 94.8728 5
      vertex -127.406 94.8564 5
    endloop
  endfacet
  facet normal 0.0209138 0.999781 0
    outer loop
      vertex -128.19 94.8728 5
      vertex -127.406 94.8564 0
      vertex -128.19 94.8728 0
    endloop
  endfacet
  facet normal 0.151205 0.988502 -0
    outer loop
      vertex -128.19 94.8728 0
      vertex -128.966 94.9915 5
      vertex -128.19 94.8728 5
    endloop
  endfacet
  facet normal 0.151205 0.988502 0
    outer loop
      vertex -128.966 94.9915 5
      vertex -128.19 94.8728 0
      vertex -128.966 94.9915 0
    endloop
  endfacet
  facet normal 0.278924 0.960313 -0
    outer loop
      vertex -128.966 94.9915 0
      vertex -129.72 95.2105 5
      vertex -128.966 94.9915 5
    endloop
  endfacet
  facet normal 0.278924 0.960313 0
    outer loop
      vertex -129.72 95.2105 5
      vertex -128.966 94.9915 0
      vertex -129.72 95.2105 0
    endloop
  endfacet
  facet normal 0.40229 0.915512 -0
    outer loop
      vertex -129.72 95.2105 0
      vertex -130.438 95.526 5
      vertex -129.72 95.2105 5
    endloop
  endfacet
  facet normal 0.40229 0.915512 0
    outer loop
      vertex -130.438 95.526 5
      vertex -129.72 95.2105 0
      vertex -130.438 95.526 0
    endloop
  endfacet
  facet normal 0.517582 0.855634 -0
    outer loop
      vertex -130.438 95.526 0
      vertex -131.11 95.9325 5
      vertex -130.438 95.526 5
    endloop
  endfacet
  facet normal 0.517582 0.855634 0
    outer loop
      vertex -131.11 95.9325 5
      vertex -130.438 95.526 0
      vertex -131.11 95.9325 0
    endloop
  endfacet
  facet normal 0.625627 0.780122 -0
    outer loop
      vertex -131.11 95.9325 0
      vertex -131.722 96.4233 5
      vertex -131.11 95.9325 5
    endloop
  endfacet
  facet normal 0.625627 0.780122 0
    outer loop
      vertex -131.722 96.4233 5
      vertex -131.11 95.9325 0
      vertex -131.722 96.4233 0
    endloop
  endfacet
  facet normal 0.721861 0.692038 0
    outer loop
      vertex -131.722 96.4233 5
      vertex -132.265 96.9897 0
      vertex -132.265 96.9897 5
    endloop
  endfacet
  facet normal 0.721861 0.692038 0
    outer loop
      vertex -132.265 96.9897 0
      vertex -131.722 96.4233 5
      vertex -131.722 96.4233 0
    endloop
  endfacet
  facet normal 0.80574 0.592269 0
    outer loop
      vertex -132.265 96.9897 5
      vertex -132.73 97.6223 0
      vertex -132.73 97.6223 5
    endloop
  endfacet
  facet normal 0.80574 0.592269 0
    outer loop
      vertex -132.73 97.6223 0
      vertex -132.265 96.9897 5
      vertex -132.265 96.9897 0
    endloop
  endfacet
  facet normal 0.876342 0.481689 0
    outer loop
      vertex -132.73 97.6223 5
      vertex -133.108 98.31 0
      vertex -133.108 98.31 5
    endloop
  endfacet
  facet normal 0.876342 0.481689 0
    outer loop
      vertex -133.108 98.31 0
      vertex -132.73 97.6223 5
      vertex -132.73 97.6223 0
    endloop
  endfacet
  facet normal 0.931727 0.363159 0
    outer loop
      vertex -133.108 98.31 5
      vertex -133.393 99.0412 0
      vertex -133.393 99.0412 5
    endloop
  endfacet
  facet normal 0.931727 0.363159 0
    outer loop
      vertex -133.393 99.0412 0
      vertex -133.108 98.31 5
      vertex -133.108 98.31 0
    endloop
  endfacet
  facet normal 0.970902 0.239477 0
    outer loop
      vertex -133.393 99.0412 5
      vertex -133.581 99.8034 0
      vertex -133.581 99.8034 5
    endloop
  endfacet
  facet normal 0.970902 0.239477 0
    outer loop
      vertex -133.581 99.8034 0
      vertex -133.393 99.0412 5
      vertex -133.393 99.0412 0
    endloop
  endfacet
  facet normal 0.993986 0.109509 0
    outer loop
      vertex -133.581 99.8034 5
      vertex -133.667 100.584 0
      vertex -133.667 100.584 5
    endloop
  endfacet
  facet normal 0.993986 0.109509 0
    outer loop
      vertex -133.667 100.584 0
      vertex -133.581 99.8034 5
      vertex -133.581 99.8034 0
    endloop
  endfacet
  facet normal 0.999765 -0.0216786 0
    outer loop
      vertex -133.667 100.584 5
      vertex -133.65 101.368 0
      vertex -133.65 101.368 5
    endloop
  endfacet
  facet normal 0.999765 -0.0216786 0
    outer loop
      vertex -133.65 101.368 0
      vertex -133.667 100.584 5
      vertex -133.667 100.584 0
    endloop
  endfacet
  facet normal 0.988445 -0.151579 0
    outer loop
      vertex -133.65 101.368 5
      vertex -133.531 102.144 0
      vertex -133.531 102.144 5
    endloop
  endfacet
  facet normal 0.988445 -0.151579 0
    outer loop
      vertex -133.531 102.144 0
      vertex -133.65 101.368 5
      vertex -133.65 101.368 0
    endloop
  endfacet
  facet normal 0.960654 -0.277749 0
    outer loop
      vertex -133.531 102.144 5
      vertex -133.313 102.898 0
      vertex -133.313 102.898 5
    endloop
  endfacet
  facet normal 0.960654 -0.277749 0
    outer loop
      vertex -133.313 102.898 0
      vertex -133.531 102.144 5
      vertex -133.531 102.144 0
    endloop
  endfacet
  facet normal 0.915277 -0.402824 0
    outer loop
      vertex -133.313 102.898 5
      vertex -132.997 103.616 0
      vertex -132.997 103.616 5
    endloop
  endfacet
  facet normal 0.915277 -0.402824 0
    outer loop
      vertex -132.997 103.616 0
      vertex -133.313 102.898 5
      vertex -133.313 102.898 0
    endloop
  endfacet
  facet normal 0.855352 -0.518048 0
    outer loop
      vertex -132.997 103.616 5
      vertex -132.59 104.288 0
      vertex -132.59 104.288 5
    endloop
  endfacet
  facet normal 0.855352 -0.518048 0
    outer loop
      vertex -132.59 104.288 0
      vertex -132.997 103.616 5
      vertex -132.997 103.616 0
    endloop
  endfacet
  facet normal 0.78062 -0.625006 0
    outer loop
      vertex -132.59 104.288 5
      vertex -132.1 104.9 0
      vertex -132.1 104.9 5
    endloop
  endfacet
  facet normal 0.78062 -0.625006 0
    outer loop
      vertex -132.1 104.9 0
      vertex -132.59 104.288 5
      vertex -132.59 104.288 0
    endloop
  endfacet
  facet normal 0.737863 -0.67495 0
    outer loop
      vertex -132.1 104.9 5
      vertex -108.637 130.55 0
      vertex -108.637 130.55 5
    endloop
  endfacet
  facet normal 0.737863 -0.67495 0
    outer loop
      vertex -108.637 130.55 0
      vertex -132.1 104.9 5
      vertex -132.1 104.9 0
    endloop
  endfacet
  facet normal 0.675983 -0.736917 0
    outer loop
      vertex -108.637 130.55 0
      vertex -107.863 131.26 5
      vertex -108.637 130.55 5
    endloop
  endfacet
  facet normal 0.675983 -0.736917 0
    outer loop
      vertex -107.863 131.26 5
      vertex -108.637 130.55 0
      vertex -107.863 131.26 0
    endloop
  endfacet
  facet normal 0.555288 -0.831658 0
    outer loop
      vertex -107.863 131.26 0
      vertex -107.21 131.696 5
      vertex -107.863 131.26 5
    endloop
  endfacet
  facet normal 0.555288 -0.831658 0
    outer loop
      vertex -107.21 131.696 5
      vertex -107.863 131.26 0
      vertex -107.21 131.696 0
    endloop
  endfacet
  facet normal 0.44211 -0.896961 0
    outer loop
      vertex -107.21 131.696 0
      vertex -106.506 132.043 5
      vertex -107.21 131.696 5
    endloop
  endfacet
  facet normal 0.44211 -0.896961 0
    outer loop
      vertex -106.506 132.043 5
      vertex -107.21 131.696 0
      vertex -106.506 132.043 0
    endloop
  endfacet
  facet normal 0.322337 -0.946625 0
    outer loop
      vertex -106.506 132.043 0
      vertex -105.763 132.296 5
      vertex -106.506 132.043 5
    endloop
  endfacet
  facet normal 0.322337 -0.946625 0
    outer loop
      vertex -105.763 132.296 5
      vertex -106.506 132.043 0
      vertex -105.763 132.296 0
    endloop
  endfacet
  facet normal 0.194891 -0.980825 0
    outer loop
      vertex -105.763 132.296 0
      vertex -104.993 132.449 5
      vertex -105.763 132.296 5
    endloop
  endfacet
  facet normal 0.194891 -0.980825 0
    outer loop
      vertex -104.993 132.449 5
      vertex -105.763 132.296 0
      vertex -104.993 132.449 0
    endloop
  endfacet
  facet normal 0.0649964 -0.997886 0
    outer loop
      vertex -104.993 132.449 0
      vertex -104.21 132.5 5
      vertex -104.993 132.449 5
    endloop
  endfacet
  facet normal 0.0649964 -0.997886 0
    outer loop
      vertex -104.21 132.5 5
      vertex -104.993 132.449 0
      vertex -104.21 132.5 0
    endloop
  endfacet
  facet normal 0 -1 0
    outer loop
      vertex -104.21 132.5 0
      vertex -70.809 132.5 5
      vertex -104.21 132.5 5
    endloop
  endfacet
  facet normal 0 -1 -0
    outer loop
      vertex -70.809 132.5 5
      vertex -104.21 132.5 0
      vertex -70.809 132.5 0
    endloop
  endfacet
  facet normal -0.0500959 -0.998744 0
    outer loop
      vertex -70.809 132.5 0
      vertex -70.2109 132.47 5
      vertex -70.809 132.5 5
    endloop
  endfacet
  facet normal -0.0500959 -0.998744 -0
    outer loop
      vertex -70.2109 132.47 5
      vertex -70.809 132.5 0
      vertex -70.2109 132.47 0
    endloop
  endfacet
  facet normal -0.164378 -0.986397 0
    outer loop
      vertex -70.2109 132.47 0
      vertex -69.4368 132.341 5
      vertex -70.2109 132.47 5
    endloop
  endfacet
  facet normal -0.164378 -0.986397 -0
    outer loop
      vertex -69.4368 132.341 5
      vertex -70.2109 132.47 0
      vertex -69.4368 132.341 0
    endloop
  endfacet
  facet normal -0.291775 -0.956487 0
    outer loop
      vertex -69.4368 132.341 0
      vertex -68.6861 132.112 5
      vertex -69.4368 132.341 5
    endloop
  endfacet
  facet normal -0.291775 -0.956487 -0
    outer loop
      vertex -68.6861 132.112 5
      vertex -69.4368 132.341 0
      vertex -68.6861 132.112 0
    endloop
  endfacet
  facet normal -0.414139 -0.910214 0
    outer loop
      vertex -68.6861 132.112 0
      vertex -67.9718 131.787 5
      vertex -68.6861 132.112 5
    endloop
  endfacet
  facet normal -0.414139 -0.910214 -0
    outer loop
      vertex -67.9718 131.787 5
      vertex -68.6861 132.112 0
      vertex -67.9718 131.787 0
    endloop
  endfacet
  facet normal -0.529884 -0.84807 0
    outer loop
      vertex -67.9718 131.787 0
      vertex -67.306 131.371 5
      vertex -67.9718 131.787 5
    endloop
  endfacet
  facet normal -0.529884 -0.84807 -0
    outer loop
      vertex -67.306 131.371 5
      vertex -67.9718 131.787 0
      vertex -67.306 131.371 0
    endloop
  endfacet
  facet normal -0.635725 -0.771916 0
    outer loop
      vertex -67.306 131.371 0
      vertex -66.7001 130.872 5
      vertex -67.306 131.371 5
    endloop
  endfacet
  facet normal -0.635725 -0.771916 -0
    outer loop
      vertex -66.7001 130.872 5
      vertex -67.306 131.371 0
      vertex -66.7001 130.872 0
    endloop
  endfacet
  facet normal -0.73061 -0.682795 0
    outer loop
      vertex -66.1646 130.299 0
      vertex -66.7001 130.872 5
      vertex -66.7001 130.872 0
    endloop
  endfacet
  facet normal -0.73061 -0.682795 0
    outer loop
      vertex -66.7001 130.872 5
      vertex -66.1646 130.299 0
      vertex -66.1646 130.299 5
    endloop
  endfacet
  facet normal -0.813931 -0.580961 0
    outer loop
      vertex -65.7085 129.66 0
      vertex -66.1646 130.299 5
      vertex -66.1646 130.299 0
    endloop
  endfacet
  facet normal -0.813931 -0.580961 0
    outer loop
      vertex -66.1646 130.299 5
      vertex -65.7085 129.66 0
      vertex -65.7085 129.66 5
    endloop
  endfacet
  facet normal -0.882776 -0.469795 0
    outer loop
      vertex -65.3397 128.967 0
      vertex -65.7085 129.66 5
      vertex -65.7085 129.66 0
    endloop
  endfacet
  facet normal -0.882776 -0.469795 0
    outer loop
      vertex -65.7085 129.66 5
      vertex -65.3397 128.967 0
      vertex -65.3397 128.967 5
    endloop
  endfacet
  facet normal -0.936507 -0.350649 0
    outer loop
      vertex -65.0645 128.232 0
      vertex -65.3397 128.967 5
      vertex -65.3397 128.967 0
    endloop
  endfacet
  facet normal -0.936507 -0.350649 0
    outer loop
      vertex -65.3397 128.967 5
      vertex -65.0645 128.232 0
      vertex -65.0645 128.232 5
    endloop
  endfacet
  facet normal -0.974262 -0.225418 0
    outer loop
      vertex -64.8875 127.467 0
      vertex -65.0645 128.232 5
      vertex -65.0645 128.232 0
    endloop
  endfacet
  facet normal -0.974262 -0.225418 0
    outer loop
      vertex -65.0645 128.232 5
      vertex -64.8875 127.467 0
      vertex -64.8875 127.467 5
    endloop
  endfacet
  facet normal -0.995348 -0.0963486 0
    outer loop
      vertex -64.8119 126.686 0
      vertex -64.8875 127.467 5
      vertex -64.8875 127.467 0
    endloop
  endfacet
  facet normal -0.995348 -0.0963486 0
    outer loop
      vertex -64.8875 127.467 5
      vertex -64.8119 126.686 0
      vertex -64.8119 126.686 5
    endloop
  endfacet
  facet normal -0.999408 0.0344184 0
    outer loop
      vertex -64.8389 125.902 0
      vertex -64.8119 126.686 5
      vertex -64.8119 126.686 0
    endloop
  endfacet
  facet normal -0.999408 0.0344184 0
    outer loop
      vertex -64.8119 126.686 5
      vertex -64.8389 125.902 0
      vertex -64.8389 125.902 5
    endloop
  endfacet
  facet normal -0.997862 0.0653605 0
    outer loop
      vertex -22.0513 84.7168 0
      vertex -22 85.5 5
      vertex -22 85.5 0
    endloop
  endfacet
  facet normal -0.997862 0.0653605 0
    outer loop
      vertex -22 85.5 5
      vertex -22.0513 84.7168 0
      vertex -22.0513 84.7168 5
    endloop
  endfacet
  facet normal -0.980762 0.195209 0
    outer loop
      vertex -22.2045 83.9471 0
      vertex -22.0513 84.7168 5
      vertex -22.0513 84.7168 0
    endloop
  endfacet
  facet normal -0.980762 0.195209 0
    outer loop
      vertex -22.0513 84.7168 5
      vertex -22.2045 83.9471 0
      vertex -22.2045 83.9471 5
    endloop
  endfacet
  facet normal -0.946962 0.321345 0
    outer loop
      vertex -22.4567 83.2039 0
      vertex -22.2045 83.9471 5
      vertex -22.2045 83.9471 0
    endloop
  endfacet
  facet normal -0.946962 0.321345 0
    outer loop
      vertex -22.2045 83.9471 5
      vertex -22.4567 83.2039 0
      vertex -22.4567 83.2039 5
    endloop
  endfacet
  facet normal -0.896885 0.442263 0
    outer loop
      vertex -22.8038 82.5 0
      vertex -22.4567 83.2039 5
      vertex -22.4567 83.2039 0
    endloop
  endfacet
  facet normal -0.896885 0.442263 0
    outer loop
      vertex -22.4567 83.2039 5
      vertex -22.8038 82.5 0
      vertex -22.8038 82.5 5
    endloop
  endfacet
  facet normal -0.831442 0.555611 0
    outer loop
      vertex -23.2399 81.8474 0
      vertex -22.8038 82.5 5
      vertex -22.8038 82.5 0
    endloop
  endfacet
  facet normal -0.831442 0.555611 0
    outer loop
      vertex -22.8038 82.5 5
      vertex -23.2399 81.8474 0
      vertex -23.2399 81.8474 5
    endloop
  endfacet
  facet normal -0.751787 0.659406 0
    outer loop
      vertex -23.7574 81.2574 0
      vertex -23.2399 81.8474 5
      vertex -23.2399 81.8474 0
    endloop
  endfacet
  facet normal -0.751787 0.659406 0
    outer loop
      vertex -23.2399 81.8474 5
      vertex -23.7574 81.2574 0
      vertex -23.7574 81.2574 5
    endloop
  endfacet
  facet normal -0.659406 0.751787 0
    outer loop
      vertex -23.7574 81.2574 0
      vertex -24.3474 80.7399 5
      vertex -23.7574 81.2574 5
    endloop
  endfacet
  facet normal -0.659406 0.751787 0
    outer loop
      vertex -24.3474 80.7399 5
      vertex -23.7574 81.2574 0
      vertex -24.3474 80.7399 0
    endloop
  endfacet
  facet normal -0.555611 0.831442 0
    outer loop
      vertex -24.3474 80.7399 0
      vertex -25 80.3038 5
      vertex -24.3474 80.7399 5
    endloop
  endfacet
  facet normal -0.555611 0.831442 0
    outer loop
      vertex -25 80.3038 5
      vertex -24.3474 80.7399 0
      vertex -25 80.3038 0
    endloop
  endfacet
  facet normal -0.442263 0.896885 0
    outer loop
      vertex -25 80.3038 0
      vertex -25.7039 79.9567 5
      vertex -25 80.3038 5
    endloop
  endfacet
  facet normal -0.442263 0.896885 0
    outer loop
      vertex -25.7039 79.9567 5
      vertex -25 80.3038 0
      vertex -25.7039 79.9567 0
    endloop
  endfacet
  facet normal -0.321345 0.946962 0
    outer loop
      vertex -25.7039 79.9567 0
      vertex -26.4471 79.7045 5
      vertex -25.7039 79.9567 5
    endloop
  endfacet
  facet normal -0.321345 0.946962 0
    outer loop
      vertex -26.4471 79.7045 5
      vertex -25.7039 79.9567 0
      vertex -26.4471 79.7045 0
    endloop
  endfacet
  facet normal -0.195209 0.980762 0
    outer loop
      vertex -26.4471 79.7045 0
      vertex -27.2168 79.5513 5
      vertex -26.4471 79.7045 5
    endloop
  endfacet
  facet normal -0.195209 0.980762 0
    outer loop
      vertex -27.2168 79.5513 5
      vertex -26.4471 79.7045 0
      vertex -27.2168 79.5513 0
    endloop
  endfacet
  facet normal -0.0653605 0.997862 0
    outer loop
      vertex -27.2168 79.5513 0
      vertex -28 79.5 5
      vertex -27.2168 79.5513 5
    endloop
  endfacet
  facet normal -0.0653605 0.997862 0
    outer loop
      vertex -28 79.5 5
      vertex -27.2168 79.5513 0
      vertex -28 79.5 0
    endloop
  endfacet
  facet normal 0 1 -0
    outer loop
      vertex -28 79.5 0
      vertex -110.641 79.5 5
      vertex -28 79.5 5
    endloop
  endfacet
  facet normal 0 1 0
    outer loop
      vertex -110.641 79.5 5
      vertex -28 79.5 0
      vertex -110.641 79.5 0
    endloop
  endfacet
  facet normal 0.0499376 0.998752 -0
    outer loop
      vertex -110.641 79.5 0
      vertex -111.239 79.5299 5
      vertex -110.641 79.5 5
    endloop
  endfacet
  facet normal 0.0499376 0.998752 0
    outer loop
      vertex -111.239 79.5299 5
      vertex -110.641 79.5 0
      vertex -111.239 79.5299 0
    endloop
  endfacet
  facet normal 0.164316 0.986408 -0
    outer loop
      vertex -111.239 79.5299 0
      vertex -112.014 79.659 5
      vertex -111.239 79.5299 5
    endloop
  endfacet
  facet normal 0.164316 0.986408 0
    outer loop
      vertex -112.014 79.659 5
      vertex -111.239 79.5299 0
      vertex -112.014 79.659 0
    endloop
  endfacet
  facet normal 0.292141 0.956375 -0
    outer loop
      vertex -112.014 79.659 0
      vertex -112.764 79.8881 5
      vertex -112.014 79.659 5
    endloop
  endfacet
  facet normal 0.292141 0.956375 0
    outer loop
      vertex -112.764 79.8881 5
      vertex -112.014 79.659 0
      vertex -112.764 79.8881 0
    endloop
  endfacet
  facet normal 0.413908 0.910319 -0
    outer loop
      vertex -112.764 79.8881 0
      vertex -113.479 80.2132 5
      vertex -112.764 79.8881 5
    endloop
  endfacet
  facet normal 0.413908 0.910319 0
    outer loop
      vertex -113.479 80.2132 5
      vertex -112.764 79.8881 0
      vertex -113.479 80.2132 0
    endloop
  endfacet
  facet normal 0.529976 0.848013 -0
    outer loop
      vertex -113.479 80.2132 0
      vertex -114.144 80.6288 5
      vertex -113.479 80.2132 5
    endloop
  endfacet
  facet normal 0.529976 0.848013 0
    outer loop
      vertex -114.144 80.6288 5
      vertex -113.479 80.2132 0
      vertex -114.144 80.6288 0
    endloop
  endfacet
  facet normal 0.635587 0.77203 -0
    outer loop
      vertex -114.144 80.6288 0
      vertex -114.75 81.1277 5
      vertex -114.144 80.6288 5
    endloop
  endfacet
  facet normal 0.635587 0.77203 0
    outer loop
      vertex -114.75 81.1277 5
      vertex -114.144 80.6288 0
      vertex -114.75 81.1277 0
    endloop
  endfacet
  facet normal 0.730708 0.68269 0
    outer loop
      vertex -114.75 81.1277 5
      vertex -115.286 81.7014 0
      vertex -115.286 81.7014 5
    endloop
  endfacet
  facet normal 0.730708 0.68269 0
    outer loop
      vertex -115.286 81.7014 0
      vertex -114.75 81.1277 5
      vertex -114.75 81.1277 0
    endloop
  endfacet
  facet normal 0.813863 0.581057 0
    outer loop
      vertex -115.286 81.7014 5
      vertex -115.742 82.3401 0
      vertex -115.742 82.3401 5
    endloop
  endfacet
  facet normal 0.813863 0.581057 0
    outer loop
      vertex -115.742 82.3401 0
      vertex -115.286 81.7014 5
      vertex -115.286 81.7014 0
    endloop
  endfacet
  facet normal 0.882614 0.470099 0
    outer loop
      vertex -115.742 82.3401 5
      vertex -116.111 83.0329 0
      vertex -116.111 83.0329 5
    endloop
  endfacet
  facet normal 0.882614 0.470099 0
    outer loop
      vertex -116.111 83.0329 0
      vertex -115.742 82.3401 5
      vertex -115.742 82.3401 0
    endloop
  endfacet
  facet normal 0.936591 0.350425 0
    outer loop
      vertex -116.111 83.0329 5
      vertex -116.386 83.7679 0
      vertex -116.386 83.7679 5
    endloop
  endfacet
  facet normal 0.936591 0.350425 0
    outer loop
      vertex -116.386 83.7679 0
      vertex -116.111 83.0329 5
      vertex -116.111 83.0329 0
    endloop
  endfacet
  facet normal 0.974243 0.225501 0
    outer loop
      vertex -116.386 83.7679 5
      vertex -116.563 84.5326 0
      vertex -116.563 84.5326 5
    endloop
  endfacet
  facet normal 0.974243 0.225501 0
    outer loop
      vertex -116.563 84.5326 0
      vertex -116.386 83.7679 5
      vertex -116.386 83.7679 0
    endloop
  endfacet
  facet normal 0.995423 0.0955667 0
    outer loop
      vertex -116.563 84.5326 5
      vertex -116.638 85.3138 0
      vertex -116.638 85.3138 5
    endloop
  endfacet
  facet normal 0.995423 0.0955667 0
    outer loop
      vertex -116.638 85.3138 0
      vertex -116.563 84.5326 5
      vertex -116.563 84.5326 0
    endloop
  endfacet
  facet normal 0.999408 -0.0344052 0
    outer loop
      vertex -116.638 85.3138 5
      vertex -116.611 86.0981 0
      vertex -116.611 86.0981 5
    endloop
  endfacet
  facet normal 0.999408 -0.0344052 0
    outer loop
      vertex -116.611 86.0981 0
      vertex -116.638 85.3138 5
      vertex -116.638 85.3138 0
    endloop
  endfacet
  facet normal 0.986401 -0.164358 0
    outer loop
      vertex -116.611 86.0981 5
      vertex -116.482 86.8723 0
      vertex -116.482 86.8723 5
    endloop
  endfacet
  facet normal 0.986401 -0.164358 0
    outer loop
      vertex -116.482 86.8723 0
      vertex -116.611 86.0981 5
      vertex -116.611 86.0981 0
    endloop
  endfacet
  facet normal 0.956476 -0.291811 0
    outer loop
      vertex -116.482 86.8723 5
      vertex -116.253 87.6229 0
      vertex -116.253 87.6229 5
    endloop
  endfacet
  facet normal 0.956476 -0.291811 0
    outer loop
      vertex -116.253 87.6229 0
      vertex -116.482 86.8723 5
      vertex -116.482 86.8723 0
    endloop
  endfacet
  facet normal 0.910236 -0.414091 0
    outer loop
      vertex -116.253 87.6229 5
      vertex -115.928 88.3373 0
      vertex -115.928 88.3373 5
    endloop
  endfacet
  facet normal 0.910236 -0.414091 0
    outer loop
      vertex -115.928 88.3373 0
      vertex -116.253 87.6229 5
      vertex -116.253 87.6229 0
    endloop
  endfacet
  facet normal 0.84807 -0.529884 0
    outer loop
      vertex -115.928 88.3373 5
      vertex -115.512 89.0031 0
      vertex -115.512 89.0031 5
    endloop
  endfacet
  facet normal 0.84807 -0.529884 0
    outer loop
      vertex -115.512 89.0031 0
      vertex -115.928 88.3373 5
      vertex -115.928 88.3373 0
    endloop
  endfacet
  facet normal 0.772489 -0.635028 0
    outer loop
      vertex -115.512 89.0031 5
      vertex -115.014 89.6089 0
      vertex -115.014 89.6089 5
    endloop
  endfacet
  facet normal 0.772489 -0.635028 0
    outer loop
      vertex -115.014 89.6089 0
      vertex -115.512 89.0031 5
      vertex -115.512 89.0031 0
    endloop
  endfacet
  facet normal 0.682159 -0.731204 0
    outer loop
      vertex -115.014 89.6089 0
      vertex -114.44 90.1444 5
      vertex -115.014 89.6089 5
    endloop
  endfacet
  facet normal 0.682159 -0.731204 0
    outer loop
      vertex -114.44 90.1444 5
      vertex -115.014 89.6089 0
      vertex -114.44 90.1444 0
    endloop
  endfacet
  facet normal 0.580961 -0.813931 0
    outer loop
      vertex -114.44 90.1444 0
      vertex -113.801 90.6005 5
      vertex -114.44 90.1444 5
    endloop
  endfacet
  facet normal 0.580961 -0.813931 0
    outer loop
      vertex -113.801 90.6005 5
      vertex -114.44 90.1444 0
      vertex -113.801 90.6005 0
    endloop
  endfacet
  facet normal 0.469795 -0.882776 0
    outer loop
      vertex -113.801 90.6005 0
      vertex -113.108 90.9693 5
      vertex -113.801 90.6005 5
    endloop
  endfacet
  facet normal 0.469795 -0.882776 0
    outer loop
      vertex -113.108 90.9693 5
      vertex -113.801 90.6005 0
      vertex -113.108 90.9693 0
    endloop
  endfacet
  facet normal 0.411174 -0.911557 0
    outer loop
      vertex -113.108 90.9693 0
      vertex -30.4671 128.246 5
      vertex -113.108 90.9693 5
    endloop
  endfacet
  facet normal 0.411174 -0.911557 0
    outer loop
      vertex -30.4671 128.246 5
      vertex -113.108 90.9693 0
      vertex -30.4671 128.246 0
    endloop
  endfacet
  facet normal 0.336793 -0.941579 0
    outer loop
      vertex -30.4671 128.246 0
      vertex -29.5529 128.573 5
      vertex -30.4671 128.246 5
    endloop
  endfacet
  facet normal 0.336793 -0.941579 0
    outer loop
      vertex -29.5529 128.573 5
      vertex -30.4671 128.246 0
      vertex -29.5529 128.573 0
    endloop
  endfacet
  facet normal 0.194964 -0.98081 0
    outer loop
      vertex -29.5529 128.573 0
      vertex -28.7832 128.726 5
      vertex -29.5529 128.573 5
    endloop
  endfacet
  facet normal 0.194964 -0.98081 0
    outer loop
      vertex -28.7832 128.726 5
      vertex -29.5529 128.573 0
      vertex -28.7832 128.726 0
    endloop
  endfacet
  facet normal 0.0649798 -0.997887 0
    outer loop
      vertex -28.7832 128.726 0
      vertex -28 128.777 5
      vertex -28.7832 128.726 5
    endloop
  endfacet
  facet normal 0.0649798 -0.997887 0
    outer loop
      vertex -28 128.777 5
      vertex -28.7832 128.726 0
      vertex -28 128.777 0
    endloop
  endfacet
  facet normal -0.0649798 -0.997887 0
    outer loop
      vertex -28 128.777 0
      vertex -27.2168 128.726 5
      vertex -28 128.777 5
    endloop
  endfacet
  facet normal -0.0649798 -0.997887 -0
    outer loop
      vertex -27.2168 128.726 5
      vertex -28 128.777 0
      vertex -27.2168 128.726 0
    endloop
  endfacet
  facet normal -0.194964 -0.98081 0
    outer loop
      vertex -27.2168 128.726 0
      vertex -26.4471 128.573 5
      vertex -27.2168 128.726 5
    endloop
  endfacet
  facet normal -0.194964 -0.98081 -0
    outer loop
      vertex -26.4471 128.573 5
      vertex -27.2168 128.726 0
      vertex -26.4471 128.573 0
    endloop
  endfacet
  facet normal -0.322259 -0.946652 0
    outer loop
      vertex -26.4471 128.573 0
      vertex -25.7039 128.32 5
      vertex -26.4471 128.573 5
    endloop
  endfacet
  facet normal -0.322259 -0.946652 -0
    outer loop
      vertex -25.7039 128.32 5
      vertex -26.4471 128.573 0
      vertex -25.7039 128.32 0
    endloop
  endfacet
  facet normal -0.44216 -0.896936 0
    outer loop
      vertex -25.7039 128.32 0
      vertex -25 127.973 5
      vertex -25.7039 128.32 5
    endloop
  endfacet
  facet normal -0.44216 -0.896936 -0
    outer loop
      vertex -25 127.973 5
      vertex -25.7039 128.32 0
      vertex -25 127.973 0
    endloop
  endfacet
  facet normal -0.555523 -0.831501 0
    outer loop
      vertex -25 127.973 0
      vertex -24.3474 127.537 5
      vertex -25 127.973 5
    endloop
  endfacet
  facet normal -0.555523 -0.831501 -0
    outer loop
      vertex -24.3474 127.537 5
      vertex -25 127.973 0
      vertex -24.3474 127.537 0
    endloop
  endfacet
  facet normal -0.659046 -0.752103 0
    outer loop
      vertex -24.3474 127.537 0
      vertex -23.7574 127.02 5
      vertex -24.3474 127.537 5
    endloop
  endfacet
  facet normal -0.659046 -0.752103 -0
    outer loop
      vertex -23.7574 127.02 5
      vertex -24.3474 127.537 0
      vertex -23.7574 127.02 0
    endloop
  endfacet
  facet normal -0.751787 -0.659406 0
    outer loop
      vertex -23.2399 126.43 0
      vertex -23.7574 127.02 5
      vertex -23.7574 127.02 0
    endloop
  endfacet
  facet normal -0.751787 -0.659406 0
    outer loop
      vertex -23.7574 127.02 5
      vertex -23.2399 126.43 0
      vertex -23.2399 126.43 5
    endloop
  endfacet
  facet normal -0.831599 -0.555376 0
    outer loop
      vertex -22.8038 125.777 0
      vertex -23.2399 126.43 5
      vertex -23.2399 126.43 0
    endloop
  endfacet
  facet normal -0.831599 -0.555376 0
    outer loop
      vertex -23.2399 126.43 5
      vertex -22.8038 125.777 0
      vertex -22.8038 125.777 5
    endloop
  endfacet
  facet normal -0.89691 -0.442212 0
    outer loop
      vertex -22.4567 125.073 0
      vertex -22.8038 125.777 5
      vertex -22.8038 125.777 0
    endloop
  endfacet
  facet normal -0.89691 -0.442212 0
    outer loop
      vertex -22.8038 125.777 5
      vertex -22.4567 125.073 0
      vertex -22.4567 125.073 5
    endloop
  endfacet
  facet normal -0.946936 -0.321423 0
    outer loop
      vertex -22.2045 124.33 0
      vertex -22.4567 125.073 5
      vertex -22.4567 125.073 0
    endloop
  endfacet
  facet normal -0.946936 -0.321423 0
    outer loop
      vertex -22.4567 125.073 5
      vertex -22.2045 124.33 0
      vertex -22.2045 124.33 5
    endloop
  endfacet
  facet normal -0.980776 -0.195136 0
    outer loop
      vertex -22.0513 123.56 0
      vertex -22.2045 124.33 5
      vertex -22.2045 124.33 0
    endloop
  endfacet
  facet normal -0.980776 -0.195136 0
    outer loop
      vertex -22.2045 124.33 5
      vertex -22.0513 123.56 0
      vertex -22.0513 123.56 5
    endloop
  endfacet
  facet normal -0.997861 -0.0653771 0
    outer loop
      vertex -22 122.777 0
      vertex -22.0513 123.56 5
      vertex -22.0513 123.56 0
    endloop
  endfacet
  facet normal -0.997861 -0.0653771 0
    outer loop
      vertex -22.0513 123.56 5
      vertex -22 122.777 0
      vertex -22 122.777 5
    endloop
  endfacet
  facet normal -1 0 0
    outer loop
      vertex -22 85.5 0
      vertex -22 122.777 5
      vertex -22 122.777 0
    endloop
  endfacet
  facet normal -1 -0 0
    outer loop
      vertex -22 122.777 5
      vertex -22 85.5 0
      vertex -22 85.5 5
    endloop
  endfacet
  facet normal -0.997861 0.0653771 0
    outer loop
      vertex -22.0513 146.717 0
      vertex -22 147.5 5
      vertex -22 147.5 0
    endloop
  endfacet
  facet normal -0.997861 0.0653771 0
    outer loop
      vertex -22 147.5 5
      vertex -22.0513 146.717 0
      vertex -22.0513 146.717 5
    endloop
  endfacet
  facet normal -0.980776 0.195136 0
    outer loop
      vertex -22.2045 145.947 0
      vertex -22.0513 146.717 5
      vertex -22.0513 146.717 0
    endloop
  endfacet
  facet normal -0.980776 0.195136 0
    outer loop
      vertex -22.0513 146.717 5
      vertex -22.2045 145.947 0
      vertex -22.2045 145.947 5
    endloop
  endfacet
  facet normal -0.946936 0.321423 0
    outer loop
      vertex -22.4567 145.204 0
      vertex -22.2045 145.947 5
      vertex -22.2045 145.947 0
    endloop
  endfacet
  facet normal -0.946936 0.321423 0
    outer loop
      vertex -22.2045 145.947 5
      vertex -22.4567 145.204 0
      vertex -22.4567 145.204 5
    endloop
  endfacet
  facet normal -0.89691 0.442212 0
    outer loop
      vertex -22.8038 144.5 0
      vertex -22.4567 145.204 5
      vertex -22.4567 145.204 0
    endloop
  endfacet
  facet normal -0.89691 0.442212 0
    outer loop
      vertex -22.4567 145.204 5
      vertex -22.8038 144.5 0
      vertex -22.8038 144.5 5
    endloop
  endfacet
  facet normal -0.831599 0.555376 0
    outer loop
      vertex -23.2399 143.847 0
      vertex -22.8038 144.5 5
      vertex -22.8038 144.5 0
    endloop
  endfacet
  facet normal -0.831599 0.555376 0
    outer loop
      vertex -22.8038 144.5 5
      vertex -23.2399 143.847 0
      vertex -23.2399 143.847 5
    endloop
  endfacet
  facet normal -0.751787 0.659406 0
    outer loop
      vertex -23.7574 143.257 0
      vertex -23.2399 143.847 5
      vertex -23.2399 143.847 0
    endloop
  endfacet
  facet normal -0.751787 0.659406 0
    outer loop
      vertex -23.2399 143.847 5
      vertex -23.7574 143.257 0
      vertex -23.7574 143.257 5
    endloop
  endfacet
  facet normal -0.659046 0.752103 0
    outer loop
      vertex -23.7574 143.257 0
      vertex -24.3474 142.74 5
      vertex -23.7574 143.257 5
    endloop
  endfacet
  facet normal -0.659046 0.752103 0
    outer loop
      vertex -24.3474 142.74 5
      vertex -23.7574 143.257 0
      vertex -24.3474 142.74 0
    endloop
  endfacet
  facet normal -0.555523 0.831501 0
    outer loop
      vertex -24.3474 142.74 0
      vertex -25 142.304 5
      vertex -24.3474 142.74 5
    endloop
  endfacet
  facet normal -0.555523 0.831501 0
    outer loop
      vertex -25 142.304 5
      vertex -24.3474 142.74 0
      vertex -25 142.304 0
    endloop
  endfacet
  facet normal -0.44216 0.896936 0
    outer loop
      vertex -25 142.304 0
      vertex -25.7039 141.957 5
      vertex -25 142.304 5
    endloop
  endfacet
  facet normal -0.44216 0.896936 0
    outer loop
      vertex -25.7039 141.957 5
      vertex -25 142.304 0
      vertex -25.7039 141.957 0
    endloop
  endfacet
  facet normal -0.322259 0.946652 0
    outer loop
      vertex -25.7039 141.957 0
      vertex -26.4471 141.704 5
      vertex -25.7039 141.957 5
    endloop
  endfacet
  facet normal -0.322259 0.946652 0
    outer loop
      vertex -26.4471 141.704 5
      vertex -25.7039 141.957 0
      vertex -26.4471 141.704 0
    endloop
  endfacet
  facet normal -0.194964 0.98081 0
    outer loop
      vertex -26.4471 141.704 0
      vertex -27.2168 141.551 5
      vertex -26.4471 141.704 5
    endloop
  endfacet
  facet normal -0.194964 0.98081 0
    outer loop
      vertex -27.2168 141.551 5
      vertex -26.4471 141.704 0
      vertex -27.2168 141.551 0
    endloop
  endfacet
  facet normal -0.0649798 0.997887 0
    outer loop
      vertex -27.2168 141.551 0
      vertex -28 141.5 5
      vertex -27.2168 141.551 5
    endloop
  endfacet
  facet normal -0.0649798 0.997887 0
    outer loop
      vertex -28 141.5 5
      vertex -27.2168 141.551 0
      vertex -28 141.5 0
    endloop
  endfacet
  facet normal 0 1 -0
    outer loop
      vertex -28 141.5 0
      vertex -72.7727 141.5 5
      vertex -28 141.5 5
    endloop
  endfacet
  facet normal 0 1 0
    outer loop
      vertex -72.7727 141.5 5
      vertex -28 141.5 0
      vertex -72.7727 141.5 0
    endloop
  endfacet
  facet normal 0.0554202 0.998463 -0
    outer loop
      vertex -72.7727 141.5 0
      vertex -73.4393 141.537 5
      vertex -72.7727 141.5 5
    endloop
  endfacet
  facet normal 0.0554202 0.998463 0
    outer loop
      vertex -73.4393 141.537 5
      vertex -72.7727 141.5 0
      vertex -73.4393 141.537 0
    endloop
  endfacet
  facet normal 0.175835 0.98442 -0
    outer loop
      vertex -73.4393 141.537 0
      vertex -74.2119 141.675 5
      vertex -73.4393 141.537 5
    endloop
  endfacet
  facet normal 0.175835 0.98442 0
    outer loop
      vertex -74.2119 141.675 5
      vertex -73.4393 141.537 0
      vertex -74.2119 141.675 0
    endloop
  endfacet
  facet normal 0.303204 0.952926 -0
    outer loop
      vertex -74.2119 141.675 0
      vertex -74.9599 141.913 5
      vertex -74.2119 141.675 5
    endloop
  endfacet
  facet normal 0.303204 0.952926 0
    outer loop
      vertex -74.9599 141.913 5
      vertex -74.2119 141.675 0
      vertex -74.9599 141.913 0
    endloop
  endfacet
  facet normal 0.424336 0.905505 -0
    outer loop
      vertex -74.9599 141.913 0
      vertex -75.6705 142.246 5
      vertex -74.9599 141.913 5
    endloop
  endfacet
  facet normal 0.424336 0.905505 0
    outer loop
      vertex -75.6705 142.246 5
      vertex -74.9599 141.913 0
      vertex -75.6705 142.246 0
    endloop
  endfacet
  facet normal 0.539018 0.842295 -0
    outer loop
      vertex -75.6705 142.246 0
      vertex -76.3315 142.669 5
      vertex -75.6705 142.246 5
    endloop
  endfacet
  facet normal 0.539018 0.842295 0
    outer loop
      vertex -76.3315 142.669 5
      vertex -75.6705 142.246 0
      vertex -76.3315 142.669 0
    endloop
  endfacet
  facet normal 0.644685 0.764448 -0
    outer loop
      vertex -76.3315 142.669 0
      vertex -76.9315 143.175 5
      vertex -76.3315 142.669 5
    endloop
  endfacet
  facet normal 0.644685 0.764448 0
    outer loop
      vertex -76.9315 143.175 5
      vertex -76.3315 142.669 0
      vertex -76.9315 143.175 0
    endloop
  endfacet
  facet normal 0.738907 0.673807 0
    outer loop
      vertex -76.9315 143.175 5
      vertex -77.4604 143.755 0
      vertex -77.4604 143.755 5
    endloop
  endfacet
  facet normal 0.738907 0.673807 0
    outer loop
      vertex -77.4604 143.755 0
      vertex -76.9315 143.175 5
      vertex -76.9315 143.175 0
    endloop
  endfacet
  facet normal 0.820427 0.571751 0
    outer loop
      vertex -77.4604 143.755 5
      vertex -77.9092 144.399 0
      vertex -77.9092 144.399 5
    endloop
  endfacet
  facet normal 0.820427 0.571751 0
    outer loop
      vertex -77.9092 144.399 0
      vertex -77.4604 143.755 5
      vertex -77.4604 143.755 0
    endloop
  endfacet
  facet normal 0.888071 0.459707 0
    outer loop
      vertex -77.9092 144.399 5
      vertex -78.27 145.096 0
      vertex -78.27 145.096 5
    endloop
  endfacet
  facet normal 0.888071 0.459707 0
    outer loop
      vertex -78.27 145.096 0
      vertex -77.9092 144.399 5
      vertex -77.9092 144.399 0
    endloop
  endfacet
  facet normal 0.940432 0.339983 0
    outer loop
      vertex -78.27 145.096 5
      vertex -78.5368 145.834 0
      vertex -78.5368 145.834 5
    endloop
  endfacet
  facet normal 0.940432 0.339983 0
    outer loop
      vertex -78.5368 145.834 0
      vertex -78.27 145.096 5
      vertex -78.27 145.096 0
    endloop
  endfacet
  facet normal 0.976815 0.214084 0
    outer loop
      vertex -78.5368 145.834 5
      vertex -78.7049 146.601 0
      vertex -78.7049 146.601 5
    endloop
  endfacet
  facet normal 0.976815 0.214084 0
    outer loop
      vertex -78.7049 146.601 0
      vertex -78.5368 145.834 5
      vertex -78.5368 145.834 0
    endloop
  endfacet
  facet normal 0.996382 0.0849855 0
    outer loop
      vertex -78.7049 146.601 5
      vertex -78.7716 147.383 0
      vertex -78.7716 147.383 5
    endloop
  endfacet
  facet normal 0.996382 0.0849855 0
    outer loop
      vertex -78.7716 147.383 0
      vertex -78.7049 146.601 5
      vertex -78.7049 146.601 0
    endloop
  endfacet
  facet normal 0.998942 -0.0459972 0
    outer loop
      vertex -78.7716 147.383 5
      vertex -78.7355 148.167 0
      vertex -78.7355 148.167 5
    endloop
  endfacet
  facet normal 0.998942 -0.0459972 0
    outer loop
      vertex -78.7355 148.167 0
      vertex -78.7716 147.383 5
      vertex -78.7716 147.383 0
    endloop
  endfacet
  facet normal 0.984396 -0.175967 0
    outer loop
      vertex -78.7355 148.167 5
      vertex -78.5975 148.939 0
      vertex -78.5975 148.939 5
    endloop
  endfacet
  facet normal 0.984396 -0.175967 0
    outer loop
      vertex -78.5975 148.939 0
      vertex -78.7355 148.167 5
      vertex -78.7355 148.167 0
    endloop
  endfacet
  facet normal 0.953036 -0.302857 0
    outer loop
      vertex -78.5975 148.939 5
      vertex -78.3598 149.687 0
      vertex -78.3598 149.687 5
    endloop
  endfacet
  facet normal 0.953036 -0.302857 0
    outer loop
      vertex -78.3598 149.687 0
      vertex -78.5975 148.939 5
      vertex -78.5975 148.939 0
    endloop
  endfacet
  facet normal 0.905499 -0.424349 0
    outer loop
      vertex -78.3598 149.687 5
      vertex -78.0266 150.398 0
      vertex -78.0266 150.398 5
    endloop
  endfacet
  facet normal 0.905499 -0.424349 0
    outer loop
      vertex -78.0266 150.398 0
      vertex -78.3598 149.687 5
      vertex -78.3598 149.687 0
    endloop
  endfacet
  facet normal 0.842179 -0.539198 0
    outer loop
      vertex -78.0266 150.398 5
      vertex -77.6034 151.059 0
      vertex -77.6034 151.059 5
    endloop
  endfacet
  facet normal 0.842179 -0.539198 0
    outer loop
      vertex -77.6034 151.059 0
      vertex -78.0266 150.398 5
      vertex -78.0266 150.398 0
    endloop
  endfacet
  facet normal 0.764511 -0.64461 0
    outer loop
      vertex -77.6034 151.059 5
      vertex -77.0975 151.659 0
      vertex -77.0975 151.659 5
    endloop
  endfacet
  facet normal 0.764511 -0.64461 0
    outer loop
      vertex -77.0975 151.659 0
      vertex -77.6034 151.059 5
      vertex -77.6034 151.059 0
    endloop
  endfacet
  facet normal 0.674003 -0.738728 0
    outer loop
      vertex -77.0975 151.659 0
      vertex -76.5177 152.188 5
      vertex -77.0975 151.659 5
    endloop
  endfacet
  facet normal 0.674003 -0.738728 0
    outer loop
      vertex -76.5177 152.188 5
      vertex -77.0975 151.659 0
      vertex -76.5177 152.188 0
    endloop
  endfacet
  facet normal 0.624161 -0.781296 0
    outer loop
      vertex -76.5177 152.188 0
      vertex -31.745 187.956 5
      vertex -76.5177 152.188 5
    endloop
  endfacet
  facet normal 0.624161 -0.781296 0
    outer loop
      vertex -31.745 187.956 5
      vertex -76.5177 152.188 0
      vertex -31.745 187.956 0
    endloop
  endfacet
  facet normal 0.564128 -0.825688 0
    outer loop
      vertex -31.745 187.956 0
      vertex -31 188.465 5
      vertex -31.745 187.956 5
    endloop
  endfacet
  facet normal 0.564128 -0.825688 0
    outer loop
      vertex -31 188.465 5
      vertex -31.745 187.956 0
      vertex -31 188.465 0
    endloop
  endfacet
  facet normal 0.44216 -0.896936 0
    outer loop
      vertex -31 188.465 0
      vertex -30.2961 188.812 5
      vertex -31 188.465 5
    endloop
  endfacet
  facet normal 0.44216 -0.896936 0
    outer loop
      vertex -30.2961 188.812 5
      vertex -31 188.465 0
      vertex -30.2961 188.812 0
    endloop
  endfacet
  facet normal 0.321117 -0.94704 0
    outer loop
      vertex -30.2961 188.812 0
      vertex -29.5529 189.064 5
      vertex -30.2961 188.812 5
    endloop
  endfacet
  facet normal 0.321117 -0.94704 0
    outer loop
      vertex -29.5529 189.064 5
      vertex -30.2961 188.812 0
      vertex -29.5529 189.064 0
    endloop
  endfacet
  facet normal 0.194964 -0.98081 0
    outer loop
      vertex -29.5529 189.064 0
      vertex -28.7832 189.217 5
      vertex -29.5529 189.064 5
    endloop
  endfacet
  facet normal 0.194964 -0.98081 0
    outer loop
      vertex -28.7832 189.217 5
      vertex -29.5529 189.064 0
      vertex -28.7832 189.217 0
    endloop
  endfacet
  facet normal 0.0649798 -0.997887 0
    outer loop
      vertex -28.7832 189.217 0
      vertex -28 189.268 5
      vertex -28.7832 189.217 5
    endloop
  endfacet
  facet normal 0.0649798 -0.997887 0
    outer loop
      vertex -28 189.268 5
      vertex -28.7832 189.217 0
      vertex -28 189.268 0
    endloop
  endfacet
  facet normal -0.0649798 -0.997887 0
    outer loop
      vertex -28 189.268 0
      vertex -27.2168 189.217 5
      vertex -28 189.268 5
    endloop
  endfacet
  facet normal -0.0649798 -0.997887 -0
    outer loop
      vertex -27.2168 189.217 5
      vertex -28 189.268 0
      vertex -27.2168 189.217 0
    endloop
  endfacet
  facet normal -0.194964 -0.98081 0
    outer loop
      vertex -27.2168 189.217 0
      vertex -26.4471 189.064 5
      vertex -27.2168 189.217 5
    endloop
  endfacet
  facet normal -0.194964 -0.98081 -0
    outer loop
      vertex -26.4471 189.064 5
      vertex -27.2168 189.217 0
      vertex -26.4471 189.064 0
    endloop
  endfacet
  facet normal -0.321117 -0.94704 0
    outer loop
      vertex -26.4471 189.064 0
      vertex -25.7039 188.812 5
      vertex -26.4471 189.064 5
    endloop
  endfacet
  facet normal -0.321117 -0.94704 -0
    outer loop
      vertex -25.7039 188.812 5
      vertex -26.4471 189.064 0
      vertex -25.7039 188.812 0
    endloop
  endfacet
  facet normal -0.44216 -0.896936 0
    outer loop
      vertex -25.7039 188.812 0
      vertex -25 188.465 5
      vertex -25.7039 188.812 5
    endloop
  endfacet
  facet normal -0.44216 -0.896936 -0
    outer loop
      vertex -25 188.465 5
      vertex -25.7039 188.812 0
      vertex -25 188.465 0
    endloop
  endfacet
  facet normal -0.555523 -0.831501 0
    outer loop
      vertex -25 188.465 0
      vertex -24.3474 188.029 5
      vertex -25 188.465 5
    endloop
  endfacet
  facet normal -0.555523 -0.831501 -0
    outer loop
      vertex -24.3474 188.029 5
      vertex -25 188.465 0
      vertex -24.3474 188.029 0
    endloop
  endfacet
  facet normal -0.659766 -0.751471 0
    outer loop
      vertex -24.3474 188.029 0
      vertex -23.7574 187.511 5
      vertex -24.3474 188.029 5
    endloop
  endfacet
  facet normal -0.659766 -0.751471 -0
    outer loop
      vertex -23.7574 187.511 5
      vertex -24.3474 188.029 0
      vertex -23.7574 187.511 0
    endloop
  endfacet
  facet normal -0.751787 -0.659406 0
    outer loop
      vertex -23.2399 186.921 0
      vertex -23.7574 187.511 5
      vertex -23.7574 187.511 0
    endloop
  endfacet
  facet normal -0.751787 -0.659406 0
    outer loop
      vertex -23.7574 187.511 5
      vertex -23.2399 186.921 0
      vertex -23.2399 186.921 5
    endloop
  endfacet
  facet normal -0.831599 -0.555376 0
    outer loop
      vertex -22.8038 186.268 0
      vertex -23.2399 186.921 5
      vertex -23.2399 186.921 0
    endloop
  endfacet
  facet normal -0.831599 -0.555376 0
    outer loop
      vertex -23.2399 186.921 5
      vertex -22.8038 186.268 0
      vertex -22.8038 186.268 5
    endloop
  endfacet
  facet normal -0.896661 -0.442718 0
    outer loop
      vertex -22.4567 185.565 0
      vertex -22.8038 186.268 5
      vertex -22.8038 186.268 0
    endloop
  endfacet
  facet normal -0.896661 -0.442718 0
    outer loop
      vertex -22.8038 186.268 5
      vertex -22.4567 185.565 0
      vertex -22.4567 185.565 5
    endloop
  endfacet
  facet normal -0.947067 -0.321035 0
    outer loop
      vertex -22.2045 184.821 0
      vertex -22.4567 185.565 5
      vertex -22.4567 185.565 0
    endloop
  endfacet
  facet normal -0.947067 -0.321035 0
    outer loop
      vertex -22.4567 185.565 5
      vertex -22.2045 184.821 0
      vertex -22.2045 184.821 5
    endloop
  endfacet
  facet normal -0.980728 -0.19538 0
    outer loop
      vertex -22.0513 184.052 0
      vertex -22.2045 184.821 5
      vertex -22.2045 184.821 0
    endloop
  endfacet
  facet normal -0.980728 -0.19538 0
    outer loop
      vertex -22.2045 184.821 5
      vertex -22.0513 184.052 0
      vertex -22.0513 184.052 5
    endloop
  endfacet
  facet normal -0.997866 -0.065294 0
    outer loop
      vertex -22 183.268 0
      vertex -22.0513 184.052 5
      vertex -22.0513 184.052 0
    endloop
  endfacet
  facet normal -0.997866 -0.065294 0
    outer loop
      vertex -22.0513 184.052 5
      vertex -22 183.268 0
      vertex -22 183.268 5
    endloop
  endfacet
  facet normal -1 0 0
    outer loop
      vertex -22 147.5 0
      vertex -22 183.268 5
      vertex -22 183.268 0
    endloop
  endfacet
  facet normal -1 -0 0
    outer loop
      vertex -22 183.268 5
      vertex -22 147.5 0
      vertex -22 147.5 5
    endloop
  endfacet
  facet normal -0 0 1
    outer loop
      vertex -218.45 0 21.625
      vertex -3 -5 21.625
      vertex -3 0 21.625
    endloop
  endfacet
  facet normal 0 0 1
    outer loop
      vertex -3 -5 21.625
      vertex -218.45 0 21.625
      vertex -218.45 -5 21.625
    endloop
  endfacet
  facet normal -1 0 0
    outer loop
      vertex -221.45 -5 0
      vertex -221.45 0 18.625
      vertex -221.45 0 0
    endloop
  endfacet
  facet normal -1 -0 0
    outer loop
      vertex -221.45 0 18.625
      vertex -221.45 -5 0
      vertex -221.45 -5 18.625
    endloop
  endfacet
  facet normal 0 1 -0
    outer loop
      vertex -200.479 0 17.7625
      vertex -218.45 0 21.625
      vertex -200.056 0 17.8468
    endloop
  endfacet
  facet normal 0 1 0
    outer loop
      vertex -218.45 0 21.625
      vertex -215.069 0 17.8468
      vertex -215.5 0 17.875
    endloop
  endfacet
  facet normal 0 1 -0
    outer loop
      vertex -200.888 0 17.6238
      vertex -218.45 0 21.625
      vertex -200.479 0 17.7625
    endloop
  endfacet
  facet normal 0 1 0
    outer loop
      vertex -218.45 0 21.625
      vertex -214.646 0 17.7625
      vertex -215.069 0 17.8468
    endloop
  endfacet
  facet normal 0 1 -0
    outer loop
      vertex -201.275 0 17.4329
      vertex -218.45 0 21.625
      vertex -200.888 0 17.6238
    endloop
  endfacet
  facet normal 0 1 0
    outer loop
      vertex -218.45 0 21.625
      vertex -214.237 0 17.6238
      vertex -214.646 0 17.7625
    endloop
  endfacet
  facet normal 0 1 -0
    outer loop
      vertex -213.85 0 17.4329
      vertex -218.45 0 21.625
      vertex -201.275 0 17.4329
    endloop
  endfacet
  facet normal 0 1 0
    outer loop
      vertex -218.45 0 21.625
      vertex -213.85 0 17.4329
      vertex -214.237 0 17.6238
    endloop
  endfacet
  facet normal 0 1 -0
    outer loop
      vertex -201.634 0 17.1931
      vertex -213.85 0 17.4329
      vertex -201.275 0 17.4329
    endloop
  endfacet
  facet normal 0 1 0
    outer loop
      vertex -201.634 0 17.1931
      vertex -213.491 0 17.1931
      vertex -213.85 0 17.4329
    endloop
  endfacet
  facet normal 0 1 -0
    outer loop
      vertex -201.958 0 16.9084
      vertex -213.491 0 17.1931
      vertex -201.634 0 17.1931
    endloop
  endfacet
  facet normal 0 1 0
    outer loop
      vertex -201.958 0 16.9084
      vertex -213.167 0 16.9084
      vertex -213.491 0 17.1931
    endloop
  endfacet
  facet normal 0 1 -0
    outer loop
      vertex -202.243 0 16.5839
      vertex -213.167 0 16.9084
      vertex -201.958 0 16.9084
    endloop
  endfacet
  facet normal 0 1 0
    outer loop
      vertex -202.243 0 16.5839
      vertex -212.882 0 16.5839
      vertex -213.167 0 16.9084
    endloop
  endfacet
  facet normal 0 1 -0
    outer loop
      vertex -202.483 0 16.225
      vertex -212.882 0 16.5839
      vertex -202.243 0 16.5839
    endloop
  endfacet
  facet normal 0 1 0
    outer loop
      vertex -202.483 0 16.225
      vertex -212.642 0 16.225
      vertex -212.882 0 16.5839
    endloop
  endfacet
  facet normal 0 1 -0
    outer loop
      vertex -202.674 0 15.8378
      vertex -212.642 0 16.225
      vertex -202.483 0 16.225
    endloop
  endfacet
  facet normal 0 1 0
    outer loop
      vertex -202.674 0 15.8378
      vertex -212.451 0 15.8378
      vertex -212.642 0 16.225
    endloop
  endfacet
  facet normal 0 1 -0
    outer loop
      vertex -202.813 0 15.4291
      vertex -212.451 0 15.8378
      vertex -202.674 0 15.8378
    endloop
  endfacet
  facet normal 0 1 0
    outer loop
      vertex -202.813 0 15.4291
      vertex -212.312 0 15.4291
      vertex -212.451 0 15.8378
    endloop
  endfacet
  facet normal 0 1 -0
    outer loop
      vertex -202.897 0 15.0057
      vertex -212.312 0 15.4291
      vertex -202.813 0 15.4291
    endloop
  endfacet
  facet normal 0 1 0
    outer loop
      vertex -202.897 0 15.0057
      vertex -212.228 0 15.0057
      vertex -212.312 0 15.4291
    endloop
  endfacet
  facet normal 0 1 -0
    outer loop
      vertex -202.925 0 14.575
      vertex -212.228 0 15.0057
      vertex -202.897 0 15.0057
    endloop
  endfacet
  facet normal 0 1 0
    outer loop
      vertex -202.925 0 14.575
      vertex -212.2 0 14.575
      vertex -212.228 0 15.0057
    endloop
  endfacet
  facet normal 0 1 -0
    outer loop
      vertex -202.925 0 11.175
      vertex -212.2 0 14.575
      vertex -202.925 0 14.575
    endloop
  endfacet
  facet normal 0 1 0
    outer loop
      vertex -202.925 0 11.175
      vertex -212.2 0 11.175
      vertex -212.2 0 14.575
    endloop
  endfacet
  facet normal 0 1 0
    outer loop
      vertex -202.897 0 10.7443
      vertex -212.2 0 11.175
      vertex -202.925 0 11.175
    endloop
  endfacet
  facet normal 0 1 0
    outer loop
      vertex -202.897 0 10.7443
      vertex -212.228 0 10.7443
      vertex -212.2 0 11.175
    endloop
  endfacet
  facet normal 0 1 0
    outer loop
      vertex -202.813 0 10.3209
      vertex -212.228 0 10.7443
      vertex -202.897 0 10.7443
    endloop
  endfacet
  facet normal 0 1 0
    outer loop
      vertex -202.813 0 10.3209
      vertex -212.312 0 10.3209
      vertex -212.228 0 10.7443
    endloop
  endfacet
  facet normal 0 1 0
    outer loop
      vertex -202.674 0 9.91216
      vertex -212.312 0 10.3209
      vertex -202.813 0 10.3209
    endloop
  endfacet
  facet normal 0 1 0
    outer loop
      vertex -202.674 0 9.91216
      vertex -212.451 0 9.91216
      vertex -212.312 0 10.3209
    endloop
  endfacet
  facet normal 0 1 0
    outer loop
      vertex -202.483 0 9.52501
      vertex -212.451 0 9.91216
      vertex -202.674 0 9.91216
    endloop
  endfacet
  facet normal 0 1 0
    outer loop
      vertex -202.483 0 9.52501
      vertex -212.642 0 9.52501
      vertex -212.451 0 9.91216
    endloop
  endfacet
  facet normal 0 1 0
    outer loop
      vertex -202.243 0 9.16609
      vertex -212.642 0 9.52501
      vertex -202.483 0 9.52501
    endloop
  endfacet
  facet normal 0 1 0
    outer loop
      vertex -202.243 0 9.16609
      vertex -212.882 0 9.16609
      vertex -212.642 0 9.52501
    endloop
  endfacet
  facet normal 0 1 0
    outer loop
      vertex -214.312 0 5.01
      vertex -202.243 0 9.16609
      vertex -201.958 0 8.84155
    endloop
  endfacet
  facet normal 0 1 0
    outer loop
      vertex -202.243 0 9.16609
      vertex -214.312 0 5.01
      vertex -212.882 0 9.16609
    endloop
  endfacet
  facet normal 0 1 0
    outer loop
      vertex -214.312 0 5.01
      vertex -201.958 0 8.84155
      vertex -201.634 0 8.55695
    endloop
  endfacet
  facet normal 0 1 0
    outer loop
      vertex -212.882 0 9.16609
      vertex -214.312 0 5.01
      vertex -213.167 0 8.84155
    endloop
  endfacet
  facet normal 0 1 0
    outer loop
      vertex -214.312 0 5.01
      vertex -201.634 0 8.55695
      vertex -201.275 0 8.31712
    endloop
  endfacet
  facet normal 0 1 0
    outer loop
      vertex -213.167 0 8.84155
      vertex -214.312 0 5.01
      vertex -213.491 0 8.55695
    endloop
  endfacet
  facet normal 0 1 0
    outer loop
      vertex -214.312 0 5.01
      vertex -201.275 0 8.31712
      vertex -200.888 0 8.12621
    endloop
  endfacet
  facet normal 0 1 0
    outer loop
      vertex -213.491 0 8.55695
      vertex -214.312 0 5.01
      vertex -213.85 0 8.31712
    endloop
  endfacet
  facet normal 0 1 0
    outer loop
      vertex -214.312 0 5.01
      vertex -200.888 0 8.12621
      vertex -200.479 0 7.98746
    endloop
  endfacet
  facet normal 0 1 0
    outer loop
      vertex -213.85 0 8.31712
      vertex -214.312 0 5.01
      vertex -214.237 0 8.12621
    endloop
  endfacet
  facet normal 0 1 0
    outer loop
      vertex -214.322 0 5
      vertex -200.479 0 7.98746
      vertex -200.056 0 7.90324
    endloop
  endfacet
  facet normal 0 1 0
    outer loop
      vertex -214.237 0 8.12621
      vertex -214.312 0 5.01
      vertex -214.646 0 7.98746
    endloop
  endfacet
  facet normal 0 1 0
    outer loop
      vertex -214.322 0 5
      vertex -200.056 0 7.90324
      vertex -199.625 0 7.875
    endloop
  endfacet
  facet normal 0 1 0
    outer loop
      vertex -214.646 0 7.98746
      vertex -214.312 0 5.01
      vertex -215.069 0 7.90324
    endloop
  endfacet
  facet normal 0 1 -0
    outer loop
      vertex -199.194 0 17.8468
      vertex -218.45 0 21.625
      vertex -184.181 0 17.8468
    endloop
  endfacet
  facet normal 0 1 0
    outer loop
      vertex -218.45 0 21.625
      vertex -199.194 0 17.8468
      vertex -199.625 0 17.875
    endloop
  endfacet
  facet normal 0 1 -0
    outer loop
      vertex -184.604 0 17.7625
      vertex -199.194 0 17.8468
      vertex -184.181 0 17.8468
    endloop
  endfacet
  facet normal 0 1 0
    outer loop
      vertex -184.604 0 17.7625
      vertex -198.771 0 17.7625
      vertex -199.194 0 17.8468
    endloop
  endfacet
  facet normal 0 1 -0
    outer loop
      vertex -185.013 0 17.6238
      vertex -198.771 0 17.7625
      vertex -184.604 0 17.7625
    endloop
  endfacet
  facet normal 0 1 0
    outer loop
      vertex -185.013 0 17.6238
      vertex -198.362 0 17.6238
      vertex -198.771 0 17.7625
    endloop
  endfacet
  facet normal 0 1 -0
    outer loop
      vertex -185.4 0 17.4329
      vertex -198.362 0 17.6238
      vertex -185.013 0 17.6238
    endloop
  endfacet
  facet normal 0 1 0
    outer loop
      vertex -185.4 0 17.4329
      vertex -197.975 0 17.4329
      vertex -198.362 0 17.6238
    endloop
  endfacet
  facet normal 0 1 -0
    outer loop
      vertex -185.759 0 17.1931
      vertex -197.975 0 17.4329
      vertex -185.4 0 17.4329
    endloop
  endfacet
  facet normal 0 1 0
    outer loop
      vertex -185.759 0 17.1931
      vertex -197.616 0 17.1931
      vertex -197.975 0 17.4329
    endloop
  endfacet
  facet normal 0 1 -0
    outer loop
      vertex -186.083 0 16.9084
      vertex -197.616 0 17.1931
      vertex -185.759 0 17.1931
    endloop
  endfacet
  facet normal 0 1 0
    outer loop
      vertex -186.083 0 16.9084
      vertex -197.292 0 16.9084
      vertex -197.616 0 17.1931
    endloop
  endfacet
  facet normal 0 1 -0
    outer loop
      vertex -186.368 0 16.5839
      vertex -197.292 0 16.9084
      vertex -186.083 0 16.9084
    endloop
  endfacet
  facet normal 0 1 0
    outer loop
      vertex -186.368 0 16.5839
      vertex -197.007 0 16.5839
      vertex -197.292 0 16.9084
    endloop
  endfacet
  facet normal 0 1 -0
    outer loop
      vertex -186.608 0 16.225
      vertex -197.007 0 16.5839
      vertex -186.368 0 16.5839
    endloop
  endfacet
  facet normal 0 1 0
    outer loop
      vertex -186.608 0 16.225
      vertex -196.767 0 16.225
      vertex -197.007 0 16.5839
    endloop
  endfacet
  facet normal 0 1 -0
    outer loop
      vertex -186.799 0 15.8378
      vertex -196.767 0 16.225
      vertex -186.608 0 16.225
    endloop
  endfacet
  facet normal 0 1 0
    outer loop
      vertex -186.799 0 15.8378
      vertex -196.576 0 15.8378
      vertex -196.767 0 16.225
    endloop
  endfacet
  facet normal 0 1 -0
    outer loop
      vertex -186.938 0 15.4291
      vertex -196.576 0 15.8378
      vertex -186.799 0 15.8378
    endloop
  endfacet
  facet normal 0 1 0
    outer loop
      vertex -186.938 0 15.4291
      vertex -196.437 0 15.4291
      vertex -196.576 0 15.8378
    endloop
  endfacet
  facet normal 0 1 -0
    outer loop
      vertex -187.022 0 15.0057
      vertex -196.437 0 15.4291
      vertex -186.938 0 15.4291
    endloop
  endfacet
  facet normal 0 1 0
    outer loop
      vertex -187.022 0 15.0057
      vertex -196.353 0 15.0057
      vertex -196.437 0 15.4291
    endloop
  endfacet
  facet normal 0 1 -0
    outer loop
      vertex -187.05 0 14.575
      vertex -196.353 0 15.0057
      vertex -187.022 0 15.0057
    endloop
  endfacet
  facet normal 0 1 0
    outer loop
      vertex -187.05 0 14.575
      vertex -196.325 0 14.575
      vertex -196.353 0 15.0057
    endloop
  endfacet
  facet normal 0 1 -0
    outer loop
      vertex -187.05 0 11.175
      vertex -196.325 0 14.575
      vertex -187.05 0 14.575
    endloop
  endfacet
  facet normal 0 1 0
    outer loop
      vertex -187.05 0 11.175
      vertex -196.325 0 11.175
      vertex -196.325 0 14.575
    endloop
  endfacet
  facet normal 0 1 0
    outer loop
      vertex -187.022 0 10.7443
      vertex -196.325 0 11.175
      vertex -187.05 0 11.175
    endloop
  endfacet
  facet normal 0 1 0
    outer loop
      vertex -187.022 0 10.7443
      vertex -196.353 0 10.7443
      vertex -196.325 0 11.175
    endloop
  endfacet
  facet normal 0 1 0
    outer loop
      vertex -186.938 0 10.3209
      vertex -196.353 0 10.7443
      vertex -187.022 0 10.7443
    endloop
  endfacet
  facet normal 0 1 0
    outer loop
      vertex -186.938 0 10.3209
      vertex -196.437 0 10.3209
      vertex -196.353 0 10.7443
    endloop
  endfacet
  facet normal 0 1 0
    outer loop
      vertex -186.799 0 9.91216
      vertex -196.437 0 10.3209
      vertex -186.938 0 10.3209
    endloop
  endfacet
  facet normal 0 1 0
    outer loop
      vertex -186.799 0 9.91216
      vertex -196.576 0 9.91216
      vertex -196.437 0 10.3209
    endloop
  endfacet
  facet normal 0 1 0
    outer loop
      vertex -186.608 0 9.52501
      vertex -196.576 0 9.91216
      vertex -186.799 0 9.91216
    endloop
  endfacet
  facet normal 0 1 0
    outer loop
      vertex -186.608 0 9.52501
      vertex -196.767 0 9.52501
      vertex -196.576 0 9.91216
    endloop
  endfacet
  facet normal 0 1 0
    outer loop
      vertex -186.368 0 9.16609
      vertex -196.767 0 9.52501
      vertex -186.608 0 9.52501
    endloop
  endfacet
  facet normal 0 1 0
    outer loop
      vertex -186.368 0 9.16609
      vertex -197.007 0 9.16609
      vertex -196.767 0 9.52501
    endloop
  endfacet
  facet normal 0 1 0
    outer loop
      vertex -186.083 0 8.84155
      vertex -197.007 0 9.16609
      vertex -186.368 0 9.16609
    endloop
  endfacet
  facet normal 0 1 0
    outer loop
      vertex -186.083 0 8.84155
      vertex -197.292 0 8.84155
      vertex -197.007 0 9.16609
    endloop
  endfacet
  facet normal 0 1 0
    outer loop
      vertex -185.759 0 8.55695
      vertex -197.292 0 8.84155
      vertex -186.083 0 8.84155
    endloop
  endfacet
  facet normal 0 1 0
    outer loop
      vertex -185.759 0 8.55695
      vertex -197.616 0 8.55695
      vertex -197.292 0 8.84155
    endloop
  endfacet
  facet normal 0 1 0
    outer loop
      vertex -185.4 0 8.31712
      vertex -197.616 0 8.55695
      vertex -185.759 0 8.55695
    endloop
  endfacet
  facet normal 0 1 0
    outer loop
      vertex -185.4 0 8.31712
      vertex -197.975 0 8.31712
      vertex -197.616 0 8.55695
    endloop
  endfacet
  facet normal 0 1 0
    outer loop
      vertex -185.013 0 8.12621
      vertex -197.975 0 8.31712
      vertex -185.4 0 8.31712
    endloop
  endfacet
  facet normal 0 1 0
    outer loop
      vertex -185.013 0 8.12621
      vertex -198.362 0 8.12621
      vertex -197.975 0 8.31712
    endloop
  endfacet
  facet normal 0 1 0
    outer loop
      vertex -184.604 0 7.98746
      vertex -198.362 0 8.12621
      vertex -185.013 0 8.12621
    endloop
  endfacet
  facet normal 0 1 0
    outer loop
      vertex -184.604 0 7.98746
      vertex -198.771 0 7.98746
      vertex -198.362 0 8.12621
    endloop
  endfacet
  facet normal 0 1 0
    outer loop
      vertex -184.181 0 7.90324
      vertex -198.771 0 7.98746
      vertex -184.604 0 7.98746
    endloop
  endfacet
  facet normal 0 1 0
    outer loop
      vertex -184.181 0 7.90324
      vertex -199.194 0 7.90324
      vertex -198.771 0 7.98746
    endloop
  endfacet
  facet normal 0 1 0
    outer loop
      vertex -214.322 0 5
      vertex -184.181 0 7.90324
      vertex -183.75 0 7.875
    endloop
  endfacet
  facet normal 0 1 0
    outer loop
      vertex -184.181 0 7.90324
      vertex -214.322 0 5
      vertex -199.194 0 7.90324
    endloop
  endfacet
  facet normal 0 1 -0
    outer loop
      vertex -171.481 0 17.8468
      vertex -183.75 0 17.875
      vertex -171.05 0 17.875
    endloop
  endfacet
  facet normal 0 1 0
    outer loop
      vertex -171.481 0 17.8468
      vertex -183.319 0 17.8468
      vertex -183.75 0 17.875
    endloop
  endfacet
  facet normal 0 1 -0
    outer loop
      vertex -171.904 0 17.7625
      vertex -183.319 0 17.8468
      vertex -171.481 0 17.8468
    endloop
  endfacet
  facet normal 0 1 0
    outer loop
      vertex -171.904 0 17.7625
      vertex -182.896 0 17.7625
      vertex -183.319 0 17.8468
    endloop
  endfacet
  facet normal 0 1 -0
    outer loop
      vertex -172.313 0 17.6238
      vertex -182.896 0 17.7625
      vertex -171.904 0 17.7625
    endloop
  endfacet
  facet normal 0 1 0
    outer loop
      vertex -172.313 0 17.6238
      vertex -182.487 0 17.6238
      vertex -182.896 0 17.7625
    endloop
  endfacet
  facet normal 0 1 -0
    outer loop
      vertex -172.7 0 17.4329
      vertex -182.487 0 17.6238
      vertex -172.313 0 17.6238
    endloop
  endfacet
  facet normal 0 1 0
    outer loop
      vertex -172.7 0 17.4329
      vertex -182.1 0 17.4329
      vertex -182.487 0 17.6238
    endloop
  endfacet
  facet normal 0 1 -0
    outer loop
      vertex -173.059 0 17.1931
      vertex -182.1 0 17.4329
      vertex -172.7 0 17.4329
    endloop
  endfacet
  facet normal 0 1 0
    outer loop
      vertex -173.059 0 17.1931
      vertex -181.741 0 17.1931
      vertex -182.1 0 17.4329
    endloop
  endfacet
  facet normal 0 1 -0
    outer loop
      vertex -173.383 0 16.9084
      vertex -181.741 0 17.1931
      vertex -173.059 0 17.1931
    endloop
  endfacet
  facet normal 0 1 0
    outer loop
      vertex -173.383 0 16.9084
      vertex -181.417 0 16.9084
      vertex -181.741 0 17.1931
    endloop
  endfacet
  facet normal 0 1 -0
    outer loop
      vertex -173.668 0 16.5839
      vertex -181.417 0 16.9084
      vertex -173.383 0 16.9084
    endloop
  endfacet
  facet normal 0 1 0
    outer loop
      vertex -173.668 0 16.5839
      vertex -181.132 0 16.5839
      vertex -181.417 0 16.9084
    endloop
  endfacet
  facet normal 0 1 -0
    outer loop
      vertex -173.908 0 16.225
      vertex -181.132 0 16.5839
      vertex -173.668 0 16.5839
    endloop
  endfacet
  facet normal 0 1 0
    outer loop
      vertex -173.908 0 16.225
      vertex -180.892 0 16.225
      vertex -181.132 0 16.5839
    endloop
  endfacet
  facet normal 0 1 -0
    outer loop
      vertex -174.099 0 15.8378
      vertex -180.892 0 16.225
      vertex -173.908 0 16.225
    endloop
  endfacet
  facet normal 0 1 0
    outer loop
      vertex -174.099 0 15.8378
      vertex -180.701 0 15.8378
      vertex -180.892 0 16.225
    endloop
  endfacet
  facet normal 0 1 -0
    outer loop
      vertex -174.238 0 15.4291
      vertex -180.701 0 15.8378
      vertex -174.099 0 15.8378
    endloop
  endfacet
  facet normal 0 1 0
    outer loop
      vertex -174.238 0 15.4291
      vertex -180.562 0 15.4291
      vertex -180.701 0 15.8378
    endloop
  endfacet
  facet normal 0 1 -0
    outer loop
      vertex -174.322 0 15.0057
      vertex -180.562 0 15.4291
      vertex -174.238 0 15.4291
    endloop
  endfacet
  facet normal 0 1 0
    outer loop
      vertex -174.322 0 15.0057
      vertex -180.478 0 15.0057
      vertex -180.562 0 15.4291
    endloop
  endfacet
  facet normal 0 1 -0
    outer loop
      vertex -174.35 0 14.575
      vertex -180.478 0 15.0057
      vertex -174.322 0 15.0057
    endloop
  endfacet
  facet normal 0 1 0
    outer loop
      vertex -174.35 0 14.575
      vertex -180.45 0 14.575
      vertex -180.478 0 15.0057
    endloop
  endfacet
  facet normal 0 1 -0
    outer loop
      vertex -174.35 0 11.175
      vertex -180.45 0 14.575
      vertex -174.35 0 14.575
    endloop
  endfacet
  facet normal 0 1 0
    outer loop
      vertex -174.35 0 11.175
      vertex -180.45 0 11.175
      vertex -180.45 0 14.575
    endloop
  endfacet
  facet normal 0 1 0
    outer loop
      vertex -174.322 0 10.7443
      vertex -180.45 0 11.175
      vertex -174.35 0 11.175
    endloop
  endfacet
  facet normal 0 1 0
    outer loop
      vertex -174.322 0 10.7443
      vertex -180.478 0 10.7443
      vertex -180.45 0 11.175
    endloop
  endfacet
  facet normal 0 1 0
    outer loop
      vertex -174.238 0 10.3209
      vertex -180.478 0 10.7443
      vertex -174.322 0 10.7443
    endloop
  endfacet
  facet normal 0 1 0
    outer loop
      vertex -174.238 0 10.3209
      vertex -180.562 0 10.3209
      vertex -180.478 0 10.7443
    endloop
  endfacet
  facet normal 0 1 0
    outer loop
      vertex -174.099 0 9.91216
      vertex -180.562 0 10.3209
      vertex -174.238 0 10.3209
    endloop
  endfacet
  facet normal 0 1 0
    outer loop
      vertex -174.099 0 9.91216
      vertex -180.701 0 9.91216
      vertex -180.562 0 10.3209
    endloop
  endfacet
  facet normal 0 1 0
    outer loop
      vertex -173.908 0 9.52501
      vertex -180.701 0 9.91216
      vertex -174.099 0 9.91216
    endloop
  endfacet
  facet normal 0 1 0
    outer loop
      vertex -173.908 0 9.52501
      vertex -180.892 0 9.52501
      vertex -180.701 0 9.91216
    endloop
  endfacet
  facet normal 0 1 0
    outer loop
      vertex -173.668 0 9.16609
      vertex -180.892 0 9.52501
      vertex -173.908 0 9.52501
    endloop
  endfacet
  facet normal 0 1 0
    outer loop
      vertex -173.668 0 9.16609
      vertex -181.132 0 9.16609
      vertex -180.892 0 9.52501
    endloop
  endfacet
  facet normal 0 1 0
    outer loop
      vertex -173.383 0 8.84155
      vertex -181.132 0 9.16609
      vertex -173.668 0 9.16609
    endloop
  endfacet
  facet normal 0 1 0
    outer loop
      vertex -173.383 0 8.84155
      vertex -181.417 0 8.84155
      vertex -181.132 0 9.16609
    endloop
  endfacet
  facet normal 0 1 0
    outer loop
      vertex -173.059 0 8.55695
      vertex -181.417 0 8.84155
      vertex -173.383 0 8.84155
    endloop
  endfacet
  facet normal 0 1 0
    outer loop
      vertex -173.059 0 8.55695
      vertex -181.741 0 8.55695
      vertex -181.417 0 8.84155
    endloop
  endfacet
  facet normal 0 1 0
    outer loop
      vertex -172.7 0 8.31712
      vertex -181.741 0 8.55695
      vertex -173.059 0 8.55695
    endloop
  endfacet
  facet normal 0 1 0
    outer loop
      vertex -172.7 0 8.31712
      vertex -182.1 0 8.31712
      vertex -181.741 0 8.55695
    endloop
  endfacet
  facet normal 0 1 0
    outer loop
      vertex -172.313 0 8.12621
      vertex -182.1 0 8.31712
      vertex -172.7 0 8.31712
    endloop
  endfacet
  facet normal 0 1 0
    outer loop
      vertex -172.313 0 8.12621
      vertex -182.487 0 8.12621
      vertex -182.1 0 8.31712
    endloop
  endfacet
  facet normal 0 1 0
    outer loop
      vertex -171.904 0 7.98746
      vertex -182.487 0 8.12621
      vertex -172.313 0 8.12621
    endloop
  endfacet
  facet normal 0 1 0
    outer loop
      vertex -171.904 0 7.98746
      vertex -182.896 0 7.98746
      vertex -182.487 0 8.12621
    endloop
  endfacet
  facet normal 0 1 0
    outer loop
      vertex -171.481 0 7.90324
      vertex -182.896 0 7.98746
      vertex -171.904 0 7.98746
    endloop
  endfacet
  facet normal 0 1 0
    outer loop
      vertex -171.481 0 7.90324
      vertex -183.319 0 7.90324
      vertex -182.896 0 7.98746
    endloop
  endfacet
  facet normal 0 1 0
    outer loop
      vertex -171.05 0 7.875
      vertex -183.319 0 7.90324
      vertex -171.481 0 7.90324
    endloop
  endfacet
  facet normal 0 1 0
    outer loop
      vertex -183.319 0 7.90324
      vertex -171.05 0 7.875
      vertex -183.75 0 7.875
    endloop
  endfacet
  facet normal 0 1 -0
    outer loop
      vertex -155.606 0 17.8468
      vertex -171.05 0 17.875
      vertex -155.175 0 17.875
    endloop
  endfacet
  facet normal 0 1 0
    outer loop
      vertex -155.606 0 17.8468
      vertex -170.619 0 17.8468
      vertex -171.05 0 17.875
    endloop
  endfacet
  facet normal 0 1 -0
    outer loop
      vertex -156.029 0 17.7625
      vertex -170.619 0 17.8468
      vertex -155.606 0 17.8468
    endloop
  endfacet
  facet normal 0 1 0
    outer loop
      vertex -156.029 0 17.7625
      vertex -170.196 0 17.7625
      vertex -170.619 0 17.8468
    endloop
  endfacet
  facet normal 0 1 -0
    outer loop
      vertex -156.438 0 17.6238
      vertex -170.196 0 17.7625
      vertex -156.029 0 17.7625
    endloop
  endfacet
  facet normal 0 1 0
    outer loop
      vertex -156.438 0 17.6238
      vertex -169.787 0 17.6238
      vertex -170.196 0 17.7625
    endloop
  endfacet
  facet normal 0 1 -0
    outer loop
      vertex -156.825 0 17.4329
      vertex -169.787 0 17.6238
      vertex -156.438 0 17.6238
    endloop
  endfacet
  facet normal 0 1 0
    outer loop
      vertex -156.825 0 17.4329
      vertex -169.4 0 17.4329
      vertex -169.787 0 17.6238
    endloop
  endfacet
  facet normal 0 1 -0
    outer loop
      vertex -157.184 0 17.1931
      vertex -169.4 0 17.4329
      vertex -156.825 0 17.4329
    endloop
  endfacet
  facet normal 0 1 0
    outer loop
      vertex -157.184 0 17.1931
      vertex -169.041 0 17.1931
      vertex -169.4 0 17.4329
    endloop
  endfacet
  facet normal 0 1 -0
    outer loop
      vertex -157.508 0 16.9084
      vertex -169.041 0 17.1931
      vertex -157.184 0 17.1931
    endloop
  endfacet
  facet normal 0 1 0
    outer loop
      vertex -157.508 0 16.9084
      vertex -168.717 0 16.9084
      vertex -169.041 0 17.1931
    endloop
  endfacet
  facet normal 0 1 -0
    outer loop
      vertex -157.793 0 16.5839
      vertex -168.717 0 16.9084
      vertex -157.508 0 16.9084
    endloop
  endfacet
  facet normal 0 1 0
    outer loop
      vertex -157.793 0 16.5839
      vertex -168.432 0 16.5839
      vertex -168.717 0 16.9084
    endloop
  endfacet
  facet normal 0 1 -0
    outer loop
      vertex -158.033 0 16.225
      vertex -168.432 0 16.5839
      vertex -157.793 0 16.5839
    endloop
  endfacet
  facet normal 0 1 0
    outer loop
      vertex -158.033 0 16.225
      vertex -168.192 0 16.225
      vertex -168.432 0 16.5839
    endloop
  endfacet
  facet normal 0 1 -0
    outer loop
      vertex -158.224 0 15.8378
      vertex -168.192 0 16.225
      vertex -158.033 0 16.225
    endloop
  endfacet
  facet normal 0 1 0
    outer loop
      vertex -158.224 0 15.8378
      vertex -168.001 0 15.8378
      vertex -168.192 0 16.225
    endloop
  endfacet
  facet normal 0 1 -0
    outer loop
      vertex -158.363 0 15.4291
      vertex -168.001 0 15.8378
      vertex -158.224 0 15.8378
    endloop
  endfacet
  facet normal 0 1 0
    outer loop
      vertex -158.363 0 15.4291
      vertex -167.862 0 15.4291
      vertex -168.001 0 15.8378
    endloop
  endfacet
  facet normal 0 1 -0
    outer loop
      vertex -158.447 0 15.0057
      vertex -167.862 0 15.4291
      vertex -158.363 0 15.4291
    endloop
  endfacet
  facet normal 0 1 0
    outer loop
      vertex -158.447 0 15.0057
      vertex -167.778 0 15.0057
      vertex -167.862 0 15.4291
    endloop
  endfacet
  facet normal 0 1 -0
    outer loop
      vertex -158.475 0 14.575
      vertex -167.778 0 15.0057
      vertex -158.447 0 15.0057
    endloop
  endfacet
  facet normal 0 1 0
    outer loop
      vertex -158.475 0 14.575
      vertex -167.75 0 14.575
      vertex -167.778 0 15.0057
    endloop
  endfacet
  facet normal 0 1 -0
    outer loop
      vertex -158.475 0 11.175
      vertex -167.75 0 14.575
      vertex -158.475 0 14.575
    endloop
  endfacet
  facet normal 0 1 0
    outer loop
      vertex -158.475 0 11.175
      vertex -167.75 0 11.175
      vertex -167.75 0 14.575
    endloop
  endfacet
  facet normal 0 1 0
    outer loop
      vertex -158.447 0 10.7443
      vertex -167.75 0 11.175
      vertex -158.475 0 11.175
    endloop
  endfacet
  facet normal 0 1 0
    outer loop
      vertex -158.447 0 10.7443
      vertex -167.778 0 10.7443
      vertex -167.75 0 11.175
    endloop
  endfacet
  facet normal 0 1 0
    outer loop
      vertex -158.363 0 10.3209
      vertex -167.778 0 10.7443
      vertex -158.447 0 10.7443
    endloop
  endfacet
  facet normal 0 1 0
    outer loop
      vertex -158.363 0 10.3209
      vertex -167.862 0 10.3209
      vertex -167.778 0 10.7443
    endloop
  endfacet
  facet normal 0 1 0
    outer loop
      vertex -158.224 0 9.91216
      vertex -167.862 0 10.3209
      vertex -158.363 0 10.3209
    endloop
  endfacet
  facet normal 0 1 0
    outer loop
      vertex -158.224 0 9.91216
      vertex -168.001 0 9.91216
      vertex -167.862 0 10.3209
    endloop
  endfacet
  facet normal 0 1 0
    outer loop
      vertex -158.033 0 9.52501
      vertex -168.001 0 9.91216
      vertex -158.224 0 9.91216
    endloop
  endfacet
  facet normal 0 1 0
    outer loop
      vertex -158.033 0 9.52501
      vertex -168.192 0 9.52501
      vertex -168.001 0 9.91216
    endloop
  endfacet
  facet normal 0 1 0
    outer loop
      vertex -157.793 0 9.16609
      vertex -168.192 0 9.52501
      vertex -158.033 0 9.52501
    endloop
  endfacet
  facet normal 0 1 0
    outer loop
      vertex -157.793 0 9.16609
      vertex -168.432 0 9.16609
      vertex -168.192 0 9.52501
    endloop
  endfacet
  facet normal 0 1 0
    outer loop
      vertex -157.508 0 8.84155
      vertex -168.432 0 9.16609
      vertex -157.793 0 9.16609
    endloop
  endfacet
  facet normal 0 1 0
    outer loop
      vertex -157.508 0 8.84155
      vertex -168.717 0 8.84155
      vertex -168.432 0 9.16609
    endloop
  endfacet
  facet normal 0 1 0
    outer loop
      vertex -157.184 0 8.55695
      vertex -168.717 0 8.84155
      vertex -157.508 0 8.84155
    endloop
  endfacet
  facet normal 0 1 0
    outer loop
      vertex -157.184 0 8.55695
      vertex -169.041 0 8.55695
      vertex -168.717 0 8.84155
    endloop
  endfacet
  facet normal 0 1 0
    outer loop
      vertex -156.825 0 8.31712
      vertex -169.041 0 8.55695
      vertex -157.184 0 8.55695
    endloop
  endfacet
  facet normal 0 1 0
    outer loop
      vertex -156.825 0 8.31712
      vertex -169.4 0 8.31712
      vertex -169.041 0 8.55695
    endloop
  endfacet
  facet normal 0 1 0
    outer loop
      vertex -156.438 0 8.12621
      vertex -169.4 0 8.31712
      vertex -156.825 0 8.31712
    endloop
  endfacet
  facet normal 0 1 0
    outer loop
      vertex -156.438 0 8.12621
      vertex -169.787 0 8.12621
      vertex -169.4 0 8.31712
    endloop
  endfacet
  facet normal 0 1 0
    outer loop
      vertex -156.029 0 7.98746
      vertex -169.787 0 8.12621
      vertex -156.438 0 8.12621
    endloop
  endfacet
  facet normal 0 1 0
    outer loop
      vertex -156.029 0 7.98746
      vertex -170.196 0 7.98746
      vertex -169.787 0 8.12621
    endloop
  endfacet
  facet normal 0 1 0
    outer loop
      vertex -155.606 0 7.90324
      vertex -170.196 0 7.98746
      vertex -156.029 0 7.98746
    endloop
  endfacet
  facet normal 0 1 0
    outer loop
      vertex -155.606 0 7.90324
      vertex -170.619 0 7.90324
      vertex -170.196 0 7.98746
    endloop
  endfacet
  facet normal 0 1 0
    outer loop
      vertex -155.175 0 7.875
      vertex -170.619 0 7.90324
      vertex -155.606 0 7.90324
    endloop
  endfacet
  facet normal 0 1 0
    outer loop
      vertex -170.619 0 7.90324
      vertex -155.175 0 7.875
      vertex -171.05 0 7.875
    endloop
  endfacet
  facet normal 0 1 -0
    outer loop
      vertex -139.731 0 17.8468
      vertex -155.175 0 17.875
      vertex -139.3 0 17.875
    endloop
  endfacet
  facet normal 0 1 0
    outer loop
      vertex -139.731 0 17.8468
      vertex -154.744 0 17.8468
      vertex -155.175 0 17.875
    endloop
  endfacet
  facet normal 0 1 -0
    outer loop
      vertex -140.154 0 17.7625
      vertex -154.744 0 17.8468
      vertex -139.731 0 17.8468
    endloop
  endfacet
  facet normal 0 1 0
    outer loop
      vertex -140.154 0 17.7625
      vertex -154.321 0 17.7625
      vertex -154.744 0 17.8468
    endloop
  endfacet
  facet normal 0 1 -0
    outer loop
      vertex -140.563 0 17.6238
      vertex -154.321 0 17.7625
      vertex -140.154 0 17.7625
    endloop
  endfacet
  facet normal 0 1 0
    outer loop
      vertex -140.563 0 17.6238
      vertex -153.912 0 17.6238
      vertex -154.321 0 17.7625
    endloop
  endfacet
  facet normal 0 1 -0
    outer loop
      vertex -140.95 0 17.4329
      vertex -153.912 0 17.6238
      vertex -140.563 0 17.6238
    endloop
  endfacet
  facet normal 0 1 0
    outer loop
      vertex -140.95 0 17.4329
      vertex -153.525 0 17.4329
      vertex -153.912 0 17.6238
    endloop
  endfacet
  facet normal 0 1 -0
    outer loop
      vertex -141.309 0 17.1931
      vertex -153.525 0 17.4329
      vertex -140.95 0 17.4329
    endloop
  endfacet
  facet normal 0 1 0
    outer loop
      vertex -141.309 0 17.1931
      vertex -153.166 0 17.1931
      vertex -153.525 0 17.4329
    endloop
  endfacet
  facet normal 0 1 -0
    outer loop
      vertex -141.633 0 16.9084
      vertex -153.166 0 17.1931
      vertex -141.309 0 17.1931
    endloop
  endfacet
  facet normal 0 1 0
    outer loop
      vertex -141.633 0 16.9084
      vertex -152.842 0 16.9084
      vertex -153.166 0 17.1931
    endloop
  endfacet
  facet normal 0 1 -0
    outer loop
      vertex -141.918 0 16.5839
      vertex -152.842 0 16.9084
      vertex -141.633 0 16.9084
    endloop
  endfacet
  facet normal 0 1 0
    outer loop
      vertex -141.918 0 16.5839
      vertex -152.557 0 16.5839
      vertex -152.842 0 16.9084
    endloop
  endfacet
  facet normal 0 1 -0
    outer loop
      vertex -142.158 0 16.225
      vertex -152.557 0 16.5839
      vertex -141.918 0 16.5839
    endloop
  endfacet
  facet normal 0 1 0
    outer loop
      vertex -142.158 0 16.225
      vertex -152.317 0 16.225
      vertex -152.557 0 16.5839
    endloop
  endfacet
  facet normal 0 1 -0
    outer loop
      vertex -142.349 0 15.8378
      vertex -152.317 0 16.225
      vertex -142.158 0 16.225
    endloop
  endfacet
  facet normal 0 1 0
    outer loop
      vertex -142.349 0 15.8378
      vertex -152.126 0 15.8378
      vertex -152.317 0 16.225
    endloop
  endfacet
  facet normal 0 1 -0
    outer loop
      vertex -142.488 0 15.4291
      vertex -152.126 0 15.8378
      vertex -142.349 0 15.8378
    endloop
  endfacet
  facet normal 0 1 0
    outer loop
      vertex -142.488 0 15.4291
      vertex -151.987 0 15.4291
      vertex -152.126 0 15.8378
    endloop
  endfacet
  facet normal 0 1 -0
    outer loop
      vertex -142.572 0 15.0057
      vertex -151.987 0 15.4291
      vertex -142.488 0 15.4291
    endloop
  endfacet
  facet normal 0 1 0
    outer loop
      vertex -142.572 0 15.0057
      vertex -151.903 0 15.0057
      vertex -151.987 0 15.4291
    endloop
  endfacet
  facet normal 0 1 -0
    outer loop
      vertex -142.6 0 14.575
      vertex -151.903 0 15.0057
      vertex -142.572 0 15.0057
    endloop
  endfacet
  facet normal 0 1 0
    outer loop
      vertex -142.6 0 14.575
      vertex -151.875 0 14.575
      vertex -151.903 0 15.0057
    endloop
  endfacet
  facet normal 0 1 -0
    outer loop
      vertex -142.6 0 11.175
      vertex -151.875 0 14.575
      vertex -142.6 0 14.575
    endloop
  endfacet
  facet normal 0 1 0
    outer loop
      vertex -142.6 0 11.175
      vertex -151.875 0 11.175
      vertex -151.875 0 14.575
    endloop
  endfacet
  facet normal 0 1 0
    outer loop
      vertex -142.572 0 10.7443
      vertex -151.875 0 11.175
      vertex -142.6 0 11.175
    endloop
  endfacet
  facet normal 0 1 0
    outer loop
      vertex -142.572 0 10.7443
      vertex -151.903 0 10.7443
      vertex -151.875 0 11.175
    endloop
  endfacet
  facet normal 0 1 0
    outer loop
      vertex -142.488 0 10.3209
      vertex -151.903 0 10.7443
      vertex -142.572 0 10.7443
    endloop
  endfacet
  facet normal 0 1 0
    outer loop
      vertex -142.488 0 10.3209
      vertex -151.987 0 10.3209
      vertex -151.903 0 10.7443
    endloop
  endfacet
  facet normal 0 1 0
    outer loop
      vertex -142.349 0 9.91216
      vertex -151.987 0 10.3209
      vertex -142.488 0 10.3209
    endloop
  endfacet
  facet normal 0 1 0
    outer loop
      vertex -142.349 0 9.91216
      vertex -152.126 0 9.91216
      vertex -151.987 0 10.3209
    endloop
  endfacet
  facet normal 0 1 0
    outer loop
      vertex -142.158 0 9.52501
      vertex -152.126 0 9.91216
      vertex -142.349 0 9.91216
    endloop
  endfacet
  facet normal 0 1 0
    outer loop
      vertex -142.158 0 9.52501
      vertex -152.317 0 9.52501
      vertex -152.126 0 9.91216
    endloop
  endfacet
  facet normal 0 1 0
    outer loop
      vertex -141.918 0 9.16609
      vertex -152.317 0 9.52501
      vertex -142.158 0 9.52501
    endloop
  endfacet
  facet normal 0 1 0
    outer loop
      vertex -141.918 0 9.16609
      vertex -152.557 0 9.16609
      vertex -152.317 0 9.52501
    endloop
  endfacet
  facet normal 0 1 0
    outer loop
      vertex -141.633 0 8.84155
      vertex -152.557 0 9.16609
      vertex -141.918 0 9.16609
    endloop
  endfacet
  facet normal 0 1 0
    outer loop
      vertex -141.633 0 8.84155
      vertex -152.842 0 8.84155
      vertex -152.557 0 9.16609
    endloop
  endfacet
  facet normal 0 1 0
    outer loop
      vertex -141.309 0 8.55695
      vertex -152.842 0 8.84155
      vertex -141.633 0 8.84155
    endloop
  endfacet
  facet normal 0 1 0
    outer loop
      vertex -141.309 0 8.55695
      vertex -153.166 0 8.55695
      vertex -152.842 0 8.84155
    endloop
  endfacet
  facet normal 0 1 0
    outer loop
      vertex -140.95 0 8.31712
      vertex -153.166 0 8.55695
      vertex -141.309 0 8.55695
    endloop
  endfacet
  facet normal 0 1 0
    outer loop
      vertex -140.95 0 8.31712
      vertex -153.525 0 8.31712
      vertex -153.166 0 8.55695
    endloop
  endfacet
  facet normal 0 1 0
    outer loop
      vertex -140.563 0 8.12621
      vertex -153.525 0 8.31712
      vertex -140.95 0 8.31712
    endloop
  endfacet
  facet normal 0 1 0
    outer loop
      vertex -140.563 0 8.12621
      vertex -153.912 0 8.12621
      vertex -153.525 0 8.31712
    endloop
  endfacet
  facet normal 0 1 0
    outer loop
      vertex -140.154 0 7.98746
      vertex -153.912 0 8.12621
      vertex -140.563 0 8.12621
    endloop
  endfacet
  facet normal 0 1 0
    outer loop
      vertex -140.154 0 7.98746
      vertex -154.321 0 7.98746
      vertex -153.912 0 8.12621
    endloop
  endfacet
  facet normal 0 1 0
    outer loop
      vertex -139.731 0 7.90324
      vertex -154.321 0 7.98746
      vertex -140.154 0 7.98746
    endloop
  endfacet
  facet normal 0 1 0
    outer loop
      vertex -139.731 0 7.90324
      vertex -154.744 0 7.90324
      vertex -154.321 0 7.98746
    endloop
  endfacet
  facet normal 0 1 0
    outer loop
      vertex -139.3 0 7.875
      vertex -154.744 0 7.90324
      vertex -139.731 0 7.90324
    endloop
  endfacet
  facet normal 0 1 0
    outer loop
      vertex -154.744 0 7.90324
      vertex -139.3 0 7.875
      vertex -155.175 0 7.875
    endloop
  endfacet
  facet normal 0 1 -0
    outer loop
      vertex -127.031 0 17.8468
      vertex -139.3 0 17.875
      vertex -126.6 0 17.875
    endloop
  endfacet
  facet normal 0 1 0
    outer loop
      vertex -127.031 0 17.8468
      vertex -138.869 0 17.8468
      vertex -139.3 0 17.875
    endloop
  endfacet
  facet normal 0 1 -0
    outer loop
      vertex -127.454 0 17.7625
      vertex -138.869 0 17.8468
      vertex -127.031 0 17.8468
    endloop
  endfacet
  facet normal 0 1 0
    outer loop
      vertex -127.454 0 17.7625
      vertex -138.446 0 17.7625
      vertex -138.869 0 17.8468
    endloop
  endfacet
  facet normal 0 1 -0
    outer loop
      vertex -127.863 0 17.6238
      vertex -138.446 0 17.7625
      vertex -127.454 0 17.7625
    endloop
  endfacet
  facet normal 0 1 0
    outer loop
      vertex -127.863 0 17.6238
      vertex -138.037 0 17.6238
      vertex -138.446 0 17.7625
    endloop
  endfacet
  facet normal 0 1 -0
    outer loop
      vertex -128.25 0 17.4329
      vertex -138.037 0 17.6238
      vertex -127.863 0 17.6238
    endloop
  endfacet
  facet normal 0 1 0
    outer loop
      vertex -128.25 0 17.4329
      vertex -137.65 0 17.4329
      vertex -138.037 0 17.6238
    endloop
  endfacet
  facet normal 0 1 -0
    outer loop
      vertex -128.609 0 17.1931
      vertex -137.65 0 17.4329
      vertex -128.25 0 17.4329
    endloop
  endfacet
  facet normal 0 1 0
    outer loop
      vertex -128.609 0 17.1931
      vertex -137.291 0 17.1931
      vertex -137.65 0 17.4329
    endloop
  endfacet
  facet normal 0 1 -0
    outer loop
      vertex -128.933 0 16.9084
      vertex -137.291 0 17.1931
      vertex -128.609 0 17.1931
    endloop
  endfacet
  facet normal 0 1 0
    outer loop
      vertex -128.933 0 16.9084
      vertex -136.967 0 16.9084
      vertex -137.291 0 17.1931
    endloop
  endfacet
  facet normal 0 1 -0
    outer loop
      vertex -129.218 0 16.5839
      vertex -136.967 0 16.9084
      vertex -128.933 0 16.9084
    endloop
  endfacet
  facet normal 0 1 0
    outer loop
      vertex -129.218 0 16.5839
      vertex -136.682 0 16.5839
      vertex -136.967 0 16.9084
    endloop
  endfacet
  facet normal 0 1 -0
    outer loop
      vertex -129.458 0 16.225
      vertex -136.682 0 16.5839
      vertex -129.218 0 16.5839
    endloop
  endfacet
  facet normal 0 1 0
    outer loop
      vertex -129.458 0 16.225
      vertex -136.442 0 16.225
      vertex -136.682 0 16.5839
    endloop
  endfacet
  facet normal 0 1 -0
    outer loop
      vertex -129.649 0 15.8378
      vertex -136.442 0 16.225
      vertex -129.458 0 16.225
    endloop
  endfacet
  facet normal 0 1 0
    outer loop
      vertex -129.649 0 15.8378
      vertex -136.251 0 15.8378
      vertex -136.442 0 16.225
    endloop
  endfacet
  facet normal 0 1 -0
    outer loop
      vertex -129.788 0 15.4291
      vertex -136.251 0 15.8378
      vertex -129.649 0 15.8378
    endloop
  endfacet
  facet normal 0 1 0
    outer loop
      vertex -129.788 0 15.4291
      vertex -136.112 0 15.4291
      vertex -136.251 0 15.8378
    endloop
  endfacet
  facet normal 0 1 -0
    outer loop
      vertex -129.872 0 15.0057
      vertex -136.112 0 15.4291
      vertex -129.788 0 15.4291
    endloop
  endfacet
  facet normal 0 1 0
    outer loop
      vertex -129.872 0 15.0057
      vertex -136.028 0 15.0057
      vertex -136.112 0 15.4291
    endloop
  endfacet
  facet normal 0 1 -0
    outer loop
      vertex -129.9 0 14.575
      vertex -136.028 0 15.0057
      vertex -129.872 0 15.0057
    endloop
  endfacet
  facet normal 0 1 0
    outer loop
      vertex -129.9 0 14.575
      vertex -136 0 14.575
      vertex -136.028 0 15.0057
    endloop
  endfacet
  facet normal 0 1 -0
    outer loop
      vertex -129.9 0 11.175
      vertex -136 0 14.575
      vertex -129.9 0 14.575
    endloop
  endfacet
  facet normal 0 1 0
    outer loop
      vertex -129.9 0 11.175
      vertex -136 0 11.175
      vertex -136 0 14.575
    endloop
  endfacet
  facet normal 0 1 0
    outer loop
      vertex -129.872 0 10.7443
      vertex -136 0 11.175
      vertex -129.9 0 11.175
    endloop
  endfacet
  facet normal 0 1 0
    outer loop
      vertex -129.872 0 10.7443
      vertex -136.028 0 10.7443
      vertex -136 0 11.175
    endloop
  endfacet
  facet normal 0 1 0
    outer loop
      vertex -129.788 0 10.3209
      vertex -136.028 0 10.7443
      vertex -129.872 0 10.7443
    endloop
  endfacet
  facet normal 0 1 0
    outer loop
      vertex -129.788 0 10.3209
      vertex -136.112 0 10.3209
      vertex -136.028 0 10.7443
    endloop
  endfacet
  facet normal 0 1 0
    outer loop
      vertex -129.649 0 9.91216
      vertex -136.112 0 10.3209
      vertex -129.788 0 10.3209
    endloop
  endfacet
  facet normal 0 1 0
    outer loop
      vertex -129.649 0 9.91216
      vertex -136.251 0 9.91216
      vertex -136.112 0 10.3209
    endloop
  endfacet
  facet normal 0 1 0
    outer loop
      vertex -129.458 0 9.52501
      vertex -136.251 0 9.91216
      vertex -129.649 0 9.91216
    endloop
  endfacet
  facet normal 0 1 0
    outer loop
      vertex -129.458 0 9.52501
      vertex -136.442 0 9.52501
      vertex -136.251 0 9.91216
    endloop
  endfacet
  facet normal 0 1 0
    outer loop
      vertex -129.218 0 9.16609
      vertex -136.442 0 9.52501
      vertex -129.458 0 9.52501
    endloop
  endfacet
  facet normal 0 1 0
    outer loop
      vertex -129.218 0 9.16609
      vertex -136.682 0 9.16609
      vertex -136.442 0 9.52501
    endloop
  endfacet
  facet normal 0 1 0
    outer loop
      vertex -128.933 0 8.84155
      vertex -136.682 0 9.16609
      vertex -129.218 0 9.16609
    endloop
  endfacet
  facet normal 0 1 0
    outer loop
      vertex -128.933 0 8.84155
      vertex -136.967 0 8.84155
      vertex -136.682 0 9.16609
    endloop
  endfacet
  facet normal 0 1 0
    outer loop
      vertex -128.609 0 8.55695
      vertex -136.967 0 8.84155
      vertex -128.933 0 8.84155
    endloop
  endfacet
  facet normal 0 1 0
    outer loop
      vertex -128.609 0 8.55695
      vertex -137.291 0 8.55695
      vertex -136.967 0 8.84155
    endloop
  endfacet
  facet normal 0 1 0
    outer loop
      vertex -128.25 0 8.31712
      vertex -137.291 0 8.55695
      vertex -128.609 0 8.55695
    endloop
  endfacet
  facet normal 0 1 0
    outer loop
      vertex -128.25 0 8.31712
      vertex -137.65 0 8.31712
      vertex -137.291 0 8.55695
    endloop
  endfacet
  facet normal 0 1 0
    outer loop
      vertex -127.863 0 8.12621
      vertex -137.65 0 8.31712
      vertex -128.25 0 8.31712
    endloop
  endfacet
  facet normal 0 1 0
    outer loop
      vertex -127.863 0 8.12621
      vertex -138.037 0 8.12621
      vertex -137.65 0 8.31712
    endloop
  endfacet
  facet normal 0 1 0
    outer loop
      vertex -127.454 0 7.98746
      vertex -138.037 0 8.12621
      vertex -127.863 0 8.12621
    endloop
  endfacet
  facet normal 0 1 0
    outer loop
      vertex -127.454 0 7.98746
      vertex -138.446 0 7.98746
      vertex -138.037 0 8.12621
    endloop
  endfacet
  facet normal 0 1 0
    outer loop
      vertex -127.031 0 7.90324
      vertex -138.446 0 7.98746
      vertex -127.454 0 7.98746
    endloop
  endfacet
  facet normal 0 1 0
    outer loop
      vertex -127.031 0 7.90324
      vertex -138.869 0 7.90324
      vertex -138.446 0 7.98746
    endloop
  endfacet
  facet normal 0 1 0
    outer loop
      vertex -126.6 0 7.875
      vertex -138.869 0 7.90324
      vertex -127.031 0 7.90324
    endloop
  endfacet
  facet normal 0 1 0
    outer loop
      vertex -138.869 0 7.90324
      vertex -126.6 0 7.875
      vertex -139.3 0 7.875
    endloop
  endfacet
  facet normal 0 1 -0
    outer loop
      vertex -111.156 0 17.8468
      vertex -126.6 0 17.875
      vertex -110.725 0 17.875
    endloop
  endfacet
  facet normal 0 1 0
    outer loop
      vertex -111.156 0 17.8468
      vertex -126.169 0 17.8468
      vertex -126.6 0 17.875
    endloop
  endfacet
  facet normal 0 1 -0
    outer loop
      vertex -111.579 0 17.7625
      vertex -126.169 0 17.8468
      vertex -111.156 0 17.8468
    endloop
  endfacet
  facet normal 0 1 0
    outer loop
      vertex -111.579 0 17.7625
      vertex -125.746 0 17.7625
      vertex -126.169 0 17.8468
    endloop
  endfacet
  facet normal 0 1 -0
    outer loop
      vertex -111.988 0 17.6238
      vertex -125.746 0 17.7625
      vertex -111.579 0 17.7625
    endloop
  endfacet
  facet normal 0 1 0
    outer loop
      vertex -111.988 0 17.6238
      vertex -125.337 0 17.6238
      vertex -125.746 0 17.7625
    endloop
  endfacet
  facet normal 0 1 -0
    outer loop
      vertex -112.375 0 17.4329
      vertex -125.337 0 17.6238
      vertex -111.988 0 17.6238
    endloop
  endfacet
  facet normal 0 1 0
    outer loop
      vertex -112.375 0 17.4329
      vertex -124.95 0 17.4329
      vertex -125.337 0 17.6238
    endloop
  endfacet
  facet normal 0 1 -0
    outer loop
      vertex -112.734 0 17.1931
      vertex -124.95 0 17.4329
      vertex -112.375 0 17.4329
    endloop
  endfacet
  facet normal 0 1 0
    outer loop
      vertex -112.734 0 17.1931
      vertex -124.591 0 17.1931
      vertex -124.95 0 17.4329
    endloop
  endfacet
  facet normal 0 1 -0
    outer loop
      vertex -113.058 0 16.9084
      vertex -124.591 0 17.1931
      vertex -112.734 0 17.1931
    endloop
  endfacet
  facet normal 0 1 0
    outer loop
      vertex -113.058 0 16.9084
      vertex -124.267 0 16.9084
      vertex -124.591 0 17.1931
    endloop
  endfacet
  facet normal 0 1 -0
    outer loop
      vertex -113.343 0 16.5839
      vertex -124.267 0 16.9084
      vertex -113.058 0 16.9084
    endloop
  endfacet
  facet normal 0 1 0
    outer loop
      vertex -113.343 0 16.5839
      vertex -123.982 0 16.5839
      vertex -124.267 0 16.9084
    endloop
  endfacet
  facet normal 0 1 -0
    outer loop
      vertex -113.583 0 16.225
      vertex -123.982 0 16.5839
      vertex -113.343 0 16.5839
    endloop
  endfacet
  facet normal 0 1 0
    outer loop
      vertex -113.583 0 16.225
      vertex -123.742 0 16.225
      vertex -123.982 0 16.5839
    endloop
  endfacet
  facet normal 0 1 -0
    outer loop
      vertex -113.774 0 15.8378
      vertex -123.742 0 16.225
      vertex -113.583 0 16.225
    endloop
  endfacet
  facet normal 0 1 0
    outer loop
      vertex -113.774 0 15.8378
      vertex -123.551 0 15.8378
      vertex -123.742 0 16.225
    endloop
  endfacet
  facet normal 0 1 -0
    outer loop
      vertex -113.913 0 15.4291
      vertex -123.551 0 15.8378
      vertex -113.774 0 15.8378
    endloop
  endfacet
  facet normal 0 1 0
    outer loop
      vertex -113.913 0 15.4291
      vertex -123.412 0 15.4291
      vertex -123.551 0 15.8378
    endloop
  endfacet
  facet normal 0 1 -0
    outer loop
      vertex -113.997 0 15.0057
      vertex -123.412 0 15.4291
      vertex -113.913 0 15.4291
    endloop
  endfacet
  facet normal 0 1 0
    outer loop
      vertex -113.997 0 15.0057
      vertex -123.328 0 15.0057
      vertex -123.412 0 15.4291
    endloop
  endfacet
  facet normal 0 1 -0
    outer loop
      vertex -114.025 0 14.575
      vertex -123.328 0 15.0057
      vertex -113.997 0 15.0057
    endloop
  endfacet
  facet normal 0 1 0
    outer loop
      vertex -114.025 0 14.575
      vertex -123.3 0 14.575
      vertex -123.328 0 15.0057
    endloop
  endfacet
  facet normal 0 1 -0
    outer loop
      vertex -114.025 0 11.175
      vertex -123.3 0 14.575
      vertex -114.025 0 14.575
    endloop
  endfacet
  facet normal 0 1 0
    outer loop
      vertex -114.025 0 11.175
      vertex -123.3 0 11.175
      vertex -123.3 0 14.575
    endloop
  endfacet
  facet normal 0 1 0
    outer loop
      vertex -113.997 0 10.7443
      vertex -123.3 0 11.175
      vertex -114.025 0 11.175
    endloop
  endfacet
  facet normal 0 1 0
    outer loop
      vertex -113.997 0 10.7443
      vertex -123.328 0 10.7443
      vertex -123.3 0 11.175
    endloop
  endfacet
  facet normal 0 1 0
    outer loop
      vertex -113.913 0 10.3209
      vertex -123.328 0 10.7443
      vertex -113.997 0 10.7443
    endloop
  endfacet
  facet normal 0 1 0
    outer loop
      vertex -113.913 0 10.3209
      vertex -123.412 0 10.3209
      vertex -123.328 0 10.7443
    endloop
  endfacet
  facet normal 0 1 0
    outer loop
      vertex -113.774 0 9.91216
      vertex -123.412 0 10.3209
      vertex -113.913 0 10.3209
    endloop
  endfacet
  facet normal 0 1 0
    outer loop
      vertex -113.774 0 9.91216
      vertex -123.551 0 9.91216
      vertex -123.412 0 10.3209
    endloop
  endfacet
  facet normal 0 1 0
    outer loop
      vertex -113.583 0 9.52501
      vertex -123.551 0 9.91216
      vertex -113.774 0 9.91216
    endloop
  endfacet
  facet normal 0 1 0
    outer loop
      vertex -113.583 0 9.52501
      vertex -123.742 0 9.52501
      vertex -123.551 0 9.91216
    endloop
  endfacet
  facet normal 0 1 0
    outer loop
      vertex -113.343 0 9.16609
      vertex -123.742 0 9.52501
      vertex -113.583 0 9.52501
    endloop
  endfacet
  facet normal 0 1 0
    outer loop
      vertex -113.343 0 9.16609
      vertex -123.982 0 9.16609
      vertex -123.742 0 9.52501
    endloop
  endfacet
  facet normal 0 1 0
    outer loop
      vertex -113.058 0 8.84155
      vertex -123.982 0 9.16609
      vertex -113.343 0 9.16609
    endloop
  endfacet
  facet normal 0 1 0
    outer loop
      vertex -113.058 0 8.84155
      vertex -124.267 0 8.84155
      vertex -123.982 0 9.16609
    endloop
  endfacet
  facet normal 0 1 0
    outer loop
      vertex -112.734 0 8.55695
      vertex -124.267 0 8.84155
      vertex -113.058 0 8.84155
    endloop
  endfacet
  facet normal 0 1 0
    outer loop
      vertex -112.734 0 8.55695
      vertex -124.591 0 8.55695
      vertex -124.267 0 8.84155
    endloop
  endfacet
  facet normal 0 1 0
    outer loop
      vertex -112.375 0 8.31712
      vertex -124.591 0 8.55695
      vertex -112.734 0 8.55695
    endloop
  endfacet
  facet normal 0 1 0
    outer loop
      vertex -112.375 0 8.31712
      vertex -124.95 0 8.31712
      vertex -124.591 0 8.55695
    endloop
  endfacet
  facet normal 0 1 0
    outer loop
      vertex -111.988 0 8.12621
      vertex -124.95 0 8.31712
      vertex -112.375 0 8.31712
    endloop
  endfacet
  facet normal 0 1 0
    outer loop
      vertex -111.988 0 8.12621
      vertex -125.337 0 8.12621
      vertex -124.95 0 8.31712
    endloop
  endfacet
  facet normal 0 1 0
    outer loop
      vertex -111.579 0 7.98746
      vertex -125.337 0 8.12621
      vertex -111.988 0 8.12621
    endloop
  endfacet
  facet normal 0 1 0
    outer loop
      vertex -111.579 0 7.98746
      vertex -125.746 0 7.98746
      vertex -125.337 0 8.12621
    endloop
  endfacet
  facet normal 0 1 0
    outer loop
      vertex -111.156 0 7.90324
      vertex -125.746 0 7.98746
      vertex -111.579 0 7.98746
    endloop
  endfacet
  facet normal 0 1 0
    outer loop
      vertex -111.156 0 7.90324
      vertex -126.169 0 7.90324
      vertex -125.746 0 7.98746
    endloop
  endfacet
  facet normal 0 1 0
    outer loop
      vertex -110.725 0 7.875
      vertex -126.169 0 7.90324
      vertex -111.156 0 7.90324
    endloop
  endfacet
  facet normal 0 1 0
    outer loop
      vertex -126.169 0 7.90324
      vertex -110.725 0 7.875
      vertex -126.6 0 7.875
    endloop
  endfacet
  facet normal 0 1 -0
    outer loop
      vertex -95.2807 0 17.8468
      vertex -110.725 0 17.875
      vertex -94.85 0 17.875
    endloop
  endfacet
  facet normal 0 1 0
    outer loop
      vertex -95.2807 0 17.8468
      vertex -110.294 0 17.8468
      vertex -110.725 0 17.875
    endloop
  endfacet
  facet normal 0 1 -0
    outer loop
      vertex -95.7041 0 17.7625
      vertex -110.294 0 17.8468
      vertex -95.2807 0 17.8468
    endloop
  endfacet
  facet normal 0 1 0
    outer loop
      vertex -95.7041 0 17.7625
      vertex -109.871 0 17.7625
      vertex -110.294 0 17.8468
    endloop
  endfacet
  facet normal 0 1 -0
    outer loop
      vertex -96.1128 0 17.6238
      vertex -109.871 0 17.7625
      vertex -95.7041 0 17.7625
    endloop
  endfacet
  facet normal 0 1 0
    outer loop
      vertex -96.1128 0 17.6238
      vertex -109.462 0 17.6238
      vertex -109.871 0 17.7625
    endloop
  endfacet
  facet normal 0 1 -0
    outer loop
      vertex -96.5 0 17.4329
      vertex -109.462 0 17.6238
      vertex -96.1128 0 17.6238
    endloop
  endfacet
  facet normal 0 1 0
    outer loop
      vertex -96.5 0 17.4329
      vertex -109.075 0 17.4329
      vertex -109.462 0 17.6238
    endloop
  endfacet
  facet normal 0 1 -0
    outer loop
      vertex -96.8589 0 17.1931
      vertex -109.075 0 17.4329
      vertex -96.5 0 17.4329
    endloop
  endfacet
  facet normal 0 1 0
    outer loop
      vertex -96.8589 0 17.1931
      vertex -108.716 0 17.1931
      vertex -109.075 0 17.4329
    endloop
  endfacet
  facet normal 0 1 -0
    outer loop
      vertex -97.1834 0 16.9084
      vertex -108.716 0 17.1931
      vertex -96.8589 0 17.1931
    endloop
  endfacet
  facet normal 0 1 0
    outer loop
      vertex -97.1834 0 16.9084
      vertex -108.392 0 16.9084
      vertex -108.716 0 17.1931
    endloop
  endfacet
  facet normal 0 1 -0
    outer loop
      vertex -97.4681 0 16.5839
      vertex -108.392 0 16.9084
      vertex -97.1834 0 16.9084
    endloop
  endfacet
  facet normal 0 1 0
    outer loop
      vertex -97.4681 0 16.5839
      vertex -108.107 0 16.5839
      vertex -108.392 0 16.9084
    endloop
  endfacet
  facet normal 0 1 -0
    outer loop
      vertex -97.7079 0 16.225
      vertex -108.107 0 16.5839
      vertex -97.4681 0 16.5839
    endloop
  endfacet
  facet normal 0 1 0
    outer loop
      vertex -97.7079 0 16.225
      vertex -107.867 0 16.225
      vertex -108.107 0 16.5839
    endloop
  endfacet
  facet normal 0 1 -0
    outer loop
      vertex -97.8988 0 15.8378
      vertex -107.867 0 16.225
      vertex -97.7079 0 16.225
    endloop
  endfacet
  facet normal 0 1 0
    outer loop
      vertex -97.8988 0 15.8378
      vertex -107.676 0 15.8378
      vertex -107.867 0 16.225
    endloop
  endfacet
  facet normal 0 1 -0
    outer loop
      vertex -98.0375 0 15.4291
      vertex -107.676 0 15.8378
      vertex -97.8988 0 15.8378
    endloop
  endfacet
  facet normal 0 1 0
    outer loop
      vertex -98.0375 0 15.4291
      vertex -107.537 0 15.4291
      vertex -107.676 0 15.8378
    endloop
  endfacet
  facet normal 0 1 -0
    outer loop
      vertex -98.1218 0 15.0057
      vertex -107.537 0 15.4291
      vertex -98.0375 0 15.4291
    endloop
  endfacet
  facet normal 0 1 0
    outer loop
      vertex -98.1218 0 15.0057
      vertex -107.453 0 15.0057
      vertex -107.537 0 15.4291
    endloop
  endfacet
  facet normal 0 1 -0
    outer loop
      vertex -98.15 0 14.575
      vertex -107.453 0 15.0057
      vertex -98.1218 0 15.0057
    endloop
  endfacet
  facet normal 0 1 0
    outer loop
      vertex -98.15 0 14.575
      vertex -107.425 0 14.575
      vertex -107.453 0 15.0057
    endloop
  endfacet
  facet normal 0 1 -0
    outer loop
      vertex -98.15 0 11.175
      vertex -107.425 0 14.575
      vertex -98.15 0 14.575
    endloop
  endfacet
  facet normal 0 1 0
    outer loop
      vertex -98.15 0 11.175
      vertex -107.425 0 11.175
      vertex -107.425 0 14.575
    endloop
  endfacet
  facet normal 0 1 0
    outer loop
      vertex -98.1218 0 10.7443
      vertex -107.425 0 11.175
      vertex -98.15 0 11.175
    endloop
  endfacet
  facet normal 0 1 0
    outer loop
      vertex -98.1218 0 10.7443
      vertex -107.453 0 10.7443
      vertex -107.425 0 11.175
    endloop
  endfacet
  facet normal 0 1 0
    outer loop
      vertex -98.0375 0 10.3209
      vertex -107.453 0 10.7443
      vertex -98.1218 0 10.7443
    endloop
  endfacet
  facet normal 0 1 0
    outer loop
      vertex -98.0375 0 10.3209
      vertex -107.537 0 10.3209
      vertex -107.453 0 10.7443
    endloop
  endfacet
  facet normal 0 1 0
    outer loop
      vertex -97.8988 0 9.91216
      vertex -107.537 0 10.3209
      vertex -98.0375 0 10.3209
    endloop
  endfacet
  facet normal 0 1 0
    outer loop
      vertex -97.8988 0 9.91216
      vertex -107.676 0 9.91216
      vertex -107.537 0 10.3209
    endloop
  endfacet
  facet normal 0 1 0
    outer loop
      vertex -97.7079 0 9.52501
      vertex -107.676 0 9.91216
      vertex -97.8988 0 9.91216
    endloop
  endfacet
  facet normal 0 1 0
    outer loop
      vertex -97.7079 0 9.52501
      vertex -107.867 0 9.52501
      vertex -107.676 0 9.91216
    endloop
  endfacet
  facet normal 0 1 0
    outer loop
      vertex -97.4681 0 9.16609
      vertex -107.867 0 9.52501
      vertex -97.7079 0 9.52501
    endloop
  endfacet
  facet normal 0 1 0
    outer loop
      vertex -97.4681 0 9.16609
      vertex -108.107 0 9.16609
      vertex -107.867 0 9.52501
    endloop
  endfacet
  facet normal 0 1 0
    outer loop
      vertex -97.1834 0 8.84155
      vertex -108.107 0 9.16609
      vertex -97.4681 0 9.16609
    endloop
  endfacet
  facet normal 0 1 0
    outer loop
      vertex -97.1834 0 8.84155
      vertex -108.392 0 8.84155
      vertex -108.107 0 9.16609
    endloop
  endfacet
  facet normal 0 1 0
    outer loop
      vertex -96.8589 0 8.55695
      vertex -108.392 0 8.84155
      vertex -97.1834 0 8.84155
    endloop
  endfacet
  facet normal 0 1 0
    outer loop
      vertex -96.8589 0 8.55695
      vertex -108.716 0 8.55695
      vertex -108.392 0 8.84155
    endloop
  endfacet
  facet normal 0 1 0
    outer loop
      vertex -96.5 0 8.31712
      vertex -108.716 0 8.55695
      vertex -96.8589 0 8.55695
    endloop
  endfacet
  facet normal 0 1 0
    outer loop
      vertex -96.5 0 8.31712
      vertex -109.075 0 8.31712
      vertex -108.716 0 8.55695
    endloop
  endfacet
  facet normal 0 1 0
    outer loop
      vertex -96.1128 0 8.12621
      vertex -109.075 0 8.31712
      vertex -96.5 0 8.31712
    endloop
  endfacet
  facet normal 0 1 0
    outer loop
      vertex -96.1128 0 8.12621
      vertex -109.462 0 8.12621
      vertex -109.075 0 8.31712
    endloop
  endfacet
  facet normal 0 1 0
    outer loop
      vertex -95.7041 0 7.98746
      vertex -109.462 0 8.12621
      vertex -96.1128 0 8.12621
    endloop
  endfacet
  facet normal 0 1 0
    outer loop
      vertex -95.7041 0 7.98746
      vertex -109.871 0 7.98746
      vertex -109.462 0 8.12621
    endloop
  endfacet
  facet normal 0 1 0
    outer loop
      vertex -95.2807 0 7.90324
      vertex -109.871 0 7.98746
      vertex -95.7041 0 7.98746
    endloop
  endfacet
  facet normal 0 1 0
    outer loop
      vertex -95.2807 0 7.90324
      vertex -110.294 0 7.90324
      vertex -109.871 0 7.98746
    endloop
  endfacet
  facet normal 0 1 0
    outer loop
      vertex -94.85 0 7.875
      vertex -110.294 0 7.90324
      vertex -95.2807 0 7.90324
    endloop
  endfacet
  facet normal 0 1 0
    outer loop
      vertex -110.294 0 7.90324
      vertex -94.85 0 7.875
      vertex -110.725 0 7.875
    endloop
  endfacet
  facet normal 0 1 -0
    outer loop
      vertex -82.5807 0 17.8468
      vertex -94.85 0 17.875
      vertex -82.15 0 17.875
    endloop
  endfacet
  facet normal 0 1 0
    outer loop
      vertex -82.5807 0 17.8468
      vertex -94.4193 0 17.8468
      vertex -94.85 0 17.875
    endloop
  endfacet
  facet normal 0 1 -0
    outer loop
      vertex -83.0041 0 17.7625
      vertex -94.4193 0 17.8468
      vertex -82.5807 0 17.8468
    endloop
  endfacet
  facet normal 0 1 0
    outer loop
      vertex -83.0041 0 17.7625
      vertex -93.9959 0 17.7625
      vertex -94.4193 0 17.8468
    endloop
  endfacet
  facet normal 0 1 -0
    outer loop
      vertex -83.4128 0 17.6238
      vertex -93.9959 0 17.7625
      vertex -83.0041 0 17.7625
    endloop
  endfacet
  facet normal 0 1 0
    outer loop
      vertex -83.4128 0 17.6238
      vertex -93.5872 0 17.6238
      vertex -93.9959 0 17.7625
    endloop
  endfacet
  facet normal 0 1 -0
    outer loop
      vertex -83.8 0 17.4329
      vertex -93.5872 0 17.6238
      vertex -83.4128 0 17.6238
    endloop
  endfacet
  facet normal 0 1 0
    outer loop
      vertex -83.8 0 17.4329
      vertex -93.2 0 17.4329
      vertex -93.5872 0 17.6238
    endloop
  endfacet
  facet normal 0 1 -0
    outer loop
      vertex -84.1589 0 17.1931
      vertex -93.2 0 17.4329
      vertex -83.8 0 17.4329
    endloop
  endfacet
  facet normal 0 1 0
    outer loop
      vertex -84.1589 0 17.1931
      vertex -92.8411 0 17.1931
      vertex -93.2 0 17.4329
    endloop
  endfacet
  facet normal 0 1 -0
    outer loop
      vertex -84.4835 0 16.9084
      vertex -92.8411 0 17.1931
      vertex -84.1589 0 17.1931
    endloop
  endfacet
  facet normal 0 1 0
    outer loop
      vertex -84.4835 0 16.9084
      vertex -92.5165 0 16.9084
      vertex -92.8411 0 17.1931
    endloop
  endfacet
  facet normal 0 1 -0
    outer loop
      vertex -84.7681 0 16.5839
      vertex -92.5165 0 16.9084
      vertex -84.4835 0 16.9084
    endloop
  endfacet
  facet normal 0 1 0
    outer loop
      vertex -84.7681 0 16.5839
      vertex -92.2319 0 16.5839
      vertex -92.5165 0 16.9084
    endloop
  endfacet
  facet normal 0 1 -0
    outer loop
      vertex -85.0079 0 16.225
      vertex -92.2319 0 16.5839
      vertex -84.7681 0 16.5839
    endloop
  endfacet
  facet normal 0 1 0
    outer loop
      vertex -85.0079 0 16.225
      vertex -91.9921 0 16.225
      vertex -92.2319 0 16.5839
    endloop
  endfacet
  facet normal 0 1 -0
    outer loop
      vertex -85.1988 0 15.8378
      vertex -91.9921 0 16.225
      vertex -85.0079 0 16.225
    endloop
  endfacet
  facet normal 0 1 0
    outer loop
      vertex -85.1988 0 15.8378
      vertex -91.8012 0 15.8378
      vertex -91.9921 0 16.225
    endloop
  endfacet
  facet normal 0 1 -0
    outer loop
      vertex -85.3375 0 15.4291
      vertex -91.8012 0 15.8378
      vertex -85.1988 0 15.8378
    endloop
  endfacet
  facet normal 0 1 0
    outer loop
      vertex -85.3375 0 15.4291
      vertex -91.6625 0 15.4291
      vertex -91.8012 0 15.8378
    endloop
  endfacet
  facet normal 0 1 -0
    outer loop
      vertex -85.4218 0 15.0057
      vertex -91.6625 0 15.4291
      vertex -85.3375 0 15.4291
    endloop
  endfacet
  facet normal 0 1 0
    outer loop
      vertex -85.4218 0 15.0057
      vertex -91.5782 0 15.0057
      vertex -91.6625 0 15.4291
    endloop
  endfacet
  facet normal 0 1 -0
    outer loop
      vertex -85.45 0 14.575
      vertex -91.5782 0 15.0057
      vertex -85.4218 0 15.0057
    endloop
  endfacet
  facet normal 0 1 0
    outer loop
      vertex -85.45 0 14.575
      vertex -91.55 0 14.575
      vertex -91.5782 0 15.0057
    endloop
  endfacet
  facet normal 0 1 -0
    outer loop
      vertex -85.45 0 11.175
      vertex -91.55 0 14.575
      vertex -85.45 0 14.575
    endloop
  endfacet
  facet normal 0 1 0
    outer loop
      vertex -85.45 0 11.175
      vertex -91.55 0 11.175
      vertex -91.55 0 14.575
    endloop
  endfacet
  facet normal 0 1 0
    outer loop
      vertex -85.4218 0 10.7443
      vertex -91.55 0 11.175
      vertex -85.45 0 11.175
    endloop
  endfacet
  facet normal 0 1 0
    outer loop
      vertex -85.4218 0 10.7443
      vertex -91.5782 0 10.7443
      vertex -91.55 0 11.175
    endloop
  endfacet
  facet normal 0 1 0
    outer loop
      vertex -85.3375 0 10.3209
      vertex -91.5782 0 10.7443
      vertex -85.4218 0 10.7443
    endloop
  endfacet
  facet normal 0 1 0
    outer loop
      vertex -85.3375 0 10.3209
      vertex -91.6625 0 10.3209
      vertex -91.5782 0 10.7443
    endloop
  endfacet
  facet normal 0 1 0
    outer loop
      vertex -85.1988 0 9.91216
      vertex -91.6625 0 10.3209
      vertex -85.3375 0 10.3209
    endloop
  endfacet
  facet normal 0 1 0
    outer loop
      vertex -85.1988 0 9.91216
      vertex -91.8012 0 9.91216
      vertex -91.6625 0 10.3209
    endloop
  endfacet
  facet normal 0 1 0
    outer loop
      vertex -85.0079 0 9.52501
      vertex -91.8012 0 9.91216
      vertex -85.1988 0 9.91216
    endloop
  endfacet
  facet normal 0 1 0
    outer loop
      vertex -85.0079 0 9.52501
      vertex -91.9921 0 9.52501
      vertex -91.8012 0 9.91216
    endloop
  endfacet
  facet normal 0 1 0
    outer loop
      vertex -84.7681 0 9.16609
      vertex -91.9921 0 9.52501
      vertex -85.0079 0 9.52501
    endloop
  endfacet
  facet normal 0 1 0
    outer loop
      vertex -84.7681 0 9.16609
      vertex -92.2319 0 9.16609
      vertex -91.9921 0 9.52501
    endloop
  endfacet
  facet normal 0 1 0
    outer loop
      vertex -84.4835 0 8.84155
      vertex -92.2319 0 9.16609
      vertex -84.7681 0 9.16609
    endloop
  endfacet
  facet normal 0 1 0
    outer loop
      vertex -84.4835 0 8.84155
      vertex -92.5165 0 8.84155
      vertex -92.2319 0 9.16609
    endloop
  endfacet
  facet normal 0 1 0
    outer loop
      vertex -84.1589 0 8.55695
      vertex -92.5165 0 8.84155
      vertex -84.4835 0 8.84155
    endloop
  endfacet
  facet normal 0 1 0
    outer loop
      vertex -84.1589 0 8.55695
      vertex -92.8411 0 8.55695
      vertex -92.5165 0 8.84155
    endloop
  endfacet
  facet normal 0 1 0
    outer loop
      vertex -83.8 0 8.31712
      vertex -92.8411 0 8.55695
      vertex -84.1589 0 8.55695
    endloop
  endfacet
  facet normal 0 1 0
    outer loop
      vertex -83.8 0 8.31712
      vertex -93.2 0 8.31712
      vertex -92.8411 0 8.55695
    endloop
  endfacet
  facet normal 0 1 0
    outer loop
      vertex -83.4128 0 8.12621
      vertex -93.2 0 8.31712
      vertex -83.8 0 8.31712
    endloop
  endfacet
  facet normal 0 1 0
    outer loop
      vertex -83.4128 0 8.12621
      vertex -93.5872 0 8.12621
      vertex -93.2 0 8.31712
    endloop
  endfacet
  facet normal 0 1 0
    outer loop
      vertex -83.0041 0 7.98746
      vertex -93.5872 0 8.12621
      vertex -83.4128 0 8.12621
    endloop
  endfacet
  facet normal 0 1 0
    outer loop
      vertex -83.0041 0 7.98746
      vertex -93.9959 0 7.98746
      vertex -93.5872 0 8.12621
    endloop
  endfacet
  facet normal 0 1 0
    outer loop
      vertex -82.5807 0 7.90324
      vertex -93.9959 0 7.98746
      vertex -83.0041 0 7.98746
    endloop
  endfacet
  facet normal 0 1 0
    outer loop
      vertex -82.5807 0 7.90324
      vertex -94.4193 0 7.90324
      vertex -93.9959 0 7.98746
    endloop
  endfacet
  facet normal 0 1 0
    outer loop
      vertex -82.15 0 7.875
      vertex -94.4193 0 7.90324
      vertex -82.5807 0 7.90324
    endloop
  endfacet
  facet normal 0 1 0
    outer loop
      vertex -94.4193 0 7.90324
      vertex -82.15 0 7.875
      vertex -94.85 0 7.875
    endloop
  endfacet
  facet normal 0 1 -0
    outer loop
      vertex -66.7057 0 17.8468
      vertex -82.15 0 17.875
      vertex -66.275 0 17.875
    endloop
  endfacet
  facet normal 0 1 0
    outer loop
      vertex -66.7057 0 17.8468
      vertex -81.7193 0 17.8468
      vertex -82.15 0 17.875
    endloop
  endfacet
  facet normal 0 1 -0
    outer loop
      vertex -67.1291 0 17.7625
      vertex -81.7193 0 17.8468
      vertex -66.7057 0 17.8468
    endloop
  endfacet
  facet normal 0 1 0
    outer loop
      vertex -67.1291 0 17.7625
      vertex -81.2959 0 17.7625
      vertex -81.7193 0 17.8468
    endloop
  endfacet
  facet normal 0 1 -0
    outer loop
      vertex -67.5378 0 17.6238
      vertex -81.2959 0 17.7625
      vertex -67.1291 0 17.7625
    endloop
  endfacet
  facet normal 0 1 0
    outer loop
      vertex -67.5378 0 17.6238
      vertex -80.8872 0 17.6238
      vertex -81.2959 0 17.7625
    endloop
  endfacet
  facet normal 0 1 -0
    outer loop
      vertex -67.925 0 17.4329
      vertex -80.8872 0 17.6238
      vertex -67.5378 0 17.6238
    endloop
  endfacet
  facet normal 0 1 0
    outer loop
      vertex -67.925 0 17.4329
      vertex -80.5 0 17.4329
      vertex -80.8872 0 17.6238
    endloop
  endfacet
  facet normal 0 1 -0
    outer loop
      vertex -68.2839 0 17.1931
      vertex -80.5 0 17.4329
      vertex -67.925 0 17.4329
    endloop
  endfacet
  facet normal 0 1 0
    outer loop
      vertex -68.2839 0 17.1931
      vertex -80.1411 0 17.1931
      vertex -80.5 0 17.4329
    endloop
  endfacet
  facet normal 0 1 -0
    outer loop
      vertex -68.6085 0 16.9084
      vertex -80.1411 0 17.1931
      vertex -68.2839 0 17.1931
    endloop
  endfacet
  facet normal 0 1 0
    outer loop
      vertex -68.6085 0 16.9084
      vertex -79.8166 0 16.9084
      vertex -80.1411 0 17.1931
    endloop
  endfacet
  facet normal 0 1 -0
    outer loop
      vertex -68.8931 0 16.5839
      vertex -79.8166 0 16.9084
      vertex -68.6085 0 16.9084
    endloop
  endfacet
  facet normal 0 1 0
    outer loop
      vertex -68.8931 0 16.5839
      vertex -79.5319 0 16.5839
      vertex -79.8166 0 16.9084
    endloop
  endfacet
  facet normal 0 1 -0
    outer loop
      vertex -69.1329 0 16.225
      vertex -79.5319 0 16.5839
      vertex -68.8931 0 16.5839
    endloop
  endfacet
  facet normal 0 1 0
    outer loop
      vertex -69.1329 0 16.225
      vertex -79.2921 0 16.225
      vertex -79.5319 0 16.5839
    endloop
  endfacet
  facet normal 0 1 -0
    outer loop
      vertex -69.3238 0 15.8378
      vertex -79.2921 0 16.225
      vertex -69.1329 0 16.225
    endloop
  endfacet
  facet normal 0 1 0
    outer loop
      vertex -69.3238 0 15.8378
      vertex -79.1012 0 15.8378
      vertex -79.2921 0 16.225
    endloop
  endfacet
  facet normal 0 1 -0
    outer loop
      vertex -69.4625 0 15.4291
      vertex -79.1012 0 15.8378
      vertex -69.3238 0 15.8378
    endloop
  endfacet
  facet normal 0 1 0
    outer loop
      vertex -69.4625 0 15.4291
      vertex -78.9625 0 15.4291
      vertex -79.1012 0 15.8378
    endloop
  endfacet
  facet normal 0 1 -0
    outer loop
      vertex -69.5468 0 15.0057
      vertex -78.9625 0 15.4291
      vertex -69.4625 0 15.4291
    endloop
  endfacet
  facet normal 0 1 0
    outer loop
      vertex -69.5468 0 15.0057
      vertex -78.8782 0 15.0057
      vertex -78.9625 0 15.4291
    endloop
  endfacet
  facet normal 0 1 -0
    outer loop
      vertex -69.575 0 14.575
      vertex -78.8782 0 15.0057
      vertex -69.5468 0 15.0057
    endloop
  endfacet
  facet normal 0 1 0
    outer loop
      vertex -69.575 0 14.575
      vertex -78.85 0 14.575
      vertex -78.8782 0 15.0057
    endloop
  endfacet
  facet normal 0 1 -0
    outer loop
      vertex -69.575 0 11.175
      vertex -78.85 0 14.575
      vertex -69.575 0 14.575
    endloop
  endfacet
  facet normal 0 1 0
    outer loop
      vertex -69.575 0 11.175
      vertex -78.85 0 11.175
      vertex -78.85 0 14.575
    endloop
  endfacet
  facet normal 0 1 0
    outer loop
      vertex -69.5468 0 10.7443
      vertex -78.85 0 11.175
      vertex -69.575 0 11.175
    endloop
  endfacet
  facet normal 0 1 0
    outer loop
      vertex -69.5468 0 10.7443
      vertex -78.8782 0 10.7443
      vertex -78.85 0 11.175
    endloop
  endfacet
  facet normal 0 1 0
    outer loop
      vertex -69.4625 0 10.3209
      vertex -78.8782 0 10.7443
      vertex -69.5468 0 10.7443
    endloop
  endfacet
  facet normal 0 1 0
    outer loop
      vertex -69.4625 0 10.3209
      vertex -78.9625 0 10.3209
      vertex -78.8782 0 10.7443
    endloop
  endfacet
  facet normal 0 1 0
    outer loop
      vertex -69.3238 0 9.91216
      vertex -78.9625 0 10.3209
      vertex -69.4625 0 10.3209
    endloop
  endfacet
  facet normal 0 1 0
    outer loop
      vertex -69.3238 0 9.91216
      vertex -79.1012 0 9.91216
      vertex -78.9625 0 10.3209
    endloop
  endfacet
  facet normal 0 1 0
    outer loop
      vertex -69.1329 0 9.52501
      vertex -79.1012 0 9.91216
      vertex -69.3238 0 9.91216
    endloop
  endfacet
  facet normal 0 1 0
    outer loop
      vertex -69.1329 0 9.52501
      vertex -79.2921 0 9.52501
      vertex -79.1012 0 9.91216
    endloop
  endfacet
  facet normal 0 1 0
    outer loop
      vertex -68.8931 0 9.16609
      vertex -79.2921 0 9.52501
      vertex -69.1329 0 9.52501
    endloop
  endfacet
  facet normal 0 1 0
    outer loop
      vertex -68.8931 0 9.16609
      vertex -79.5319 0 9.16609
      vertex -79.2921 0 9.52501
    endloop
  endfacet
  facet normal 0 1 0
    outer loop
      vertex -68.6085 0 8.84155
      vertex -79.5319 0 9.16609
      vertex -68.8931 0 9.16609
    endloop
  endfacet
  facet normal 0 1 0
    outer loop
      vertex -68.6085 0 8.84155
      vertex -79.8166 0 8.84155
      vertex -79.5319 0 9.16609
    endloop
  endfacet
  facet normal 0 1 0
    outer loop
      vertex -68.2839 0 8.55695
      vertex -79.8166 0 8.84155
      vertex -68.6085 0 8.84155
    endloop
  endfacet
  facet normal 0 1 0
    outer loop
      vertex -68.2839 0 8.55695
      vertex -80.1411 0 8.55695
      vertex -79.8166 0 8.84155
    endloop
  endfacet
  facet normal 0 1 0
    outer loop
      vertex -67.925 0 8.31712
      vertex -80.1411 0 8.55695
      vertex -68.2839 0 8.55695
    endloop
  endfacet
  facet normal 0 1 0
    outer loop
      vertex -67.925 0 8.31712
      vertex -80.5 0 8.31712
      vertex -80.1411 0 8.55695
    endloop
  endfacet
  facet normal 0 1 0
    outer loop
      vertex -67.5378 0 8.12621
      vertex -80.5 0 8.31712
      vertex -67.925 0 8.31712
    endloop
  endfacet
  facet normal 0 1 0
    outer loop
      vertex -67.5378 0 8.12621
      vertex -80.8872 0 8.12621
      vertex -80.5 0 8.31712
    endloop
  endfacet
  facet normal 0 1 0
    outer loop
      vertex -67.1291 0 7.98746
      vertex -80.8872 0 8.12621
      vertex -67.5378 0 8.12621
    endloop
  endfacet
  facet normal 0 1 0
    outer loop
      vertex -67.1291 0 7.98746
      vertex -81.2959 0 7.98746
      vertex -80.8872 0 8.12621
    endloop
  endfacet
  facet normal 0 1 0
    outer loop
      vertex -66.7057 0 7.90324
      vertex -81.2959 0 7.98746
      vertex -67.1291 0 7.98746
    endloop
  endfacet
  facet normal 0 1 0
    outer loop
      vertex -66.7057 0 7.90324
      vertex -81.7193 0 7.90324
      vertex -81.2959 0 7.98746
    endloop
  endfacet
  facet normal 0 1 0
    outer loop
      vertex -66.275 0 7.875
      vertex -81.7193 0 7.90324
      vertex -66.7057 0 7.90324
    endloop
  endfacet
  facet normal 0 1 0
    outer loop
      vertex -81.7193 0 7.90324
      vertex -66.275 0 7.875
      vertex -82.15 0 7.875
    endloop
  endfacet
  facet normal 0 1 -0
    outer loop
      vertex -50.8307 0 17.8468
      vertex -66.275 0 17.875
      vertex -50.4 0 17.875
    endloop
  endfacet
  facet normal 0 1 0
    outer loop
      vertex -50.8307 0 17.8468
      vertex -65.8443 0 17.8468
      vertex -66.275 0 17.875
    endloop
  endfacet
  facet normal 0 1 -0
    outer loop
      vertex -51.2541 0 17.7625
      vertex -65.8443 0 17.8468
      vertex -50.8307 0 17.8468
    endloop
  endfacet
  facet normal 0 1 0
    outer loop
      vertex -51.2541 0 17.7625
      vertex -65.4209 0 17.7625
      vertex -65.8443 0 17.8468
    endloop
  endfacet
  facet normal 0 1 -0
    outer loop
      vertex -51.6628 0 17.6238
      vertex -65.4209 0 17.7625
      vertex -51.2541 0 17.7625
    endloop
  endfacet
  facet normal 0 1 0
    outer loop
      vertex -51.6628 0 17.6238
      vertex -65.0122 0 17.6238
      vertex -65.4209 0 17.7625
    endloop
  endfacet
  facet normal 0 1 -0
    outer loop
      vertex -52.05 0 17.4329
      vertex -65.0122 0 17.6238
      vertex -51.6628 0 17.6238
    endloop
  endfacet
  facet normal 0 1 0
    outer loop
      vertex -52.05 0 17.4329
      vertex -64.625 0 17.4329
      vertex -65.0122 0 17.6238
    endloop
  endfacet
  facet normal 0 1 -0
    outer loop
      vertex -52.4089 0 17.1931
      vertex -64.625 0 17.4329
      vertex -52.05 0 17.4329
    endloop
  endfacet
  facet normal 0 1 0
    outer loop
      vertex -52.4089 0 17.1931
      vertex -64.2661 0 17.1931
      vertex -64.625 0 17.4329
    endloop
  endfacet
  facet normal 0 1 -0
    outer loop
      vertex -52.7335 0 16.9084
      vertex -64.2661 0 17.1931
      vertex -52.4089 0 17.1931
    endloop
  endfacet
  facet normal 0 1 0
    outer loop
      vertex -52.7335 0 16.9084
      vertex -63.9416 0 16.9084
      vertex -64.2661 0 17.1931
    endloop
  endfacet
  facet normal 0 1 -0
    outer loop
      vertex -53.0181 0 16.5839
      vertex -63.9416 0 16.9084
      vertex -52.7335 0 16.9084
    endloop
  endfacet
  facet normal 0 1 0
    outer loop
      vertex -53.0181 0 16.5839
      vertex -63.6569 0 16.5839
      vertex -63.9416 0 16.9084
    endloop
  endfacet
  facet normal 0 1 -0
    outer loop
      vertex -53.2579 0 16.225
      vertex -63.6569 0 16.5839
      vertex -53.0181 0 16.5839
    endloop
  endfacet
  facet normal 0 1 0
    outer loop
      vertex -53.2579 0 16.225
      vertex -63.4171 0 16.225
      vertex -63.6569 0 16.5839
    endloop
  endfacet
  facet normal 0 1 -0
    outer loop
      vertex -53.4488 0 15.8378
      vertex -63.4171 0 16.225
      vertex -53.2579 0 16.225
    endloop
  endfacet
  facet normal 0 1 0
    outer loop
      vertex -53.4488 0 15.8378
      vertex -63.2262 0 15.8378
      vertex -63.4171 0 16.225
    endloop
  endfacet
  facet normal 0 1 -0
    outer loop
      vertex -53.5875 0 15.4291
      vertex -63.2262 0 15.8378
      vertex -53.4488 0 15.8378
    endloop
  endfacet
  facet normal 0 1 0
    outer loop
      vertex -53.5875 0 15.4291
      vertex -63.0875 0 15.4291
      vertex -63.2262 0 15.8378
    endloop
  endfacet
  facet normal 0 1 -0
    outer loop
      vertex -53.6718 0 15.0057
      vertex -63.0875 0 15.4291
      vertex -53.5875 0 15.4291
    endloop
  endfacet
  facet normal 0 1 0
    outer loop
      vertex -53.6718 0 15.0057
      vertex -63.0032 0 15.0057
      vertex -63.0875 0 15.4291
    endloop
  endfacet
  facet normal 0 1 -0
    outer loop
      vertex -53.7 0 14.575
      vertex -63.0032 0 15.0057
      vertex -53.6718 0 15.0057
    endloop
  endfacet
  facet normal 0 1 0
    outer loop
      vertex -53.7 0 14.575
      vertex -62.975 0 14.575
      vertex -63.0032 0 15.0057
    endloop
  endfacet
  facet normal 0 1 -0
    outer loop
      vertex -53.7 0 11.175
      vertex -62.975 0 14.575
      vertex -53.7 0 14.575
    endloop
  endfacet
  facet normal 0 1 0
    outer loop
      vertex -53.7 0 11.175
      vertex -62.975 0 11.175
      vertex -62.975 0 14.575
    endloop
  endfacet
  facet normal 0 1 0
    outer loop
      vertex -53.6718 0 10.7443
      vertex -62.975 0 11.175
      vertex -53.7 0 11.175
    endloop
  endfacet
  facet normal 0 1 0
    outer loop
      vertex -53.6718 0 10.7443
      vertex -63.0032 0 10.7443
      vertex -62.975 0 11.175
    endloop
  endfacet
  facet normal 0 1 0
    outer loop
      vertex -53.5875 0 10.3209
      vertex -63.0032 0 10.7443
      vertex -53.6718 0 10.7443
    endloop
  endfacet
  facet normal 0 1 0
    outer loop
      vertex -53.5875 0 10.3209
      vertex -63.0875 0 10.3209
      vertex -63.0032 0 10.7443
    endloop
  endfacet
  facet normal 0 1 0
    outer loop
      vertex -53.4488 0 9.91216
      vertex -63.0875 0 10.3209
      vertex -53.5875 0 10.3209
    endloop
  endfacet
  facet normal 0 1 0
    outer loop
      vertex -53.4488 0 9.91216
      vertex -63.2262 0 9.91216
      vertex -63.0875 0 10.3209
    endloop
  endfacet
  facet normal 0 1 0
    outer loop
      vertex -53.2579 0 9.52501
      vertex -63.2262 0 9.91216
      vertex -53.4488 0 9.91216
    endloop
  endfacet
  facet normal 0 1 0
    outer loop
      vertex -53.2579 0 9.52501
      vertex -63.4171 0 9.52501
      vertex -63.2262 0 9.91216
    endloop
  endfacet
  facet normal 0 1 0
    outer loop
      vertex -53.0181 0 9.16609
      vertex -63.4171 0 9.52501
      vertex -53.2579 0 9.52501
    endloop
  endfacet
  facet normal 0 1 0
    outer loop
      vertex -53.0181 0 9.16609
      vertex -63.6569 0 9.16609
      vertex -63.4171 0 9.52501
    endloop
  endfacet
  facet normal 0 1 0
    outer loop
      vertex -52.7335 0 8.84155
      vertex -63.6569 0 9.16609
      vertex -53.0181 0 9.16609
    endloop
  endfacet
  facet normal 0 1 0
    outer loop
      vertex -52.7335 0 8.84155
      vertex -63.9416 0 8.84155
      vertex -63.6569 0 9.16609
    endloop
  endfacet
  facet normal 0 1 0
    outer loop
      vertex -52.4089 0 8.55695
      vertex -63.9416 0 8.84155
      vertex -52.7335 0 8.84155
    endloop
  endfacet
  facet normal 0 1 0
    outer loop
      vertex -52.4089 0 8.55695
      vertex -64.2661 0 8.55695
      vertex -63.9416 0 8.84155
    endloop
  endfacet
  facet normal 0 1 0
    outer loop
      vertex -52.05 0 8.31712
      vertex -64.2661 0 8.55695
      vertex -52.4089 0 8.55695
    endloop
  endfacet
  facet normal 0 1 0
    outer loop
      vertex -52.05 0 8.31712
      vertex -64.625 0 8.31712
      vertex -64.2661 0 8.55695
    endloop
  endfacet
  facet normal 0 1 0
    outer loop
      vertex -51.6628 0 8.12621
      vertex -64.625 0 8.31712
      vertex -52.05 0 8.31712
    endloop
  endfacet
  facet normal 0 1 0
    outer loop
      vertex -51.6628 0 8.12621
      vertex -65.0122 0 8.12621
      vertex -64.625 0 8.31712
    endloop
  endfacet
  facet normal 0 1 0
    outer loop
      vertex -51.2541 0 7.98746
      vertex -65.0122 0 8.12621
      vertex -51.6628 0 8.12621
    endloop
  endfacet
  facet normal 0 1 0
    outer loop
      vertex -51.2541 0 7.98746
      vertex -65.4209 0 7.98746
      vertex -65.0122 0 8.12621
    endloop
  endfacet
  facet normal 0 1 0
    outer loop
      vertex -50.8307 0 7.90324
      vertex -65.4209 0 7.98746
      vertex -51.2541 0 7.98746
    endloop
  endfacet
  facet normal 0 1 0
    outer loop
      vertex -50.8307 0 7.90324
      vertex -65.8443 0 7.90324
      vertex -65.4209 0 7.98746
    endloop
  endfacet
  facet normal 0 1 0
    outer loop
      vertex -50.4 0 7.875
      vertex -65.8443 0 7.90324
      vertex -50.8307 0 7.90324
    endloop
  endfacet
  facet normal 0 1 0
    outer loop
      vertex -65.8443 0 7.90324
      vertex -50.4 0 7.875
      vertex -66.275 0 7.875
    endloop
  endfacet
  facet normal 0 1 -0
    outer loop
      vertex -38.1307 0 17.8468
      vertex -50.4 0 17.875
      vertex -37.7 0 17.875
    endloop
  endfacet
  facet normal 0 1 0
    outer loop
      vertex -38.1307 0 17.8468
      vertex -49.9693 0 17.8468
      vertex -50.4 0 17.875
    endloop
  endfacet
  facet normal 0 1 -0
    outer loop
      vertex -38.5541 0 17.7625
      vertex -49.9693 0 17.8468
      vertex -38.1307 0 17.8468
    endloop
  endfacet
  facet normal 0 1 0
    outer loop
      vertex -38.5541 0 17.7625
      vertex -49.5459 0 17.7625
      vertex -49.9693 0 17.8468
    endloop
  endfacet
  facet normal 0 1 -0
    outer loop
      vertex -38.9628 0 17.6238
      vertex -49.5459 0 17.7625
      vertex -38.5541 0 17.7625
    endloop
  endfacet
  facet normal 0 1 0
    outer loop
      vertex -38.9628 0 17.6238
      vertex -49.1372 0 17.6238
      vertex -49.5459 0 17.7625
    endloop
  endfacet
  facet normal 0 1 -0
    outer loop
      vertex -39.35 0 17.4329
      vertex -49.1372 0 17.6238
      vertex -38.9628 0 17.6238
    endloop
  endfacet
  facet normal 0 1 0
    outer loop
      vertex -39.35 0 17.4329
      vertex -48.75 0 17.4329
      vertex -49.1372 0 17.6238
    endloop
  endfacet
  facet normal 0 1 -0
    outer loop
      vertex -39.7089 0 17.1931
      vertex -48.75 0 17.4329
      vertex -39.35 0 17.4329
    endloop
  endfacet
  facet normal 0 1 0
    outer loop
      vertex -39.7089 0 17.1931
      vertex -48.3911 0 17.1931
      vertex -48.75 0 17.4329
    endloop
  endfacet
  facet normal 0 1 -0
    outer loop
      vertex -40.0335 0 16.9084
      vertex -48.3911 0 17.1931
      vertex -39.7089 0 17.1931
    endloop
  endfacet
  facet normal 0 1 0
    outer loop
      vertex -40.0335 0 16.9084
      vertex -48.0666 0 16.9084
      vertex -48.3911 0 17.1931
    endloop
  endfacet
  facet normal 0 1 -0
    outer loop
      vertex -40.3181 0 16.5839
      vertex -48.0666 0 16.9084
      vertex -40.0335 0 16.9084
    endloop
  endfacet
  facet normal 0 1 0
    outer loop
      vertex -40.3181 0 16.5839
      vertex -47.7819 0 16.5839
      vertex -48.0666 0 16.9084
    endloop
  endfacet
  facet normal 0 1 -0
    outer loop
      vertex -40.5579 0 16.225
      vertex -47.7819 0 16.5839
      vertex -40.3181 0 16.5839
    endloop
  endfacet
  facet normal 0 1 0
    outer loop
      vertex -40.5579 0 16.225
      vertex -47.5421 0 16.225
      vertex -47.7819 0 16.5839
    endloop
  endfacet
  facet normal 0 1 -0
    outer loop
      vertex -40.7488 0 15.8378
      vertex -47.5421 0 16.225
      vertex -40.5579 0 16.225
    endloop
  endfacet
  facet normal 0 1 0
    outer loop
      vertex -40.7488 0 15.8378
      vertex -47.3512 0 15.8378
      vertex -47.5421 0 16.225
    endloop
  endfacet
  facet normal 0 1 -0
    outer loop
      vertex -40.8875 0 15.4291
      vertex -47.3512 0 15.8378
      vertex -40.7488 0 15.8378
    endloop
  endfacet
  facet normal 0 1 0
    outer loop
      vertex -40.8875 0 15.4291
      vertex -47.2125 0 15.4291
      vertex -47.3512 0 15.8378
    endloop
  endfacet
  facet normal 0 1 -0
    outer loop
      vertex -40.9718 0 15.0057
      vertex -47.2125 0 15.4291
      vertex -40.8875 0 15.4291
    endloop
  endfacet
  facet normal 0 1 0
    outer loop
      vertex -40.9718 0 15.0057
      vertex -47.1282 0 15.0057
      vertex -47.2125 0 15.4291
    endloop
  endfacet
  facet normal 0 1 -0
    outer loop
      vertex -41 0 14.575
      vertex -47.1282 0 15.0057
      vertex -40.9718 0 15.0057
    endloop
  endfacet
  facet normal 0 1 0
    outer loop
      vertex -41 0 14.575
      vertex -47.1 0 14.575
      vertex -47.1282 0 15.0057
    endloop
  endfacet
  facet normal 0 1 -0
    outer loop
      vertex -41 0 11.175
      vertex -47.1 0 14.575
      vertex -41 0 14.575
    endloop
  endfacet
  facet normal 0 1 0
    outer loop
      vertex -41 0 11.175
      vertex -47.1 0 11.175
      vertex -47.1 0 14.575
    endloop
  endfacet
  facet normal 0 1 0
    outer loop
      vertex -40.9718 0 10.7443
      vertex -47.1 0 11.175
      vertex -41 0 11.175
    endloop
  endfacet
  facet normal 0 1 0
    outer loop
      vertex -40.9718 0 10.7443
      vertex -47.1282 0 10.7443
      vertex -47.1 0 11.175
    endloop
  endfacet
  facet normal 0 1 0
    outer loop
      vertex -40.8875 0 10.3209
      vertex -47.1282 0 10.7443
      vertex -40.9718 0 10.7443
    endloop
  endfacet
  facet normal 0 1 0
    outer loop
      vertex -40.8875 0 10.3209
      vertex -47.2125 0 10.3209
      vertex -47.1282 0 10.7443
    endloop
  endfacet
  facet normal 0 1 0
    outer loop
      vertex -40.7488 0 9.91216
      vertex -47.2125 0 10.3209
      vertex -40.8875 0 10.3209
    endloop
  endfacet
  facet normal 0 1 0
    outer loop
      vertex -40.7488 0 9.91216
      vertex -47.3512 0 9.91216
      vertex -47.2125 0 10.3209
    endloop
  endfacet
  facet normal 0 1 0
    outer loop
      vertex -40.5579 0 9.52501
      vertex -47.3512 0 9.91216
      vertex -40.7488 0 9.91216
    endloop
  endfacet
  facet normal 0 1 0
    outer loop
      vertex -40.5579 0 9.52501
      vertex -47.5421 0 9.52501
      vertex -47.3512 0 9.91216
    endloop
  endfacet
  facet normal 0 1 0
    outer loop
      vertex -40.3181 0 9.16609
      vertex -47.5421 0 9.52501
      vertex -40.5579 0 9.52501
    endloop
  endfacet
  facet normal 0 1 0
    outer loop
      vertex -40.3181 0 9.16609
      vertex -47.7819 0 9.16609
      vertex -47.5421 0 9.52501
    endloop
  endfacet
  facet normal 0 1 0
    outer loop
      vertex -40.0335 0 8.84155
      vertex -47.7819 0 9.16609
      vertex -40.3181 0 9.16609
    endloop
  endfacet
  facet normal 0 1 0
    outer loop
      vertex -40.0335 0 8.84155
      vertex -48.0666 0 8.84155
      vertex -47.7819 0 9.16609
    endloop
  endfacet
  facet normal 0 1 0
    outer loop
      vertex -39.7089 0 8.55695
      vertex -48.0666 0 8.84155
      vertex -40.0335 0 8.84155
    endloop
  endfacet
  facet normal 0 1 0
    outer loop
      vertex -39.7089 0 8.55695
      vertex -48.3911 0 8.55695
      vertex -48.0666 0 8.84155
    endloop
  endfacet
  facet normal 0 1 0
    outer loop
      vertex -39.35 0 8.31712
      vertex -48.3911 0 8.55695
      vertex -39.7089 0 8.55695
    endloop
  endfacet
  facet normal 0 1 0
    outer loop
      vertex -39.35 0 8.31712
      vertex -48.75 0 8.31712
      vertex -48.3911 0 8.55695
    endloop
  endfacet
  facet normal 0 1 0
    outer loop
      vertex -38.9628 0 8.12621
      vertex -48.75 0 8.31712
      vertex -39.35 0 8.31712
    endloop
  endfacet
  facet normal 0 1 0
    outer loop
      vertex -38.9628 0 8.12621
      vertex -49.1372 0 8.12621
      vertex -48.75 0 8.31712
    endloop
  endfacet
  facet normal 0 1 0
    outer loop
      vertex -38.5541 0 7.98746
      vertex -49.1372 0 8.12621
      vertex -38.9628 0 8.12621
    endloop
  endfacet
  facet normal 0 1 0
    outer loop
      vertex -38.5541 0 7.98746
      vertex -49.5459 0 7.98746
      vertex -49.1372 0 8.12621
    endloop
  endfacet
  facet normal 0 1 0
    outer loop
      vertex -38.1307 0 7.90324
      vertex -49.5459 0 7.98746
      vertex -38.5541 0 7.98746
    endloop
  endfacet
  facet normal 0 1 0
    outer loop
      vertex -38.1307 0 7.90324
      vertex -49.9693 0 7.90324
      vertex -49.5459 0 7.98746
    endloop
  endfacet
  facet normal 0 1 0
    outer loop
      vertex -37.7 0 7.875
      vertex -49.9693 0 7.90324
      vertex -38.1307 0 7.90324
    endloop
  endfacet
  facet normal 0 1 0
    outer loop
      vertex -49.9693 0 7.90324
      vertex -37.7 0 7.875
      vertex -50.4 0 7.875
    endloop
  endfacet
  facet normal 0 1 0
    outer loop
      vertex -37.2693 0 17.8468
      vertex -3 0 21.625
      vertex -22.2557 0 17.8468
    endloop
  endfacet
  facet normal 0 1 0
    outer loop
      vertex -3 0 21.625
      vertex -37.2693 0 17.8468
      vertex -37.7 0 17.875
    endloop
  endfacet
  facet normal 0 1 -0
    outer loop
      vertex -22.6791 0 17.7625
      vertex -37.2693 0 17.8468
      vertex -22.2557 0 17.8468
    endloop
  endfacet
  facet normal 0 1 0
    outer loop
      vertex -22.6791 0 17.7625
      vertex -36.8459 0 17.7625
      vertex -37.2693 0 17.8468
    endloop
  endfacet
  facet normal 0 1 -0
    outer loop
      vertex -23.0878 0 17.6238
      vertex -36.8459 0 17.7625
      vertex -22.6791 0 17.7625
    endloop
  endfacet
  facet normal 0 1 0
    outer loop
      vertex -23.0878 0 17.6238
      vertex -36.4372 0 17.6238
      vertex -36.8459 0 17.7625
    endloop
  endfacet
  facet normal 0 1 -0
    outer loop
      vertex -23.475 0 17.4329
      vertex -36.4372 0 17.6238
      vertex -23.0878 0 17.6238
    endloop
  endfacet
  facet normal 0 1 0
    outer loop
      vertex -23.475 0 17.4329
      vertex -36.05 0 17.4329
      vertex -36.4372 0 17.6238
    endloop
  endfacet
  facet normal 0 1 -0
    outer loop
      vertex -23.8339 0 17.1931
      vertex -36.05 0 17.4329
      vertex -23.475 0 17.4329
    endloop
  endfacet
  facet normal 0 1 0
    outer loop
      vertex -23.8339 0 17.1931
      vertex -35.6911 0 17.1931
      vertex -36.05 0 17.4329
    endloop
  endfacet
  facet normal 0 1 -0
    outer loop
      vertex -24.1585 0 16.9084
      vertex -35.6911 0 17.1931
      vertex -23.8339 0 17.1931
    endloop
  endfacet
  facet normal 0 1 0
    outer loop
      vertex -24.1585 0 16.9084
      vertex -35.3666 0 16.9084
      vertex -35.6911 0 17.1931
    endloop
  endfacet
  facet normal 0 1 -0
    outer loop
      vertex -24.4431 0 16.5839
      vertex -35.3666 0 16.9084
      vertex -24.1585 0 16.9084
    endloop
  endfacet
  facet normal 0 1 0
    outer loop
      vertex -24.4431 0 16.5839
      vertex -35.0819 0 16.5839
      vertex -35.3666 0 16.9084
    endloop
  endfacet
  facet normal 0 1 -0
    outer loop
      vertex -24.6829 0 16.225
      vertex -35.0819 0 16.5839
      vertex -24.4431 0 16.5839
    endloop
  endfacet
  facet normal 0 1 0
    outer loop
      vertex -24.6829 0 16.225
      vertex -34.8421 0 16.225
      vertex -35.0819 0 16.5839
    endloop
  endfacet
  facet normal 0 1 -0
    outer loop
      vertex -24.8738 0 15.8378
      vertex -34.8421 0 16.225
      vertex -24.6829 0 16.225
    endloop
  endfacet
  facet normal 0 1 0
    outer loop
      vertex -24.8738 0 15.8378
      vertex -34.6512 0 15.8378
      vertex -34.8421 0 16.225
    endloop
  endfacet
  facet normal 0 1 -0
    outer loop
      vertex -25.0125 0 15.4291
      vertex -34.6512 0 15.8378
      vertex -24.8738 0 15.8378
    endloop
  endfacet
  facet normal 0 1 0
    outer loop
      vertex -25.0125 0 15.4291
      vertex -34.5125 0 15.4291
      vertex -34.6512 0 15.8378
    endloop
  endfacet
  facet normal 0 1 -0
    outer loop
      vertex -25.0968 0 15.0057
      vertex -34.5125 0 15.4291
      vertex -25.0125 0 15.4291
    endloop
  endfacet
  facet normal 0 1 0
    outer loop
      vertex -25.0968 0 15.0057
      vertex -34.4282 0 15.0057
      vertex -34.5125 0 15.4291
    endloop
  endfacet
  facet normal 0 1 -0
    outer loop
      vertex -25.125 0 14.575
      vertex -34.4282 0 15.0057
      vertex -25.0968 0 15.0057
    endloop
  endfacet
  facet normal 0 1 0
    outer loop
      vertex -25.125 0 14.575
      vertex -34.4 0 14.575
      vertex -34.4282 0 15.0057
    endloop
  endfacet
  facet normal 0 1 -0
    outer loop
      vertex -25.125 0 11.175
      vertex -34.4 0 14.575
      vertex -25.125 0 14.575
    endloop
  endfacet
  facet normal 0 1 0
    outer loop
      vertex -25.125 0 11.175
      vertex -34.4 0 11.175
      vertex -34.4 0 14.575
    endloop
  endfacet
  facet normal 0 1 0
    outer loop
      vertex -25.0968 0 10.7443
      vertex -34.4 0 11.175
      vertex -25.125 0 11.175
    endloop
  endfacet
  facet normal 0 1 0
    outer loop
      vertex -25.0968 0 10.7443
      vertex -34.4282 0 10.7443
      vertex -34.4 0 11.175
    endloop
  endfacet
  facet normal 0 1 0
    outer loop
      vertex -25.0125 0 10.3209
      vertex -34.4282 0 10.7443
      vertex -25.0968 0 10.7443
    endloop
  endfacet
  facet normal 0 1 0
    outer loop
      vertex -25.0125 0 10.3209
      vertex -34.5125 0 10.3209
      vertex -34.4282 0 10.7443
    endloop
  endfacet
  facet normal 0 1 0
    outer loop
      vertex -24.8738 0 9.91216
      vertex -34.5125 0 10.3209
      vertex -25.0125 0 10.3209
    endloop
  endfacet
  facet normal 0 1 0
    outer loop
      vertex -24.8738 0 9.91216
      vertex -34.6512 0 9.91216
      vertex -34.5125 0 10.3209
    endloop
  endfacet
  facet normal 0 1 0
    outer loop
      vertex -24.6829 0 9.52501
      vertex -34.6512 0 9.91216
      vertex -24.8738 0 9.91216
    endloop
  endfacet
  facet normal 0 1 0
    outer loop
      vertex -24.6829 0 9.52501
      vertex -34.8421 0 9.52501
      vertex -34.6512 0 9.91216
    endloop
  endfacet
  facet normal 0 1 0
    outer loop
      vertex -24.4431 0 9.16609
      vertex -34.8421 0 9.52501
      vertex -24.6829 0 9.52501
    endloop
  endfacet
  facet normal 0 1 0
    outer loop
      vertex -24.4431 0 9.16609
      vertex -35.0819 0 9.16609
      vertex -34.8421 0 9.52501
    endloop
  endfacet
  facet normal 0 1 0
    outer loop
      vertex -24.1585 0 8.84155
      vertex -35.0819 0 9.16609
      vertex -24.4431 0 9.16609
    endloop
  endfacet
  facet normal 0 1 0
    outer loop
      vertex -24.1585 0 8.84155
      vertex -35.3666 0 8.84155
      vertex -35.0819 0 9.16609
    endloop
  endfacet
  facet normal 0 1 0
    outer loop
      vertex -23.8339 0 8.55695
      vertex -35.3666 0 8.84155
      vertex -24.1585 0 8.84155
    endloop
  endfacet
  facet normal 0 1 0
    outer loop
      vertex -23.8339 0 8.55695
      vertex -35.6911 0 8.55695
      vertex -35.3666 0 8.84155
    endloop
  endfacet
  facet normal 0 1 0
    outer loop
      vertex -23.475 0 8.31712
      vertex -35.6911 0 8.55695
      vertex -23.8339 0 8.55695
    endloop
  endfacet
  facet normal 0 1 0
    outer loop
      vertex -23.475 0 8.31712
      vertex -36.05 0 8.31712
      vertex -35.6911 0 8.55695
    endloop
  endfacet
  facet normal 0 1 0
    outer loop
      vertex -23.0878 0 8.12621
      vertex -36.05 0 8.31712
      vertex -23.475 0 8.31712
    endloop
  endfacet
  facet normal 0 1 0
    outer loop
      vertex -23.0878 0 8.12621
      vertex -36.4372 0 8.12621
      vertex -36.05 0 8.31712
    endloop
  endfacet
  facet normal 0 1 0
    outer loop
      vertex -22.6791 0 7.98746
      vertex -36.4372 0 8.12621
      vertex -23.0878 0 8.12621
    endloop
  endfacet
  facet normal 0 1 0
    outer loop
      vertex -22.6791 0 7.98746
      vertex -36.8459 0 7.98746
      vertex -36.4372 0 8.12621
    endloop
  endfacet
  facet normal 0 1 0
    outer loop
      vertex -22.2557 0 7.90324
      vertex -36.8459 0 7.98746
      vertex -22.6791 0 7.98746
    endloop
  endfacet
  facet normal 0 1 0
    outer loop
      vertex -22.2557 0 7.90324
      vertex -37.2693 0 7.90324
      vertex -36.8459 0 7.98746
    endloop
  endfacet
  facet normal 0 1 0
    outer loop
      vertex -21.825 0 7.875
      vertex -37.2693 0 7.90324
      vertex -22.2557 0 7.90324
    endloop
  endfacet
  facet normal 0 1 0
    outer loop
      vertex -37.2693 0 7.90324
      vertex -21.825 0 7.875
      vertex -37.7 0 7.875
    endloop
  endfacet
  facet normal 0 1 0
    outer loop
      vertex -6.8041 0 17.7625
      vertex -3 0 21.625
      vertex -6.38072 0 17.8468
    endloop
  endfacet
  facet normal 0 1 0
    outer loop
      vertex -3 0 21.625
      vertex -21.3943 0 17.8468
      vertex -21.825 0 17.875
    endloop
  endfacet
  facet normal 0 1 0
    outer loop
      vertex -7.21285 0 17.6238
      vertex -3 0 21.625
      vertex -6.8041 0 17.7625
    endloop
  endfacet
  facet normal 0 1 0
    outer loop
      vertex -3 0 21.625
      vertex -20.9709 0 17.7625
      vertex -21.3943 0 17.8468
    endloop
  endfacet
  facet normal 0 1 0
    outer loop
      vertex -7.59999 0 17.4329
      vertex -3 0 21.625
      vertex -7.21285 0 17.6238
    endloop
  endfacet
  facet normal 0 1 0
    outer loop
      vertex -3 0 21.625
      vertex -20.5622 0 17.6238
      vertex -20.9709 0 17.7625
    endloop
  endfacet
  facet normal 0 1 0
    outer loop
      vertex -20.175 0 17.4329
      vertex -3 0 21.625
      vertex -7.59999 0 17.4329
    endloop
  endfacet
  facet normal 0 1 0
    outer loop
      vertex -3 0 21.625
      vertex -20.175 0 17.4329
      vertex -20.5622 0 17.6238
    endloop
  endfacet
  facet normal 0 1 -0
    outer loop
      vertex -7.95891 0 17.1931
      vertex -20.175 0 17.4329
      vertex -7.59999 0 17.4329
    endloop
  endfacet
  facet normal 0 1 0
    outer loop
      vertex -7.95891 0 17.1931
      vertex -19.8161 0 17.1931
      vertex -20.175 0 17.4329
    endloop
  endfacet
  facet normal 0 1 -0
    outer loop
      vertex -8.28345 0 16.9084
      vertex -19.8161 0 17.1931
      vertex -7.95891 0 17.1931
    endloop
  endfacet
  facet normal 0 1 0
    outer loop
      vertex -8.28345 0 16.9084
      vertex -19.4916 0 16.9084
      vertex -19.8161 0 17.1931
    endloop
  endfacet
  facet normal 0 1 -0
    outer loop
      vertex -8.56806 0 16.5839
      vertex -19.4916 0 16.9084
      vertex -8.28345 0 16.9084
    endloop
  endfacet
  facet normal 0 1 0
    outer loop
      vertex -8.56806 0 16.5839
      vertex -19.2069 0 16.5839
      vertex -19.4916 0 16.9084
    endloop
  endfacet
  facet normal 0 1 -0
    outer loop
      vertex -8.80788 0 16.225
      vertex -19.2069 0 16.5839
      vertex -8.56806 0 16.5839
    endloop
  endfacet
  facet normal 0 1 0
    outer loop
      vertex -8.80788 0 16.225
      vertex -18.9671 0 16.225
      vertex -19.2069 0 16.5839
    endloop
  endfacet
  facet normal 0 1 -0
    outer loop
      vertex -8.9988 0 15.8378
      vertex -18.9671 0 16.225
      vertex -8.80788 0 16.225
    endloop
  endfacet
  facet normal 0 1 0
    outer loop
      vertex -8.9988 0 15.8378
      vertex -18.7762 0 15.8378
      vertex -18.9671 0 16.225
    endloop
  endfacet
  facet normal 0 1 -0
    outer loop
      vertex -9.13755 0 15.4291
      vertex -18.7762 0 15.8378
      vertex -8.9988 0 15.8378
    endloop
  endfacet
  facet normal 0 1 0
    outer loop
      vertex -9.13755 0 15.4291
      vertex -18.6375 0 15.4291
      vertex -18.7762 0 15.8378
    endloop
  endfacet
  facet normal 0 1 -0
    outer loop
      vertex -9.22176 0 15.0057
      vertex -18.6375 0 15.4291
      vertex -9.13755 0 15.4291
    endloop
  endfacet
  facet normal 0 1 0
    outer loop
      vertex -9.22176 0 15.0057
      vertex -18.5532 0 15.0057
      vertex -18.6375 0 15.4291
    endloop
  endfacet
  facet normal 0 1 -0
    outer loop
      vertex -9.24999 0 14.575
      vertex -18.5532 0 15.0057
      vertex -9.22176 0 15.0057
    endloop
  endfacet
  facet normal 0 1 0
    outer loop
      vertex -9.24999 0 14.575
      vertex -18.525 0 14.575
      vertex -18.5532 0 15.0057
    endloop
  endfacet
  facet normal 0 1 -0
    outer loop
      vertex -9.24999 0 11.175
      vertex -18.525 0 14.575
      vertex -9.24999 0 14.575
    endloop
  endfacet
  facet normal 0 1 0
    outer loop
      vertex -9.24999 0 11.175
      vertex -18.525 0 11.175
      vertex -18.525 0 14.575
    endloop
  endfacet
  facet normal 0 1 0
    outer loop
      vertex -9.22176 0 10.7443
      vertex -18.525 0 11.175
      vertex -9.24999 0 11.175
    endloop
  endfacet
  facet normal 0 1 0
    outer loop
      vertex -9.22176 0 10.7443
      vertex -18.5532 0 10.7443
      vertex -18.525 0 11.175
    endloop
  endfacet
  facet normal 0 1 0
    outer loop
      vertex -9.13755 0 10.3209
      vertex -18.5532 0 10.7443
      vertex -9.22176 0 10.7443
    endloop
  endfacet
  facet normal 0 1 0
    outer loop
      vertex -9.13755 0 10.3209
      vertex -18.6375 0 10.3209
      vertex -18.5532 0 10.7443
    endloop
  endfacet
  facet normal 0 1 0
    outer loop
      vertex -8.9988 0 9.91216
      vertex -18.6375 0 10.3209
      vertex -9.13755 0 10.3209
    endloop
  endfacet
  facet normal 0 1 0
    outer loop
      vertex -8.9988 0 9.91216
      vertex -18.7762 0 9.91216
      vertex -18.6375 0 10.3209
    endloop
  endfacet
  facet normal 0 1 0
    outer loop
      vertex -8.80788 0 9.52501
      vertex -18.7762 0 9.91216
      vertex -8.9988 0 9.91216
    endloop
  endfacet
  facet normal 0 1 0
    outer loop
      vertex -8.80788 0 9.52501
      vertex -18.9671 0 9.52501
      vertex -18.7762 0 9.91216
    endloop
  endfacet
  facet normal 0 1 0
    outer loop
      vertex -8.56806 0 9.16609
      vertex -18.9671 0 9.52501
      vertex -8.80788 0 9.52501
    endloop
  endfacet
  facet normal 0 1 0
    outer loop
      vertex -8.56806 0 9.16609
      vertex -19.2069 0 9.16609
      vertex -18.9671 0 9.52501
    endloop
  endfacet
  facet normal 0 1 0
    outer loop
      vertex -8.28345 0 8.84155
      vertex -19.2069 0 9.16609
      vertex -8.56806 0 9.16609
    endloop
  endfacet
  facet normal 0 1 0
    outer loop
      vertex -8.28345 0 8.84155
      vertex -19.4916 0 8.84155
      vertex -19.2069 0 9.16609
    endloop
  endfacet
  facet normal 0 1 0
    outer loop
      vertex -7.95891 0 8.55695
      vertex -19.4916 0 8.84155
      vertex -8.28345 0 8.84155
    endloop
  endfacet
  facet normal 0 1 0
    outer loop
      vertex -7.95891 0 8.55695
      vertex -19.8161 0 8.55695
      vertex -19.4916 0 8.84155
    endloop
  endfacet
  facet normal 0 1 0
    outer loop
      vertex -7.59999 0 8.31712
      vertex -19.8161 0 8.55695
      vertex -7.95891 0 8.55695
    endloop
  endfacet
  facet normal 0 1 0
    outer loop
      vertex -7.59999 0 8.31712
      vertex -20.175 0 8.31712
      vertex -19.8161 0 8.55695
    endloop
  endfacet
  facet normal 0 1 0
    outer loop
      vertex -7.21285 0 8.12621
      vertex -20.175 0 8.31712
      vertex -7.59999 0 8.31712
    endloop
  endfacet
  facet normal 0 1 0
    outer loop
      vertex -7.21285 0 8.12621
      vertex -20.5622 0 8.12621
      vertex -20.175 0 8.31712
    endloop
  endfacet
  facet normal 0 1 0
    outer loop
      vertex -6.8041 0 7.98746
      vertex -20.5622 0 8.12621
      vertex -7.21285 0 8.12621
    endloop
  endfacet
  facet normal 0 1 0
    outer loop
      vertex -6.8041 0 7.98746
      vertex -20.9709 0 7.98746
      vertex -20.5622 0 8.12621
    endloop
  endfacet
  facet normal 0 1 0
    outer loop
      vertex 0 0 5
      vertex -6.8041 0 7.98746
      vertex -6.38072 0 7.90324
    endloop
  endfacet
  facet normal 0 1 0
    outer loop
      vertex -6.8041 0 7.98746
      vertex 0 0 5
      vertex -20.9709 0 7.98746
    endloop
  endfacet
  facet normal 0 1 0
    outer loop
      vertex 0 0 5
      vertex -6.38072 0 7.90324
      vertex -5.95 0 7.875
    endloop
  endfacet
  facet normal 0 1 0
    outer loop
      vertex -20.9709 0 7.98746
      vertex 0 0 5
      vertex -21.3943 0 7.90324
    endloop
  endfacet
  facet normal 0 1 0
    outer loop
      vertex -3.94109 0 17.1931
      vertex -3 0 21.625
      vertex 0 0 18.625
    endloop
  endfacet
  facet normal 0 1 0
    outer loop
      vertex -82.15 0 17.875
      vertex -3 0 21.625
      vertex -66.275 0 17.875
    endloop
  endfacet
  facet normal 0 1 0
    outer loop
      vertex -6.38072 0 17.8468
      vertex -3 0 21.625
      vertex -5.95 0 17.875
    endloop
  endfacet
  facet normal 0 1 0
    outer loop
      vertex -3 0 21.625
      vertex -5.51927 0 17.8468
      vertex -5.95 0 17.875
    endloop
  endfacet
  facet normal 0 1 0
    outer loop
      vertex -3 0 21.625
      vertex -5.0959 0 17.7625
      vertex -5.51927 0 17.8468
    endloop
  endfacet
  facet normal 0 1 0
    outer loop
      vertex -3 0 21.625
      vertex -4.68715 0 17.6238
      vertex -5.0959 0 17.7625
    endloop
  endfacet
  facet normal 0 1 0
    outer loop
      vertex -3 0 21.625
      vertex -4.30001 0 17.4329
      vertex -4.68715 0 17.6238
    endloop
  endfacet
  facet normal 0 1 0
    outer loop
      vertex -3 0 21.625
      vertex -3.94109 0 17.1931
      vertex -4.30001 0 17.4329
    endloop
  endfacet
  facet normal 0 1 0
    outer loop
      vertex 0 0 18.625
      vertex -3.61655 0 16.9084
      vertex -3.94109 0 17.1931
    endloop
  endfacet
  facet normal 0 1 0
    outer loop
      vertex 0 0 18.625
      vertex -3.33194 0 16.5839
      vertex -3.61655 0 16.9084
    endloop
  endfacet
  facet normal 0 1 0
    outer loop
      vertex 0 0 18.625
      vertex -3.09212 0 16.225
      vertex -3.33194 0 16.5839
    endloop
  endfacet
  facet normal 0 1 0
    outer loop
      vertex 0 0 18.625
      vertex -2.9012 0 15.8378
      vertex -3.09212 0 16.225
    endloop
  endfacet
  facet normal 0 1 0
    outer loop
      vertex 0 0 18.625
      vertex -2.76245 0 15.4291
      vertex -2.9012 0 15.8378
    endloop
  endfacet
  facet normal 0 1 0
    outer loop
      vertex 0 0 18.625
      vertex -2.67824 0 15.0057
      vertex -2.76245 0 15.4291
    endloop
  endfacet
  facet normal 0 1 0
    outer loop
      vertex 0 0 18.625
      vertex -2.65001 0 14.575
      vertex -2.67824 0 15.0057
    endloop
  endfacet
  facet normal 0 1 0
    outer loop
      vertex 0 0 18.625
      vertex -2.65001 0 11.175
      vertex -2.65001 0 14.575
    endloop
  endfacet
  facet normal 0 1 -0
    outer loop
      vertex 0 0 5
      vertex -2.65001 0 11.175
      vertex 0 0 18.625
    endloop
  endfacet
  facet normal 0 1 0
    outer loop
      vertex -2.65001 0 11.175
      vertex 0 0 5
      vertex -2.67824 0 10.7443
    endloop
  endfacet
  facet normal 0 1 0
    outer loop
      vertex -21.3943 0 7.90324
      vertex 0 0 5
      vertex -21.825 0 7.875
    endloop
  endfacet
  facet normal 0 1 0
    outer loop
      vertex -21.825 0 7.875
      vertex 0 0 5
      vertex -37.7 0 7.875
    endloop
  endfacet
  facet normal 0 1 0
    outer loop
      vertex -37.7 0 7.875
      vertex 0 0 5
      vertex -50.4 0 7.875
    endloop
  endfacet
  facet normal 0 1 0
    outer loop
      vertex -50.4 0 7.875
      vertex 0 0 5
      vertex -66.275 0 7.875
    endloop
  endfacet
  facet normal 0 1 0
    outer loop
      vertex -66.275 0 7.875
      vertex 0 0 5
      vertex -82.15 0 7.875
    endloop
  endfacet
  facet normal 0 1 0
    outer loop
      vertex -82.15 0 7.875
      vertex 0 0 5
      vertex -94.85 0 7.875
    endloop
  endfacet
  facet normal 0 1 0
    outer loop
      vertex -94.85 0 7.875
      vertex 0 0 5
      vertex -110.725 0 7.875
    endloop
  endfacet
  facet normal 0 1 0
    outer loop
      vertex -110.725 0 7.875
      vertex 0 0 5
      vertex -126.6 0 7.875
    endloop
  endfacet
  facet normal 0 1 0
    outer loop
      vertex -214.322 0 5
      vertex -126.6 0 7.875
      vertex 0 0 5
    endloop
  endfacet
  facet normal 0 1 0
    outer loop
      vertex -126.6 0 7.875
      vertex -214.322 0 5
      vertex -139.3 0 7.875
    endloop
  endfacet
  facet normal 0 1 0
    outer loop
      vertex -139.3 0 7.875
      vertex -214.322 0 5
      vertex -155.175 0 7.875
    endloop
  endfacet
  facet normal 0 1 0
    outer loop
      vertex -155.175 0 7.875
      vertex -214.322 0 5
      vertex -171.05 0 7.875
    endloop
  endfacet
  facet normal 0 1 0
    outer loop
      vertex -171.05 0 7.875
      vertex -214.322 0 5
      vertex -183.75 0 7.875
    endloop
  endfacet
  facet normal 0 1 0
    outer loop
      vertex -215.069 0 7.90324
      vertex -214.312 0 5.01
      vertex -215.5 0 7.875
    endloop
  endfacet
  facet normal 0 1 0
    outer loop
      vertex -2.67824 0 10.7443
      vertex 0 0 5
      vertex -2.76245 0 10.3209
    endloop
  endfacet
  facet normal 0 1 0
    outer loop
      vertex 0 0 5
      vertex -2.9012 0 9.91216
      vertex -2.76245 0 10.3209
    endloop
  endfacet
  facet normal 0 1 0
    outer loop
      vertex 0 0 5
      vertex -3.09212 0 9.52501
      vertex -2.9012 0 9.91216
    endloop
  endfacet
  facet normal 0 1 0
    outer loop
      vertex 0 0 5
      vertex -3.33194 0 9.16609
      vertex -3.09212 0 9.52501
    endloop
  endfacet
  facet normal 0 1 0
    outer loop
      vertex 0 0 5
      vertex -3.61655 0 8.84155
      vertex -3.33194 0 9.16609
    endloop
  endfacet
  facet normal 0 1 0
    outer loop
      vertex 0 0 5
      vertex -3.94109 0 8.55695
      vertex -3.61655 0 8.84155
    endloop
  endfacet
  facet normal 0 1 0
    outer loop
      vertex 0 0 5
      vertex -4.30001 0 8.31712
      vertex -3.94109 0 8.55695
    endloop
  endfacet
  facet normal 0 1 0
    outer loop
      vertex 0 0 5
      vertex -4.68715 0 8.12621
      vertex -4.30001 0 8.31712
    endloop
  endfacet
  facet normal 0 1 0
    outer loop
      vertex 0 0 5
      vertex -5.0959 0 7.98746
      vertex -4.68715 0 8.12621
    endloop
  endfacet
  facet normal 0 1 0
    outer loop
      vertex 0 0 5
      vertex -5.51927 0 7.90324
      vertex -5.0959 0 7.98746
    endloop
  endfacet
  facet normal 0 1 0
    outer loop
      vertex 0 0 5
      vertex -5.95 0 7.875
      vertex -5.51927 0 7.90324
    endloop
  endfacet
  facet normal 0 1 0
    outer loop
      vertex -199.194 0 7.90324
      vertex -214.322 0 5
      vertex -199.625 0 7.875
    endloop
  endfacet
  facet normal 0 1 0
    outer loop
      vertex -200.479 0 7.98746
      vertex -214.322 0 5
      vertex -214.312 0 5.01
    endloop
  endfacet
  facet normal 0 1 0
    outer loop
      vertex -22.2557 0 17.8468
      vertex -3 0 21.625
      vertex -21.825 0 17.875
    endloop
  endfacet
  facet normal 0 1 0
    outer loop
      vertex -3 0 21.625
      vertex -37.7 0 17.875
      vertex -50.4 0 17.875
    endloop
  endfacet
  facet normal 0 1 0
    outer loop
      vertex -3 0 21.625
      vertex -50.4 0 17.875
      vertex -66.275 0 17.875
    endloop
  endfacet
  facet normal 0 1 0
    outer loop
      vertex -94.85 0 17.875
      vertex -3 0 21.625
      vertex -82.15 0 17.875
    endloop
  endfacet
  facet normal 0 1 0
    outer loop
      vertex -3 0 21.625
      vertex -94.85 0 17.875
      vertex -218.45 0 21.625
    endloop
  endfacet
  facet normal 0 1 -0
    outer loop
      vertex -110.725 0 17.875
      vertex -218.45 0 21.625
      vertex -94.85 0 17.875
    endloop
  endfacet
  facet normal 0 1 -0
    outer loop
      vertex -126.6 0 17.875
      vertex -218.45 0 21.625
      vertex -110.725 0 17.875
    endloop
  endfacet
  facet normal 0 1 -0
    outer loop
      vertex -139.3 0 17.875
      vertex -218.45 0 21.625
      vertex -126.6 0 17.875
    endloop
  endfacet
  facet normal 0 1 -0
    outer loop
      vertex -155.175 0 17.875
      vertex -218.45 0 21.625
      vertex -139.3 0 17.875
    endloop
  endfacet
  facet normal 0 1 -0
    outer loop
      vertex -171.05 0 17.875
      vertex -218.45 0 21.625
      vertex -155.175 0 17.875
    endloop
  endfacet
  facet normal 0 1 -0
    outer loop
      vertex -183.75 0 17.875
      vertex -218.45 0 21.625
      vertex -171.05 0 17.875
    endloop
  endfacet
  facet normal 0 1 -0
    outer loop
      vertex -184.181 0 17.8468
      vertex -218.45 0 21.625
      vertex -183.75 0 17.875
    endloop
  endfacet
  facet normal 0 1 -0
    outer loop
      vertex -200.056 0 17.8468
      vertex -218.45 0 21.625
      vertex -199.625 0 17.875
    endloop
  endfacet
  facet normal 0 1 -0
    outer loop
      vertex -215.931 0 17.8468
      vertex -218.45 0 21.625
      vertex -215.5 0 17.875
    endloop
  endfacet
  facet normal 0 1 -0
    outer loop
      vertex -216.354 0 17.7625
      vertex -218.45 0 21.625
      vertex -215.931 0 17.8468
    endloop
  endfacet
  facet normal 0 1 -0
    outer loop
      vertex -216.763 0 17.6238
      vertex -218.45 0 21.625
      vertex -216.354 0 17.7625
    endloop
  endfacet
  facet normal 0 1 -0
    outer loop
      vertex -217.15 0 17.4329
      vertex -218.45 0 21.625
      vertex -216.763 0 17.6238
    endloop
  endfacet
  facet normal 0 1 -0
    outer loop
      vertex -217.509 0 17.1931
      vertex -218.45 0 21.625
      vertex -217.15 0 17.4329
    endloop
  endfacet
  facet normal 0 1 0
    outer loop
      vertex -218.45 0 21.625
      vertex -217.509 0 17.1931
      vertex -221.45 0 18.625
    endloop
  endfacet
  facet normal 0 1 -0
    outer loop
      vertex -217.833 0 16.9084
      vertex -221.45 0 18.625
      vertex -217.509 0 17.1931
    endloop
  endfacet
  facet normal 0 1 -0
    outer loop
      vertex -218.118 0 16.5839
      vertex -221.45 0 18.625
      vertex -217.833 0 16.9084
    endloop
  endfacet
  facet normal 0 1 -0
    outer loop
      vertex -218.358 0 16.225
      vertex -221.45 0 18.625
      vertex -218.118 0 16.5839
    endloop
  endfacet
  facet normal 0 1 -0
    outer loop
      vertex -218.549 0 15.8378
      vertex -221.45 0 18.625
      vertex -218.358 0 16.225
    endloop
  endfacet
  facet normal 0 1 -0
    outer loop
      vertex -218.688 0 15.4291
      vertex -221.45 0 18.625
      vertex -218.549 0 15.8378
    endloop
  endfacet
  facet normal 0 1 -0
    outer loop
      vertex -218.772 0 15.0057
      vertex -221.45 0 18.625
      vertex -218.688 0 15.4291
    endloop
  endfacet
  facet normal 0 1 -0
    outer loop
      vertex -218.8 0 14.575
      vertex -221.45 0 18.625
      vertex -218.772 0 15.0057
    endloop
  endfacet
  facet normal 0 1 -0
    outer loop
      vertex -218.8 0 11.175
      vertex -221.45 0 18.625
      vertex -218.8 0 14.575
    endloop
  endfacet
  facet normal 0 1 0
    outer loop
      vertex -221.45 0 5
      vertex -218.8 0 11.175
      vertex -218.772 0 10.7443
    endloop
  endfacet
  facet normal 0 1 0
    outer loop
      vertex -221.45 0 5
      vertex -218.772 0 10.7443
      vertex -218.688 0 10.3209
    endloop
  endfacet
  facet normal 0 1 0
    outer loop
      vertex -214.312 0 5.01
      vertex -215.931 0 7.90324
      vertex -215.5 0 7.875
    endloop
  endfacet
  facet normal 0 1 0
    outer loop
      vertex -214.312 0 5.01
      vertex -216.354 0 7.98746
      vertex -215.931 0 7.90324
    endloop
  endfacet
  facet normal 0 1 0
    outer loop
      vertex -220.588 0 5.01
      vertex -216.354 0 7.98746
      vertex -214.312 0 5.01
    endloop
  endfacet
  facet normal 0 1 0
    outer loop
      vertex -216.354 0 7.98746
      vertex -220.588 0 5.01
      vertex -216.763 0 8.12621
    endloop
  endfacet
  facet normal 0 1 0
    outer loop
      vertex -216.763 0 8.12621
      vertex -220.588 0 5.01
      vertex -217.15 0 8.31712
    endloop
  endfacet
  facet normal 0 1 0
    outer loop
      vertex -217.15 0 8.31712
      vertex -220.588 0 5.01
      vertex -217.509 0 8.55695
    endloop
  endfacet
  facet normal 0 1 0
    outer loop
      vertex -217.509 0 8.55695
      vertex -220.588 0 5.01
      vertex -217.833 0 8.84155
    endloop
  endfacet
  facet normal 0 1 0
    outer loop
      vertex -220.588 0 5.01
      vertex -218.118 0 9.16609
      vertex -217.833 0 8.84155
    endloop
  endfacet
  facet normal 0 1 0
    outer loop
      vertex -220.588 0 5.01
      vertex -218.358 0 9.52501
      vertex -218.118 0 9.16609
    endloop
  endfacet
  facet normal 0 1 0
    outer loop
      vertex -221.45 0 5
      vertex -218.358 0 9.52501
      vertex -220.588 0 5.01
    endloop
  endfacet
  facet normal 0 1 0
    outer loop
      vertex -218.358 0 9.52501
      vertex -221.45 0 5
      vertex -218.549 0 9.91216
    endloop
  endfacet
  facet normal 0 1 0
    outer loop
      vertex -218.549 0 9.91216
      vertex -221.45 0 5
      vertex -218.688 0 10.3209
    endloop
  endfacet
  facet normal 0 1 0
    outer loop
      vertex -218.8 0 11.175
      vertex -221.45 0 5
      vertex -221.45 0 18.625
    endloop
  endfacet
  facet normal 0 1 0
    outer loop
      vertex -221.45 0 5
      vertex -220.588 0 5.01
      vertex -220.578 0 5
    endloop
  endfacet
  facet normal 0 0 0
    outer loop
      vertex -221.45 0 18.625
      vertex -221.45 0 5
      vertex -221.45 0 0
    endloop
  endfacet
  facet normal -0.0654227 0 0.997858
    outer loop
      vertex -5.95 0 7.875
      vertex -5.51927 -5 7.90324
      vertex -5.51927 0 7.90324
    endloop
  endfacet
  facet normal -0.0654227 0 0.997858
    outer loop
      vertex -5.51927 -5 7.90324
      vertex -5.95 0 7.875
      vertex -5.95 -5 7.875
    endloop
  endfacet
  facet normal 0.659328 0 0.751856
    outer loop
      vertex -8.28345 0 8.84155
      vertex -7.95891 -5 8.55695
      vertex -7.95891 0 8.55695
    endloop
  endfacet
  facet normal 0.659328 0 0.751856
    outer loop
      vertex -7.95891 -5 8.55695
      vertex -8.28345 0 8.84155
      vertex -8.28345 -5 8.84155
    endloop
  endfacet
  facet normal -0.442258 0 -0.896888
    outer loop
      vertex -4.68715 -5 17.6238
      vertex -4.30001 0 17.4329
      vertex -4.30001 -5 17.4329
    endloop
  endfacet
  facet normal -0.442258 0 -0.896888
    outer loop
      vertex -4.30001 0 17.4329
      vertex -4.68715 -5 17.6238
      vertex -4.68715 0 17.6238
    endloop
  endfacet
  facet normal -0.831472 0 0.555566
    outer loop
      vertex -3.33194 -5 9.16609
      vertex -3.09212 0 9.52501
      vertex -3.33194 0 9.16609
    endloop
  endfacet
  facet normal -0.831472 0 0.555566
    outer loop
      vertex -3.09212 0 9.52501
      vertex -3.33194 -5 9.16609
      vertex -3.09212 -5 9.52501
    endloop
  endfacet
  facet normal 0.896897 0 -0.44224
    outer loop
      vertex -8.80788 -5 16.225
      vertex -8.9988 0 15.8378
      vertex -8.80788 0 16.225
    endloop
  endfacet
  facet normal 0.896897 0 -0.44224
    outer loop
      vertex -8.9988 0 15.8378
      vertex -8.80788 -5 16.225
      vertex -8.9988 -5 15.8378
    endloop
  endfacet
  facet normal -0.896897 0 -0.44224
    outer loop
      vertex -2.9012 -5 15.8378
      vertex -3.09212 0 16.225
      vertex -2.9012 0 15.8378
    endloop
  endfacet
  facet normal -0.896897 -0 -0.44224
    outer loop
      vertex -3.09212 0 16.225
      vertex -2.9012 -5 15.8378
      vertex -3.09212 -5 16.225
    endloop
  endfacet
  facet normal -0.997859 0 -0.0654041
    outer loop
      vertex -2.65001 -5 14.575
      vertex -2.67824 0 15.0057
      vertex -2.65001 0 14.575
    endloop
  endfacet
  facet normal -0.997859 -0 -0.0654041
    outer loop
      vertex -2.67824 0 15.0057
      vertex -2.65001 -5 14.575
      vertex -2.67824 -5 15.0057
    endloop
  endfacet
  facet normal -0.0653304 0 -0.997864
    outer loop
      vertex -5.95 -5 17.875
      vertex -5.51927 0 17.8468
      vertex -5.51927 -5 17.8468
    endloop
  endfacet
  facet normal -0.0653304 0 -0.997864
    outer loop
      vertex -5.51927 0 17.8468
      vertex -5.95 -5 17.875
      vertex -5.95 0 17.875
    endloop
  endfacet
  facet normal 0.831458 0 -0.555587
    outer loop
      vertex -8.56806 -5 16.5839
      vertex -8.80788 0 16.225
      vertex -8.56806 0 16.5839
    endloop
  endfacet
  facet normal 0.831458 0 -0.555587
    outer loop
      vertex -8.80788 0 16.225
      vertex -8.56806 -5 16.5839
      vertex -8.80788 -5 16.225
    endloop
  endfacet
  facet normal -0.555582 0 0.831462
    outer loop
      vertex -4.30001 0 8.31712
      vertex -3.94109 -5 8.55695
      vertex -3.94109 0 8.55695
    endloop
  endfacet
  facet normal -0.555582 0 0.831462
    outer loop
      vertex -3.94109 -5 8.55695
      vertex -4.30001 0 8.31712
      vertex -4.30001 -5 8.31712
    endloop
  endfacet
  facet normal 1 -0 0
    outer loop
      vertex -9.24999 -5 14.575
      vertex -9.24999 0 11.175
      vertex -9.24999 0 14.575
    endloop
  endfacet
  facet normal 1 0 0
    outer loop
      vertex -9.24999 0 11.175
      vertex -9.24999 -5 14.575
      vertex -9.24999 -5 11.175
    endloop
  endfacet
  facet normal 0.321332 0 -0.946967
    outer loop
      vertex -7.21285 -5 17.6238
      vertex -6.8041 0 17.7625
      vertex -6.8041 -5 17.7625
    endloop
  endfacet
  facet normal 0.321332 0 -0.946967
    outer loop
      vertex -6.8041 0 17.7625
      vertex -7.21285 -5 17.6238
      vertex -7.21285 0 17.6238
    endloop
  endfacet
  facet normal -0.94692 0 -0.321471
    outer loop
      vertex -2.76245 -5 15.4291
      vertex -2.9012 0 15.8378
      vertex -2.76245 0 15.4291
    endloop
  endfacet
  facet normal -0.94692 -0 -0.321471
    outer loop
      vertex -2.9012 0 15.8378
      vertex -2.76245 -5 15.4291
      vertex -2.9012 -5 15.8378
    endloop
  endfacet
  facet normal 0.442258 0 -0.896888
    outer loop
      vertex -7.59999 -5 17.4329
      vertex -7.21285 0 17.6238
      vertex -7.21285 -5 17.6238
    endloop
  endfacet
  facet normal 0.442258 0 -0.896888
    outer loop
      vertex -7.21285 0 17.6238
      vertex -7.59999 -5 17.4329
      vertex -7.59999 0 17.4329
    endloop
  endfacet
  facet normal 0.980789 -0 0.195069
    outer loop
      vertex -9.22176 -5 10.7443
      vertex -9.13755 0 10.3209
      vertex -9.22176 0 10.7443
    endloop
  endfacet
  facet normal 0.980789 0 0.195069
    outer loop
      vertex -9.13755 0 10.3209
      vertex -9.22176 -5 10.7443
      vertex -9.13755 -5 10.3209
    endloop
  endfacet
  facet normal -0.555534 0 -0.831494
    outer loop
      vertex -4.30001 -5 17.4329
      vertex -3.94109 0 17.1931
      vertex -3.94109 -5 17.1931
    endloop
  endfacet
  facet normal -0.555534 0 -0.831494
    outer loop
      vertex -3.94109 0 17.1931
      vertex -4.30001 -5 17.4329
      vertex -4.30001 0 17.4329
    endloop
  endfacet
  facet normal 0.195279 0 -0.980748
    outer loop
      vertex -6.8041 -5 17.7625
      vertex -6.38072 0 17.8468
      vertex -6.38072 -5 17.8468
    endloop
  endfacet
  facet normal 0.195279 0 -0.980748
    outer loop
      vertex -6.38072 0 17.8468
      vertex -6.8041 -5 17.7625
      vertex -6.8041 0 17.7625
    endloop
  endfacet
  facet normal 0.896874 -0 0.442286
    outer loop
      vertex -8.9988 -5 9.91216
      vertex -8.80788 0 9.52501
      vertex -8.9988 0 9.91216
    endloop
  endfacet
  facet normal 0.896874 0 0.442286
    outer loop
      vertex -8.80788 0 9.52501
      vertex -8.9988 -5 9.91216
      vertex -8.80788 -5 9.52501
    endloop
  endfacet
  facet normal -0.321435 0 0.946931
    outer loop
      vertex -5.0959 0 7.98746
      vertex -4.68715 -5 8.12621
      vertex -4.68715 0 8.12621
    endloop
  endfacet
  facet normal -0.321435 0 0.946931
    outer loop
      vertex -4.68715 -5 8.12621
      vertex -5.0959 0 7.98746
      vertex -5.0959 -5 7.98746
    endloop
  endfacet
  facet normal 0.555534 0 -0.831494
    outer loop
      vertex -7.95891 -5 17.1931
      vertex -7.59999 0 17.4329
      vertex -7.59999 -5 17.4329
    endloop
  endfacet
  facet normal 0.555534 0 -0.831494
    outer loop
      vertex -7.59999 0 17.4329
      vertex -7.95891 -5 17.1931
      vertex -7.95891 0 17.1931
    endloop
  endfacet
  facet normal -0.980789 0 0.195069
    outer loop
      vertex -2.76245 -5 10.3209
      vertex -2.67824 0 10.7443
      vertex -2.76245 0 10.3209
    endloop
  endfacet
  facet normal -0.980789 0 0.195069
    outer loop
      vertex -2.67824 0 10.7443
      vertex -2.76245 -5 10.3209
      vertex -2.67824 -5 10.7443
    endloop
  endfacet
  facet normal -1 0 0
    outer loop
      vertex -2.65001 -5 11.175
      vertex -2.65001 0 14.575
      vertex -2.65001 0 11.175
    endloop
  endfacet
  facet normal -1 -0 0
    outer loop
      vertex -2.65001 0 14.575
      vertex -2.65001 -5 11.175
      vertex -2.65001 -5 14.575
    endloop
  endfacet
  facet normal 0.555582 0 0.831462
    outer loop
      vertex -7.95891 0 8.55695
      vertex -7.59999 -5 8.31712
      vertex -7.59999 0 8.31712
    endloop
  endfacet
  facet normal 0.555582 0 0.831462
    outer loop
      vertex -7.59999 -5 8.31712
      vertex -7.95891 0 8.55695
      vertex -7.95891 -5 8.55695
    endloop
  endfacet
  facet normal 0.980789 0 -0.195069
    outer loop
      vertex -9.13755 -5 15.4291
      vertex -9.22176 0 15.0057
      vertex -9.13755 0 15.4291
    endloop
  endfacet
  facet normal 0.980789 0 -0.195069
    outer loop
      vertex -9.22176 0 15.0057
      vertex -9.13755 -5 15.4291
      vertex -9.22176 -5 15.0057
    endloop
  endfacet
  facet normal 0.997859 0 -0.0654041
    outer loop
      vertex -9.22176 -5 15.0057
      vertex -9.24999 0 14.575
      vertex -9.22176 0 15.0057
    endloop
  endfacet
  facet normal 0.997859 0 -0.0654041
    outer loop
      vertex -9.24999 0 14.575
      vertex -9.22176 -5 15.0057
      vertex -9.24999 -5 14.575
    endloop
  endfacet
  facet normal -0.831458 0 -0.555587
    outer loop
      vertex -3.09212 -5 16.225
      vertex -3.33194 0 16.5839
      vertex -3.09212 0 16.225
    endloop
  endfacet
  facet normal -0.831458 -0 -0.555587
    outer loop
      vertex -3.33194 0 16.5839
      vertex -3.09212 -5 16.225
      vertex -3.33194 -5 16.5839
    endloop
  endfacet
  facet normal -0.442277 0 0.896879
    outer loop
      vertex -4.68715 0 8.12621
      vertex -4.30001 -5 8.31712
      vertex -4.30001 0 8.31712
    endloop
  endfacet
  facet normal -0.442277 0 0.896879
    outer loop
      vertex -4.30001 -5 8.31712
      vertex -4.68715 0 8.12621
      vertex -4.68715 -5 8.12621
    endloop
  endfacet
  facet normal -0.896874 0 0.442286
    outer loop
      vertex -3.09212 -5 9.52501
      vertex -2.9012 0 9.91216
      vertex -3.09212 0 9.52501
    endloop
  endfacet
  facet normal -0.896874 0 0.442286
    outer loop
      vertex -2.9012 0 9.91216
      vertex -3.09212 -5 9.52501
      vertex -2.9012 -5 9.91216
    endloop
  endfacet
  facet normal 0.0653319 0 -0.997864
    outer loop
      vertex -6.38072 -5 17.8468
      vertex -5.95 0 17.875
      vertex -5.95 -5 17.875
    endloop
  endfacet
  facet normal 0.0653319 0 -0.997864
    outer loop
      vertex -5.95 0 17.875
      vertex -6.38072 -5 17.8468
      vertex -6.38072 0 17.8468
    endloop
  endfacet
  facet normal -0.195105 0 0.980782
    outer loop
      vertex -5.51927 0 7.90324
      vertex -5.0959 -5 7.98746
      vertex -5.0959 0 7.98746
    endloop
  endfacet
  facet normal -0.195105 0 0.980782
    outer loop
      vertex -5.0959 -5 7.98746
      vertex -5.51927 0 7.90324
      vertex -5.51927 -5 7.90324
    endloop
  endfacet
  facet normal -0.659458 0 -0.751741
    outer loop
      vertex -3.94109 -5 17.1931
      vertex -3.61655 0 16.9084
      vertex -3.61655 -5 16.9084
    endloop
  endfacet
  facet normal -0.659458 0 -0.751741
    outer loop
      vertex -3.61655 0 16.9084
      vertex -3.94109 -5 17.1931
      vertex -3.94109 0 17.1931
    endloop
  endfacet
  facet normal -0.659328 0 0.751856
    outer loop
      vertex -3.94109 0 8.55695
      vertex -3.61655 -5 8.84155
      vertex -3.61655 0 8.84155
    endloop
  endfacet
  facet normal -0.659328 0 0.751856
    outer loop
      vertex -3.61655 -5 8.84155
      vertex -3.94109 0 8.55695
      vertex -3.94109 -5 8.55695
    endloop
  endfacet
  facet normal -0.946929 0 0.321443
    outer loop
      vertex -2.9012 -5 9.91216
      vertex -2.76245 0 10.3209
      vertex -2.9012 0 9.91216
    endloop
  endfacet
  facet normal -0.946929 0 0.321443
    outer loop
      vertex -2.76245 0 10.3209
      vertex -2.9012 -5 9.91216
      vertex -2.76245 -5 10.3209
    endloop
  endfacet
  facet normal 0.997859 -0 0.0654041
    outer loop
      vertex -9.24999 -5 11.175
      vertex -9.22176 0 10.7443
      vertex -9.24999 0 11.175
    endloop
  endfacet
  facet normal 0.997859 0 0.0654041
    outer loop
      vertex -9.22176 0 10.7443
      vertex -9.24999 -5 11.175
      vertex -9.22176 -5 10.7443
    endloop
  endfacet
  facet normal -0.980789 0 -0.195069
    outer loop
      vertex -2.67824 -5 15.0057
      vertex -2.76245 0 15.4291
      vertex -2.67824 0 15.0057
    endloop
  endfacet
  facet normal -0.980789 -0 -0.195069
    outer loop
      vertex -2.76245 0 15.4291
      vertex -2.67824 -5 15.0057
      vertex -2.76245 -5 15.4291
    endloop
  endfacet
  facet normal -0.997859 0 0.0654041
    outer loop
      vertex -2.67824 -5 10.7443
      vertex -2.65001 0 11.175
      vertex -2.67824 0 10.7443
    endloop
  endfacet
  facet normal -0.997859 0 0.0654041
    outer loop
      vertex -2.65001 0 11.175
      vertex -2.67824 -5 10.7443
      vertex -2.65001 -5 11.175
    endloop
  endfacet
  facet normal 0.659458 0 -0.751741
    outer loop
      vertex -8.28345 -5 16.9084
      vertex -7.95891 0 17.1931
      vertex -7.95891 -5 17.1931
    endloop
  endfacet
  facet normal 0.659458 0 -0.751741
    outer loop
      vertex -7.95891 0 17.1931
      vertex -8.28345 -5 16.9084
      vertex -8.28345 0 16.9084
    endloop
  endfacet
  facet normal -0.321332 0 -0.946967
    outer loop
      vertex -5.0959 -5 17.7625
      vertex -4.68715 0 17.6238
      vertex -4.68715 -5 17.6238
    endloop
  endfacet
  facet normal -0.321332 0 -0.946967
    outer loop
      vertex -4.68715 0 17.6238
      vertex -5.0959 -5 17.7625
      vertex -5.0959 0 17.7625
    endloop
  endfacet
  facet normal -0.751804 0 -0.659387
    outer loop
      vertex -3.33194 -5 16.5839
      vertex -3.61655 0 16.9084
      vertex -3.33194 0 16.5839
    endloop
  endfacet
  facet normal -0.751804 -0 -0.659387
    outer loop
      vertex -3.61655 0 16.9084
      vertex -3.33194 -5 16.5839
      vertex -3.61655 -5 16.9084
    endloop
  endfacet
  facet normal -0.751844 0 0.659341
    outer loop
      vertex -3.61655 -5 8.84155
      vertex -3.33194 0 9.16609
      vertex -3.61655 0 8.84155
    endloop
  endfacet
  facet normal -0.751844 0 0.659341
    outer loop
      vertex -3.33194 0 9.16609
      vertex -3.61655 -5 8.84155
      vertex -3.33194 -5 9.16609
    endloop
  endfacet
  facet normal 0.94692 0 -0.321471
    outer loop
      vertex -8.9988 -5 15.8378
      vertex -9.13755 0 15.4291
      vertex -8.9988 0 15.8378
    endloop
  endfacet
  facet normal 0.94692 0 -0.321471
    outer loop
      vertex -9.13755 0 15.4291
      vertex -8.9988 -5 15.8378
      vertex -9.13755 -5 15.4291
    endloop
  endfacet
  facet normal 0.946929 -0 0.321443
    outer loop
      vertex -9.13755 -5 10.3209
      vertex -8.9988 0 9.91216
      vertex -9.13755 0 10.3209
    endloop
  endfacet
  facet normal 0.946929 0 0.321443
    outer loop
      vertex -8.9988 0 9.91216
      vertex -9.13755 -5 10.3209
      vertex -8.9988 -5 9.91216
    endloop
  endfacet
  facet normal 0.1951 0 0.980783
    outer loop
      vertex -6.8041 0 7.98746
      vertex -6.38072 -5 7.90324
      vertex -6.38072 0 7.90324
    endloop
  endfacet
  facet normal 0.1951 0 0.980783
    outer loop
      vertex -6.38072 -5 7.90324
      vertex -6.8041 0 7.98746
      vertex -6.8041 -5 7.98746
    endloop
  endfacet
  facet normal -0.195283 0 -0.980747
    outer loop
      vertex -5.51927 -5 17.8468
      vertex -5.0959 0 17.7625
      vertex -5.0959 -5 17.7625
    endloop
  endfacet
  facet normal -0.195283 0 -0.980747
    outer loop
      vertex -5.0959 0 17.7625
      vertex -5.51927 -5 17.8468
      vertex -5.51927 0 17.8468
    endloop
  endfacet
  facet normal 0.831472 -0 0.555566
    outer loop
      vertex -8.80788 -5 9.52501
      vertex -8.56806 0 9.16609
      vertex -8.80788 0 9.52501
    endloop
  endfacet
  facet normal 0.831472 0 0.555566
    outer loop
      vertex -8.56806 0 9.16609
      vertex -8.80788 -5 9.52501
      vertex -8.56806 -5 9.16609
    endloop
  endfacet
  facet normal 0.751844 -0 0.659341
    outer loop
      vertex -8.56806 -5 9.16609
      vertex -8.28345 0 8.84155
      vertex -8.56806 0 9.16609
    endloop
  endfacet
  facet normal 0.751844 0 0.659341
    outer loop
      vertex -8.28345 0 8.84155
      vertex -8.56806 -5 9.16609
      vertex -8.28345 -5 8.84155
    endloop
  endfacet
  facet normal 0.442277 0 0.896879
    outer loop
      vertex -7.59999 0 8.31712
      vertex -7.21285 -5 8.12621
      vertex -7.21285 0 8.12621
    endloop
  endfacet
  facet normal 0.442277 0 0.896879
    outer loop
      vertex -7.21285 -5 8.12621
      vertex -7.59999 0 8.31712
      vertex -7.59999 -5 8.31712
    endloop
  endfacet
  facet normal 0.751804 0 -0.659387
    outer loop
      vertex -8.28345 -5 16.9084
      vertex -8.56806 0 16.5839
      vertex -8.28345 0 16.9084
    endloop
  endfacet
  facet normal 0.751804 0 -0.659387
    outer loop
      vertex -8.56806 0 16.5839
      vertex -8.28345 -5 16.9084
      vertex -8.56806 -5 16.5839
    endloop
  endfacet
  facet normal 0.321435 0 0.946931
    outer loop
      vertex -7.21285 0 8.12621
      vertex -6.8041 -5 7.98746
      vertex -6.8041 0 7.98746
    endloop
  endfacet
  facet normal 0.321435 0 0.946931
    outer loop
      vertex -6.8041 -5 7.98746
      vertex -7.21285 0 8.12621
      vertex -7.21285 -5 8.12621
    endloop
  endfacet
  facet normal 0.0654242 0 0.997858
    outer loop
      vertex -6.38072 0 7.90324
      vertex -5.95 -5 7.875
      vertex -5.95 0 7.875
    endloop
  endfacet
  facet normal 0.0654242 0 0.997858
    outer loop
      vertex -5.95 -5 7.875
      vertex -6.38072 0 7.90324
      vertex -6.38072 -5 7.90324
    endloop
  endfacet
  facet normal -0.0654272 0 0.997857
    outer loop
      vertex -21.825 0 7.875
      vertex -21.3943 -5 7.90324
      vertex -21.3943 0 7.90324
    endloop
  endfacet
  facet normal -0.0654272 0 0.997857
    outer loop
      vertex -21.3943 -5 7.90324
      vertex -21.825 0 7.875
      vertex -21.825 -5 7.875
    endloop
  endfacet
  facet normal 0.659259 0 0.751916
    outer loop
      vertex -24.1585 0 8.84155
      vertex -23.8339 -5 8.55695
      vertex -23.8339 0 8.55695
    endloop
  endfacet
  facet normal 0.659259 0 0.751916
    outer loop
      vertex -23.8339 -5 8.55695
      vertex -24.1585 0 8.84155
      vertex -24.1585 -5 8.84155
    endloop
  endfacet
  facet normal -0.442203 0 -0.896915
    outer loop
      vertex -20.5622 -5 17.6238
      vertex -20.175 0 17.4329
      vertex -20.175 -5 17.4329
    endloop
  endfacet
  facet normal -0.442203 0 -0.896915
    outer loop
      vertex -20.175 0 17.4329
      vertex -20.5622 -5 17.6238
      vertex -20.5622 0 17.6238
    endloop
  endfacet
  facet normal -0.831494 0 0.555534
    outer loop
      vertex -19.2069 -5 9.16609
      vertex -18.9671 0 9.52501
      vertex -19.2069 0 9.16609
    endloop
  endfacet
  facet normal -0.831494 0 0.555534
    outer loop
      vertex -18.9671 0 9.52501
      vertex -19.2069 -5 9.16609
      vertex -18.9671 -5 9.52501
    endloop
  endfacet
  facet normal 0.896915 0 -0.442203
    outer loop
      vertex -24.6829 -5 16.225
      vertex -24.8738 0 15.8378
      vertex -24.6829 0 16.225
    endloop
  endfacet
  facet normal 0.896915 0 -0.442203
    outer loop
      vertex -24.8738 0 15.8378
      vertex -24.6829 -5 16.225
      vertex -24.8738 -5 15.8378
    endloop
  endfacet
  facet normal -0.896915 0 -0.442203
    outer loop
      vertex -18.7762 -5 15.8378
      vertex -18.9671 0 16.225
      vertex -18.7762 0 15.8378
    endloop
  endfacet
  facet normal -0.896915 -0 -0.442203
    outer loop
      vertex -18.9671 0 16.225
      vertex -18.7762 -5 15.8378
      vertex -18.9671 -5 16.225
    endloop
  endfacet
  facet normal -0.997863 0 -0.0653349
    outer loop
      vertex -18.525 -5 14.575
      vertex -18.5532 0 15.0057
      vertex -18.525 0 14.575
    endloop
  endfacet
  facet normal -0.997863 -0 -0.0653349
    outer loop
      vertex -18.5532 0 15.0057
      vertex -18.525 -5 14.575
      vertex -18.5532 -5 15.0057
    endloop
  endfacet
  facet normal -0.0653349 0 -0.997863
    outer loop
      vertex -21.825 -5 17.875
      vertex -21.3943 0 17.8468
      vertex -21.3943 -5 17.8468
    endloop
  endfacet
  facet normal -0.0653349 0 -0.997863
    outer loop
      vertex -21.3943 0 17.8468
      vertex -21.825 -5 17.875
      vertex -21.825 0 17.875
    endloop
  endfacet
  facet normal 0.83148 0 -0.555555
    outer loop
      vertex -24.4431 -5 16.5839
      vertex -24.6829 0 16.225
      vertex -24.4431 0 16.5839
    endloop
  endfacet
  facet normal 0.83148 0 -0.555555
    outer loop
      vertex -24.6829 0 16.225
      vertex -24.4431 -5 16.5839
      vertex -24.6829 -5 16.225
    endloop
  endfacet
  facet normal -0.555603 0 0.831447
    outer loop
      vertex -20.175 0 8.31712
      vertex -19.8161 -5 8.55695
      vertex -19.8161 0 8.55695
    endloop
  endfacet
  facet normal -0.555603 0 0.831447
    outer loop
      vertex -19.8161 -5 8.55695
      vertex -20.175 0 8.31712
      vertex -20.175 -5 8.31712
    endloop
  endfacet
  facet normal 1 -0 0
    outer loop
      vertex -25.125 -5 14.575
      vertex -25.125 0 11.175
      vertex -25.125 0 14.575
    endloop
  endfacet
  facet normal 1 0 0
    outer loop
      vertex -25.125 0 11.175
      vertex -25.125 -5 14.575
      vertex -25.125 -5 11.175
    endloop
  endfacet
  facet normal 0.321367 0 -0.946955
    outer loop
      vertex -23.0878 -5 17.6238
      vertex -22.6791 0 17.7625
      vertex -22.6791 -5 17.7625
    endloop
  endfacet
  facet normal 0.321367 0 -0.946955
    outer loop
      vertex -22.6791 0 17.7625
      vertex -23.0878 -5 17.6238
      vertex -23.0878 0 17.6238
    endloop
  endfacet
  facet normal -0.946955 0 -0.321367
    outer loop
      vertex -18.6375 -5 15.4291
      vertex -18.7762 0 15.8378
      vertex -18.6375 0 15.4291
    endloop
  endfacet
  facet normal -0.946955 -0 -0.321367
    outer loop
      vertex -18.7762 0 15.8378
      vertex -18.6375 -5 15.4291
      vertex -18.7762 -5 15.8378
    endloop
  endfacet
  facet normal 0.442203 0 -0.896915
    outer loop
      vertex -23.475 -5 17.4329
      vertex -23.0878 0 17.6238
      vertex -23.0878 -5 17.6238
    endloop
  endfacet
  facet normal 0.442203 0 -0.896915
    outer loop
      vertex -23.0878 0 17.6238
      vertex -23.475 -5 17.4329
      vertex -23.475 0 17.4329
    endloop
  endfacet
  facet normal 0.98075 -0 0.19527
    outer loop
      vertex -25.0968 -5 10.7443
      vertex -25.0125 0 10.3209
      vertex -25.0968 0 10.7443
    endloop
  endfacet
  facet normal 0.98075 0 0.19527
    outer loop
      vertex -25.0125 0 10.3209
      vertex -25.0968 -5 10.7443
      vertex -25.0125 -5 10.3209
    endloop
  endfacet
  facet normal -0.555555 0 -0.83148
    outer loop
      vertex -20.175 -5 17.4329
      vertex -19.8161 0 17.1931
      vertex -19.8161 -5 17.1931
    endloop
  endfacet
  facet normal -0.555555 0 -0.83148
    outer loop
      vertex -19.8161 0 17.1931
      vertex -20.175 -5 17.4329
      vertex -20.175 0 17.4329
    endloop
  endfacet
  facet normal 0.19527 0 -0.98075
    outer loop
      vertex -22.6791 -5 17.7625
      vertex -22.2557 0 17.8468
      vertex -22.2557 -5 17.8468
    endloop
  endfacet
  facet normal 0.19527 0 -0.98075
    outer loop
      vertex -22.2557 0 17.8468
      vertex -22.6791 -5 17.7625
      vertex -22.6791 0 17.7625
    endloop
  endfacet
  facet normal 0.896892 -0 0.442249
    outer loop
      vertex -24.8738 -5 9.91216
      vertex -24.6829 0 9.52501
      vertex -24.8738 0 9.91216
    endloop
  endfacet
  facet normal 0.896892 0 0.442249
    outer loop
      vertex -24.6829 0 9.52501
      vertex -24.8738 -5 9.91216
      vertex -24.6829 -5 9.52501
    endloop
  endfacet
  facet normal -0.321471 0 0.94692
    outer loop
      vertex -20.9709 0 7.98746
      vertex -20.5622 -5 8.12621
      vertex -20.5622 0 8.12621
    endloop
  endfacet
  facet normal -0.321471 0 0.94692
    outer loop
      vertex -20.5622 -5 8.12621
      vertex -20.9709 0 7.98746
      vertex -20.9709 -5 7.98746
    endloop
  endfacet
  facet normal 0.555555 0 -0.83148
    outer loop
      vertex -23.8339 -5 17.1931
      vertex -23.475 0 17.4329
      vertex -23.475 -5 17.4329
    endloop
  endfacet
  facet normal 0.555555 0 -0.83148
    outer loop
      vertex -23.475 0 17.4329
      vertex -23.8339 -5 17.1931
      vertex -23.8339 0 17.1931
    endloop
  endfacet
  facet normal -0.98075 0 0.19527
    outer loop
      vertex -18.6375 -5 10.3209
      vertex -18.5532 0 10.7443
      vertex -18.6375 0 10.3209
    endloop
  endfacet
  facet normal -0.98075 0 0.19527
    outer loop
      vertex -18.5532 0 10.7443
      vertex -18.6375 -5 10.3209
      vertex -18.5532 -5 10.7443
    endloop
  endfacet
  facet normal -1 0 0
    outer loop
      vertex -18.525 -5 11.175
      vertex -18.525 0 14.575
      vertex -18.525 0 11.175
    endloop
  endfacet
  facet normal -1 -0 0
    outer loop
      vertex -18.525 0 14.575
      vertex -18.525 -5 11.175
      vertex -18.525 -5 14.575
    endloop
  endfacet
  facet normal 0.555603 0 0.831447
    outer loop
      vertex -23.8339 0 8.55695
      vertex -23.475 -5 8.31712
      vertex -23.475 0 8.31712
    endloop
  endfacet
  facet normal 0.555603 0 0.831447
    outer loop
      vertex -23.475 -5 8.31712
      vertex -23.8339 0 8.55695
      vertex -23.8339 -5 8.55695
    endloop
  endfacet
  facet normal 0.98075 0 -0.19527
    outer loop
      vertex -25.0125 -5 15.4291
      vertex -25.0968 0 15.0057
      vertex -25.0125 0 15.4291
    endloop
  endfacet
  facet normal 0.98075 0 -0.19527
    outer loop
      vertex -25.0968 0 15.0057
      vertex -25.0125 -5 15.4291
      vertex -25.0968 -5 15.0057
    endloop
  endfacet
  facet normal 0.997863 0 -0.0653349
    outer loop
      vertex -25.0968 -5 15.0057
      vertex -25.125 0 14.575
      vertex -25.0968 0 15.0057
    endloop
  endfacet
  facet normal 0.997863 0 -0.0653349
    outer loop
      vertex -25.125 0 14.575
      vertex -25.0968 -5 15.0057
      vertex -25.125 -5 14.575
    endloop
  endfacet
  facet normal -0.442222 0 0.896906
    outer loop
      vertex -20.5622 0 8.12621
      vertex -20.175 -5 8.31712
      vertex -20.175 0 8.31712
    endloop
  endfacet
  facet normal -0.442222 0 0.896906
    outer loop
      vertex -20.175 -5 8.31712
      vertex -20.5622 0 8.12621
      vertex -20.5622 -5 8.12621
    endloop
  endfacet
  facet normal -0.896892 0 0.442249
    outer loop
      vertex -18.9671 -5 9.52501
      vertex -18.7762 0 9.91216
      vertex -18.9671 0 9.52501
    endloop
  endfacet
  facet normal -0.896892 0 0.442249
    outer loop
      vertex -18.7762 0 9.91216
      vertex -18.9671 -5 9.52501
      vertex -18.7762 -5 9.91216
    endloop
  endfacet
  facet normal 0.0653349 0 -0.997863
    outer loop
      vertex -22.2557 -5 17.8468
      vertex -21.825 0 17.875
      vertex -21.825 -5 17.875
    endloop
  endfacet
  facet normal 0.0653349 0 -0.997863
    outer loop
      vertex -21.825 0 17.875
      vertex -22.2557 -5 17.8468
      vertex -22.2557 0 17.8468
    endloop
  endfacet
  facet normal -0.195091 0 0.980785
    outer loop
      vertex -21.3943 0 7.90324
      vertex -20.9709 -5 7.98746
      vertex -20.9709 0 7.98746
    endloop
  endfacet
  facet normal -0.195091 0 0.980785
    outer loop
      vertex -20.9709 -5 7.98746
      vertex -21.3943 0 7.90324
      vertex -21.3943 -5 7.90324
    endloop
  endfacet
  facet normal -0.659504 0 -0.751701
    outer loop
      vertex -19.8161 -5 17.1931
      vertex -19.4916 0 16.9084
      vertex -19.4916 -5 16.9084
    endloop
  endfacet
  facet normal -0.659504 0 -0.751701
    outer loop
      vertex -19.4916 0 16.9084
      vertex -19.8161 -5 17.1931
      vertex -19.8161 0 17.1931
    endloop
  endfacet
  facet normal -0.659373 0 0.751816
    outer loop
      vertex -19.8161 0 8.55695
      vertex -19.4916 -5 8.84155
      vertex -19.4916 0 8.84155
    endloop
  endfacet
  facet normal -0.659373 0 0.751816
    outer loop
      vertex -19.4916 -5 8.84155
      vertex -19.8161 0 8.55695
      vertex -19.8161 -5 8.55695
    endloop
  endfacet
  facet normal -0.946964 0 0.321339
    outer loop
      vertex -18.7762 -5 9.91216
      vertex -18.6375 0 10.3209
      vertex -18.7762 0 9.91216
    endloop
  endfacet
  facet normal -0.946964 0 0.321339
    outer loop
      vertex -18.6375 0 10.3209
      vertex -18.7762 -5 9.91216
      vertex -18.6375 -5 10.3209
    endloop
  endfacet
  facet normal 0.997863 -0 0.0653349
    outer loop
      vertex -25.125 -5 11.175
      vertex -25.0968 0 10.7443
      vertex -25.125 0 11.175
    endloop
  endfacet
  facet normal 0.997863 0 0.0653349
    outer loop
      vertex -25.0968 0 10.7443
      vertex -25.125 -5 11.175
      vertex -25.0968 -5 10.7443
    endloop
  endfacet
  facet normal -0.98075 0 -0.19527
    outer loop
      vertex -18.5532 -5 15.0057
      vertex -18.6375 0 15.4291
      vertex -18.5532 0 15.0057
    endloop
  endfacet
  facet normal -0.98075 -0 -0.19527
    outer loop
      vertex -18.6375 0 15.4291
      vertex -18.5532 -5 15.0057
      vertex -18.6375 -5 15.4291
    endloop
  endfacet
  facet normal -0.997863 0 0.0653349
    outer loop
      vertex -18.5532 -5 10.7443
      vertex -18.525 0 11.175
      vertex -18.5532 0 10.7443
    endloop
  endfacet
  facet normal -0.997863 0 0.0653349
    outer loop
      vertex -18.525 0 11.175
      vertex -18.5532 -5 10.7443
      vertex -18.525 -5 11.175
    endloop
  endfacet
  facet normal 0.65939 0 -0.751801
    outer loop
      vertex -24.1585 -5 16.9084
      vertex -23.8339 0 17.1931
      vertex -23.8339 -5 17.1931
    endloop
  endfacet
  facet normal 0.65939 0 -0.751801
    outer loop
      vertex -23.8339 0 17.1931
      vertex -24.1585 -5 16.9084
      vertex -24.1585 0 16.9084
    endloop
  endfacet
  facet normal -0.321367 0 -0.946955
    outer loop
      vertex -20.9709 -5 17.7625
      vertex -20.5622 0 17.6238
      vertex -20.5622 -5 17.6238
    endloop
  endfacet
  facet normal -0.321367 0 -0.946955
    outer loop
      vertex -20.5622 0 17.6238
      vertex -20.9709 -5 17.7625
      vertex -20.9709 0 17.7625
    endloop
  endfacet
  facet normal -0.751701 0 -0.659504
    outer loop
      vertex -19.2069 -5 16.5839
      vertex -19.4916 0 16.9084
      vertex -19.2069 0 16.5839
    endloop
  endfacet
  facet normal -0.751701 -0 -0.659504
    outer loop
      vertex -19.4916 0 16.9084
      vertex -19.2069 -5 16.5839
      vertex -19.4916 -5 16.9084
    endloop
  endfacet
  facet normal -0.83148 0 -0.555555
    outer loop
      vertex -18.9671 -5 16.225
      vertex -19.2069 0 16.5839
      vertex -18.9671 0 16.225
    endloop
  endfacet
  facet normal -0.83148 -0 -0.555555
    outer loop
      vertex -19.2069 0 16.5839
      vertex -18.9671 -5 16.225
      vertex -19.2069 -5 16.5839
    endloop
  endfacet
  facet normal -0.751741 0 0.659458
    outer loop
      vertex -19.4916 -5 8.84155
      vertex -19.2069 0 9.16609
      vertex -19.4916 0 8.84155
    endloop
  endfacet
  facet normal -0.751741 0 0.659458
    outer loop
      vertex -19.2069 0 9.16609
      vertex -19.4916 -5 8.84155
      vertex -19.2069 -5 9.16609
    endloop
  endfacet
  facet normal 0.946955 0 -0.321367
    outer loop
      vertex -24.8738 -5 15.8378
      vertex -25.0125 0 15.4291
      vertex -24.8738 0 15.8378
    endloop
  endfacet
  facet normal 0.946955 0 -0.321367
    outer loop
      vertex -25.0125 0 15.4291
      vertex -24.8738 -5 15.8378
      vertex -25.0125 -5 15.4291
    endloop
  endfacet
  facet normal 0.946964 -0 0.321339
    outer loop
      vertex -25.0125 -5 10.3209
      vertex -24.8738 0 9.91216
      vertex -25.0125 0 10.3209
    endloop
  endfacet
  facet normal 0.946964 0 0.321339
    outer loop
      vertex -24.8738 0 9.91216
      vertex -25.0125 -5 10.3209
      vertex -24.8738 -5 9.91216
    endloop
  endfacet
  facet normal 0.195091 0 0.980785
    outer loop
      vertex -22.6791 0 7.98746
      vertex -22.2557 -5 7.90324
      vertex -22.2557 0 7.90324
    endloop
  endfacet
  facet normal 0.195091 0 0.980785
    outer loop
      vertex -22.2557 -5 7.90324
      vertex -22.6791 0 7.98746
      vertex -22.6791 -5 7.98746
    endloop
  endfacet
  facet normal -0.19527 0 -0.98075
    outer loop
      vertex -21.3943 -5 17.8468
      vertex -20.9709 0 17.7625
      vertex -20.9709 -5 17.7625
    endloop
  endfacet
  facet normal -0.19527 0 -0.98075
    outer loop
      vertex -20.9709 0 17.7625
      vertex -21.3943 -5 17.8468
      vertex -21.3943 0 17.8468
    endloop
  endfacet
  facet normal 0.831494 -0 0.555534
    outer loop
      vertex -24.6829 -5 9.52501
      vertex -24.4431 0 9.16609
      vertex -24.6829 0 9.52501
    endloop
  endfacet
  facet normal 0.831494 0 0.555534
    outer loop
      vertex -24.4431 0 9.16609
      vertex -24.6829 -5 9.52501
      vertex -24.4431 -5 9.16609
    endloop
  endfacet
  facet normal 0.751856 -0 0.659328
    outer loop
      vertex -24.4431 -5 9.16609
      vertex -24.1585 0 8.84155
      vertex -24.4431 0 9.16609
    endloop
  endfacet
  facet normal 0.751856 0 0.659328
    outer loop
      vertex -24.1585 0 8.84155
      vertex -24.4431 -5 9.16609
      vertex -24.1585 -5 8.84155
    endloop
  endfacet
  facet normal 0.442222 0 0.896906
    outer loop
      vertex -23.475 0 8.31712
      vertex -23.0878 -5 8.12621
      vertex -23.0878 0 8.12621
    endloop
  endfacet
  facet normal 0.442222 0 0.896906
    outer loop
      vertex -23.0878 -5 8.12621
      vertex -23.475 0 8.31712
      vertex -23.475 -5 8.31712
    endloop
  endfacet
  facet normal 0.751816 0 -0.659373
    outer loop
      vertex -24.1585 -5 16.9084
      vertex -24.4431 0 16.5839
      vertex -24.1585 0 16.9084
    endloop
  endfacet
  facet normal 0.751816 0 -0.659373
    outer loop
      vertex -24.4431 0 16.5839
      vertex -24.1585 -5 16.9084
      vertex -24.4431 -5 16.5839
    endloop
  endfacet
  facet normal 0.321471 0 0.94692
    outer loop
      vertex -23.0878 0 8.12621
      vertex -22.6791 -5 7.98746
      vertex -22.6791 0 7.98746
    endloop
  endfacet
  facet normal 0.321471 0 0.94692
    outer loop
      vertex -22.6791 -5 7.98746
      vertex -23.0878 0 8.12621
      vertex -23.0878 -5 8.12621
    endloop
  endfacet
  facet normal 0.0654272 0 0.997857
    outer loop
      vertex -22.2557 0 7.90324
      vertex -21.825 -5 7.875
      vertex -21.825 0 7.875
    endloop
  endfacet
  facet normal 0.0654272 0 0.997857
    outer loop
      vertex -21.825 -5 7.875
      vertex -22.2557 0 7.90324
      vertex -22.2557 -5 7.90324
    endloop
  endfacet
  facet normal -0.0654272 0 0.997857
    outer loop
      vertex -37.7 0 7.875
      vertex -37.2693 -5 7.90324
      vertex -37.2693 0 7.90324
    endloop
  endfacet
  facet normal -0.0654272 0 0.997857
    outer loop
      vertex -37.2693 -5 7.90324
      vertex -37.7 0 7.875
      vertex -37.7 -5 7.875
    endloop
  endfacet
  facet normal 0.659259 0 0.751916
    outer loop
      vertex -40.0335 0 8.84155
      vertex -39.7089 -5 8.55695
      vertex -39.7089 0 8.55695
    endloop
  endfacet
  facet normal 0.659259 0 0.751916
    outer loop
      vertex -39.7089 -5 8.55695
      vertex -40.0335 0 8.84155
      vertex -40.0335 -5 8.84155
    endloop
  endfacet
  facet normal -0.442203 0 -0.896915
    outer loop
      vertex -36.4372 -5 17.6238
      vertex -36.05 0 17.4329
      vertex -36.05 -5 17.4329
    endloop
  endfacet
  facet normal -0.442203 0 -0.896915
    outer loop
      vertex -36.05 0 17.4329
      vertex -36.4372 -5 17.6238
      vertex -36.4372 0 17.6238
    endloop
  endfacet
  facet normal -0.831494 0 0.555534
    outer loop
      vertex -35.0819 -5 9.16609
      vertex -34.8421 0 9.52501
      vertex -35.0819 0 9.16609
    endloop
  endfacet
  facet normal -0.831494 0 0.555534
    outer loop
      vertex -34.8421 0 9.52501
      vertex -35.0819 -5 9.16609
      vertex -34.8421 -5 9.52501
    endloop
  endfacet
  facet normal 0.896915 0 -0.442203
    outer loop
      vertex -40.5579 -5 16.225
      vertex -40.7488 0 15.8378
      vertex -40.5579 0 16.225
    endloop
  endfacet
  facet normal 0.896915 0 -0.442203
    outer loop
      vertex -40.7488 0 15.8378
      vertex -40.5579 -5 16.225
      vertex -40.7488 -5 15.8378
    endloop
  endfacet
  facet normal -0.896915 0 -0.442203
    outer loop
      vertex -34.6512 -5 15.8378
      vertex -34.8421 0 16.225
      vertex -34.6512 0 15.8378
    endloop
  endfacet
  facet normal -0.896915 -0 -0.442203
    outer loop
      vertex -34.8421 0 16.225
      vertex -34.6512 -5 15.8378
      vertex -34.8421 -5 16.225
    endloop
  endfacet
  facet normal -0.997863 0 -0.0653349
    outer loop
      vertex -34.4 -5 14.575
      vertex -34.4282 0 15.0057
      vertex -34.4 0 14.575
    endloop
  endfacet
  facet normal -0.997863 -0 -0.0653349
    outer loop
      vertex -34.4282 0 15.0057
      vertex -34.4 -5 14.575
      vertex -34.4282 -5 15.0057
    endloop
  endfacet
  facet normal -0.0653349 0 -0.997863
    outer loop
      vertex -37.7 -5 17.875
      vertex -37.2693 0 17.8468
      vertex -37.2693 -5 17.8468
    endloop
  endfacet
  facet normal -0.0653349 0 -0.997863
    outer loop
      vertex -37.2693 0 17.8468
      vertex -37.7 -5 17.875
      vertex -37.7 0 17.875
    endloop
  endfacet
  facet normal 0.83148 0 -0.555555
    outer loop
      vertex -40.3181 -5 16.5839
      vertex -40.5579 0 16.225
      vertex -40.3181 0 16.5839
    endloop
  endfacet
  facet normal 0.83148 0 -0.555555
    outer loop
      vertex -40.5579 0 16.225
      vertex -40.3181 -5 16.5839
      vertex -40.5579 -5 16.225
    endloop
  endfacet
  facet normal -0.555603 0 0.831447
    outer loop
      vertex -36.05 0 8.31712
      vertex -35.6911 -5 8.55695
      vertex -35.6911 0 8.55695
    endloop
  endfacet
  facet normal -0.555603 0 0.831447
    outer loop
      vertex -35.6911 -5 8.55695
      vertex -36.05 0 8.31712
      vertex -36.05 -5 8.31712
    endloop
  endfacet
  facet normal 1 -0 0
    outer loop
      vertex -41 -5 14.575
      vertex -41 0 11.175
      vertex -41 0 14.575
    endloop
  endfacet
  facet normal 1 0 0
    outer loop
      vertex -41 0 11.175
      vertex -41 -5 14.575
      vertex -41 -5 11.175
    endloop
  endfacet
  facet normal 0.321367 0 -0.946955
    outer loop
      vertex -38.9628 -5 17.6238
      vertex -38.5541 0 17.7625
      vertex -38.5541 -5 17.7625
    endloop
  endfacet
  facet normal 0.321367 0 -0.946955
    outer loop
      vertex -38.5541 0 17.7625
      vertex -38.9628 -5 17.6238
      vertex -38.9628 0 17.6238
    endloop
  endfacet
  facet normal -0.946955 0 -0.321367
    outer loop
      vertex -34.5125 -5 15.4291
      vertex -34.6512 0 15.8378
      vertex -34.5125 0 15.4291
    endloop
  endfacet
  facet normal -0.946955 -0 -0.321367
    outer loop
      vertex -34.6512 0 15.8378
      vertex -34.5125 -5 15.4291
      vertex -34.6512 -5 15.8378
    endloop
  endfacet
  facet normal 0.442203 0 -0.896915
    outer loop
      vertex -39.35 -5 17.4329
      vertex -38.9628 0 17.6238
      vertex -38.9628 -5 17.6238
    endloop
  endfacet
  facet normal 0.442203 0 -0.896915
    outer loop
      vertex -38.9628 0 17.6238
      vertex -39.35 -5 17.4329
      vertex -39.35 0 17.4329
    endloop
  endfacet
  facet normal -0.555555 0 -0.83148
    outer loop
      vertex -36.05 -5 17.4329
      vertex -35.6911 0 17.1931
      vertex -35.6911 -5 17.1931
    endloop
  endfacet
  facet normal -0.555555 0 -0.83148
    outer loop
      vertex -35.6911 0 17.1931
      vertex -36.05 -5 17.4329
      vertex -36.05 0 17.4329
    endloop
  endfacet
  facet normal 0.19527 0 -0.98075
    outer loop
      vertex -38.5541 -5 17.7625
      vertex -38.1307 0 17.8468
      vertex -38.1307 -5 17.8468
    endloop
  endfacet
  facet normal 0.19527 0 -0.98075
    outer loop
      vertex -38.1307 0 17.8468
      vertex -38.5541 -5 17.7625
      vertex -38.5541 0 17.7625
    endloop
  endfacet
  facet normal 0.896892 -0 0.442249
    outer loop
      vertex -40.7488 -5 9.91216
      vertex -40.5579 0 9.52501
      vertex -40.7488 0 9.91216
    endloop
  endfacet
  facet normal 0.896892 0 0.442249
    outer loop
      vertex -40.5579 0 9.52501
      vertex -40.7488 -5 9.91216
      vertex -40.5579 -5 9.52501
    endloop
  endfacet
  facet normal -0.321471 0 0.94692
    outer loop
      vertex -36.8459 0 7.98746
      vertex -36.4372 -5 8.12621
      vertex -36.4372 0 8.12621
    endloop
  endfacet
  facet normal -0.321471 0 0.94692
    outer loop
      vertex -36.4372 -5 8.12621
      vertex -36.8459 0 7.98746
      vertex -36.8459 -5 7.98746
    endloop
  endfacet
  facet normal 0.555555 0 -0.83148
    outer loop
      vertex -39.7089 -5 17.1931
      vertex -39.35 0 17.4329
      vertex -39.35 -5 17.4329
    endloop
  endfacet
  facet normal 0.555555 0 -0.83148
    outer loop
      vertex -39.35 0 17.4329
      vertex -39.7089 -5 17.1931
      vertex -39.7089 0 17.1931
    endloop
  endfacet
  facet normal -0.98075 0 0.19527
    outer loop
      vertex -34.5125 -5 10.3209
      vertex -34.4282 0 10.7443
      vertex -34.5125 0 10.3209
    endloop
  endfacet
  facet normal -0.98075 0 0.19527
    outer loop
      vertex -34.4282 0 10.7443
      vertex -34.5125 -5 10.3209
      vertex -34.4282 -5 10.7443
    endloop
  endfacet
  facet normal -1 0 0
    outer loop
      vertex -34.4 -5 11.175
      vertex -34.4 0 14.575
      vertex -34.4 0 11.175
    endloop
  endfacet
  facet normal -1 -0 0
    outer loop
      vertex -34.4 0 14.575
      vertex -34.4 -5 11.175
      vertex -34.4 -5 14.575
    endloop
  endfacet
  facet normal 0.555603 0 0.831447
    outer loop
      vertex -39.7089 0 8.55695
      vertex -39.35 -5 8.31712
      vertex -39.35 0 8.31712
    endloop
  endfacet
  facet normal 0.555603 0 0.831447
    outer loop
      vertex -39.35 -5 8.31712
      vertex -39.7089 0 8.55695
      vertex -39.7089 -5 8.55695
    endloop
  endfacet
  facet normal 0.98075 0 -0.19527
    outer loop
      vertex -40.8875 -5 15.4291
      vertex -40.9718 0 15.0057
      vertex -40.8875 0 15.4291
    endloop
  endfacet
  facet normal 0.98075 0 -0.19527
    outer loop
      vertex -40.9718 0 15.0057
      vertex -40.8875 -5 15.4291
      vertex -40.9718 -5 15.0057
    endloop
  endfacet
  facet normal 0.997863 0 -0.0653349
    outer loop
      vertex -40.9718 -5 15.0057
      vertex -41 0 14.575
      vertex -40.9718 0 15.0057
    endloop
  endfacet
  facet normal 0.997863 0 -0.0653349
    outer loop
      vertex -41 0 14.575
      vertex -40.9718 -5 15.0057
      vertex -41 -5 14.575
    endloop
  endfacet
  facet normal -0.83148 0 -0.555555
    outer loop
      vertex -34.8421 -5 16.225
      vertex -35.0819 0 16.5839
      vertex -34.8421 0 16.225
    endloop
  endfacet
  facet normal -0.83148 -0 -0.555555
    outer loop
      vertex -35.0819 0 16.5839
      vertex -34.8421 -5 16.225
      vertex -35.0819 -5 16.5839
    endloop
  endfacet
  facet normal -0.442222 0 0.896906
    outer loop
      vertex -36.4372 0 8.12621
      vertex -36.05 -5 8.31712
      vertex -36.05 0 8.31712
    endloop
  endfacet
  facet normal -0.442222 0 0.896906
    outer loop
      vertex -36.05 -5 8.31712
      vertex -36.4372 0 8.12621
      vertex -36.4372 -5 8.12621
    endloop
  endfacet
  facet normal -0.896892 0 0.442249
    outer loop
      vertex -34.8421 -5 9.52501
      vertex -34.6512 0 9.91216
      vertex -34.8421 0 9.52501
    endloop
  endfacet
  facet normal -0.896892 0 0.442249
    outer loop
      vertex -34.6512 0 9.91216
      vertex -34.8421 -5 9.52501
      vertex -34.6512 -5 9.91216
    endloop
  endfacet
  facet normal 0.0653349 0 -0.997863
    outer loop
      vertex -38.1307 -5 17.8468
      vertex -37.7 0 17.875
      vertex -37.7 -5 17.875
    endloop
  endfacet
  facet normal 0.0653349 0 -0.997863
    outer loop
      vertex -37.7 0 17.875
      vertex -38.1307 -5 17.8468
      vertex -38.1307 0 17.8468
    endloop
  endfacet
  facet normal -0.195091 0 0.980785
    outer loop
      vertex -37.2693 0 7.90324
      vertex -36.8459 -5 7.98746
      vertex -36.8459 0 7.98746
    endloop
  endfacet
  facet normal -0.195091 0 0.980785
    outer loop
      vertex -36.8459 -5 7.98746
      vertex -37.2693 0 7.90324
      vertex -37.2693 -5 7.90324
    endloop
  endfacet
  facet normal -0.659504 0 -0.751701
    outer loop
      vertex -35.6911 -5 17.1931
      vertex -35.3666 0 16.9084
      vertex -35.3666 -5 16.9084
    endloop
  endfacet
  facet normal -0.659504 0 -0.751701
    outer loop
      vertex -35.3666 0 16.9084
      vertex -35.6911 -5 17.1931
      vertex -35.6911 0 17.1931
    endloop
  endfacet
  facet normal -0.659373 0 0.751816
    outer loop
      vertex -35.6911 0 8.55695
      vertex -35.3666 -5 8.84155
      vertex -35.3666 0 8.84155
    endloop
  endfacet
  facet normal -0.659373 0 0.751816
    outer loop
      vertex -35.3666 -5 8.84155
      vertex -35.6911 0 8.55695
      vertex -35.6911 -5 8.55695
    endloop
  endfacet
  facet normal -0.946964 0 0.321339
    outer loop
      vertex -34.6512 -5 9.91216
      vertex -34.5125 0 10.3209
      vertex -34.6512 0 9.91216
    endloop
  endfacet
  facet normal -0.946964 0 0.321339
    outer loop
      vertex -34.5125 0 10.3209
      vertex -34.6512 -5 9.91216
      vertex -34.5125 -5 10.3209
    endloop
  endfacet
  facet normal 0.997863 -0 0.0653349
    outer loop
      vertex -41 -5 11.175
      vertex -40.9718 0 10.7443
      vertex -41 0 11.175
    endloop
  endfacet
  facet normal 0.997863 0 0.0653349
    outer loop
      vertex -40.9718 0 10.7443
      vertex -41 -5 11.175
      vertex -40.9718 -5 10.7443
    endloop
  endfacet
  facet normal -0.997863 0 0.0653349
    outer loop
      vertex -34.4282 -5 10.7443
      vertex -34.4 0 11.175
      vertex -34.4282 0 10.7443
    endloop
  endfacet
  facet normal -0.997863 0 0.0653349
    outer loop
      vertex -34.4 0 11.175
      vertex -34.4282 -5 10.7443
      vertex -34.4 -5 11.175
    endloop
  endfacet
  facet normal 0.65939 0 -0.751801
    outer loop
      vertex -40.0335 -5 16.9084
      vertex -39.7089 0 17.1931
      vertex -39.7089 -5 17.1931
    endloop
  endfacet
  facet normal 0.65939 0 -0.751801
    outer loop
      vertex -39.7089 0 17.1931
      vertex -40.0335 -5 16.9084
      vertex -40.0335 0 16.9084
    endloop
  endfacet
  facet normal -0.321367 0 -0.946955
    outer loop
      vertex -36.8459 -5 17.7625
      vertex -36.4372 0 17.6238
      vertex -36.4372 -5 17.6238
    endloop
  endfacet
  facet normal -0.321367 0 -0.946955
    outer loop
      vertex -36.4372 0 17.6238
      vertex -36.8459 -5 17.7625
      vertex -36.8459 0 17.7625
    endloop
  endfacet
  facet normal -0.98075 0 -0.19527
    outer loop
      vertex -34.4282 -5 15.0057
      vertex -34.5125 0 15.4291
      vertex -34.4282 0 15.0057
    endloop
  endfacet
  facet normal -0.98075 -0 -0.19527
    outer loop
      vertex -34.5125 0 15.4291
      vertex -34.4282 -5 15.0057
      vertex -34.5125 -5 15.4291
    endloop
  endfacet
  facet normal -0.751701 0 -0.659504
    outer loop
      vertex -35.0819 -5 16.5839
      vertex -35.3666 0 16.9084
      vertex -35.0819 0 16.5839
    endloop
  endfacet
  facet normal -0.751701 -0 -0.659504
    outer loop
      vertex -35.3666 0 16.9084
      vertex -35.0819 -5 16.5839
      vertex -35.3666 -5 16.9084
    endloop
  endfacet
  facet normal -0.751741 0 0.659458
    outer loop
      vertex -35.3666 -5 8.84155
      vertex -35.0819 0 9.16609
      vertex -35.3666 0 8.84155
    endloop
  endfacet
  facet normal -0.751741 0 0.659458
    outer loop
      vertex -35.0819 0 9.16609
      vertex -35.3666 -5 8.84155
      vertex -35.0819 -5 9.16609
    endloop
  endfacet
  facet normal 0.946955 0 -0.321367
    outer loop
      vertex -40.7488 -5 15.8378
      vertex -40.8875 0 15.4291
      vertex -40.7488 0 15.8378
    endloop
  endfacet
  facet normal 0.946955 0 -0.321367
    outer loop
      vertex -40.8875 0 15.4291
      vertex -40.7488 -5 15.8378
      vertex -40.8875 -5 15.4291
    endloop
  endfacet
  facet normal 0.946964 -0 0.321339
    outer loop
      vertex -40.8875 -5 10.3209
      vertex -40.7488 0 9.91216
      vertex -40.8875 0 10.3209
    endloop
  endfacet
  facet normal 0.946964 0 0.321339
    outer loop
      vertex -40.7488 0 9.91216
      vertex -40.8875 -5 10.3209
      vertex -40.7488 -5 9.91216
    endloop
  endfacet
  facet normal 0.98075 -0 0.19527
    outer loop
      vertex -40.9718 -5 10.7443
      vertex -40.8875 0 10.3209
      vertex -40.9718 0 10.7443
    endloop
  endfacet
  facet normal 0.98075 0 0.19527
    outer loop
      vertex -40.8875 0 10.3209
      vertex -40.9718 -5 10.7443
      vertex -40.8875 -5 10.3209
    endloop
  endfacet
  facet normal 0.195091 0 0.980785
    outer loop
      vertex -38.5541 0 7.98746
      vertex -38.1307 -5 7.90324
      vertex -38.1307 0 7.90324
    endloop
  endfacet
  facet normal 0.195091 0 0.980785
    outer loop
      vertex -38.1307 -5 7.90324
      vertex -38.5541 0 7.98746
      vertex -38.5541 -5 7.98746
    endloop
  endfacet
  facet normal -0.19527 0 -0.98075
    outer loop
      vertex -37.2693 -5 17.8468
      vertex -36.8459 0 17.7625
      vertex -36.8459 -5 17.7625
    endloop
  endfacet
  facet normal -0.19527 0 -0.98075
    outer loop
      vertex -36.8459 0 17.7625
      vertex -37.2693 -5 17.8468
      vertex -37.2693 0 17.8468
    endloop
  endfacet
  facet normal 0.321471 0 0.94692
    outer loop
      vertex -38.9628 0 8.12621
      vertex -38.5541 -5 7.98746
      vertex -38.5541 0 7.98746
    endloop
  endfacet
  facet normal 0.321471 0 0.94692
    outer loop
      vertex -38.5541 -5 7.98746
      vertex -38.9628 0 8.12621
      vertex -38.9628 -5 8.12621
    endloop
  endfacet
  facet normal 0.831494 -0 0.555534
    outer loop
      vertex -40.5579 -5 9.52501
      vertex -40.3181 0 9.16609
      vertex -40.5579 0 9.52501
    endloop
  endfacet
  facet normal 0.831494 0 0.555534
    outer loop
      vertex -40.3181 0 9.16609
      vertex -40.5579 -5 9.52501
      vertex -40.3181 -5 9.16609
    endloop
  endfacet
  facet normal 0.751856 -0 0.659328
    outer loop
      vertex -40.3181 -5 9.16609
      vertex -40.0335 0 8.84155
      vertex -40.3181 0 9.16609
    endloop
  endfacet
  facet normal 0.751856 0 0.659328
    outer loop
      vertex -40.0335 0 8.84155
      vertex -40.3181 -5 9.16609
      vertex -40.0335 -5 8.84155
    endloop
  endfacet
  facet normal 0.442222 0 0.896906
    outer loop
      vertex -39.35 0 8.31712
      vertex -38.9628 -5 8.12621
      vertex -38.9628 0 8.12621
    endloop
  endfacet
  facet normal 0.442222 0 0.896906
    outer loop
      vertex -38.9628 -5 8.12621
      vertex -39.35 0 8.31712
      vertex -39.35 -5 8.31712
    endloop
  endfacet
  facet normal 0.751816 0 -0.659373
    outer loop
      vertex -40.0335 -5 16.9084
      vertex -40.3181 0 16.5839
      vertex -40.0335 0 16.9084
    endloop
  endfacet
  facet normal 0.751816 0 -0.659373
    outer loop
      vertex -40.3181 0 16.5839
      vertex -40.0335 -5 16.9084
      vertex -40.3181 -5 16.5839
    endloop
  endfacet
  facet normal 0.0654272 0 0.997857
    outer loop
      vertex -38.1307 0 7.90324
      vertex -37.7 -5 7.875
      vertex -37.7 0 7.875
    endloop
  endfacet
  facet normal 0.0654272 0 0.997857
    outer loop
      vertex -37.7 -5 7.875
      vertex -38.1307 0 7.90324
      vertex -38.1307 -5 7.90324
    endloop
  endfacet
  facet normal -0.0654272 0 0.997857
    outer loop
      vertex -50.4 0 7.875
      vertex -49.9693 -5 7.90324
      vertex -49.9693 0 7.90324
    endloop
  endfacet
  facet normal -0.0654272 0 0.997857
    outer loop
      vertex -49.9693 -5 7.90324
      vertex -50.4 0 7.875
      vertex -50.4 -5 7.875
    endloop
  endfacet
  facet normal 0.659259 0 0.751916
    outer loop
      vertex -52.7335 0 8.84155
      vertex -52.4089 -5 8.55695
      vertex -52.4089 0 8.55695
    endloop
  endfacet
  facet normal 0.659259 0 0.751916
    outer loop
      vertex -52.4089 -5 8.55695
      vertex -52.7335 0 8.84155
      vertex -52.7335 -5 8.84155
    endloop
  endfacet
  facet normal -0.442203 0 -0.896915
    outer loop
      vertex -49.1372 -5 17.6238
      vertex -48.75 0 17.4329
      vertex -48.75 -5 17.4329
    endloop
  endfacet
  facet normal -0.442203 0 -0.896915
    outer loop
      vertex -48.75 0 17.4329
      vertex -49.1372 -5 17.6238
      vertex -49.1372 0 17.6238
    endloop
  endfacet
  facet normal -0.831494 0 0.555534
    outer loop
      vertex -47.7819 -5 9.16609
      vertex -47.5421 0 9.52501
      vertex -47.7819 0 9.16609
    endloop
  endfacet
  facet normal -0.831494 0 0.555534
    outer loop
      vertex -47.5421 0 9.52501
      vertex -47.7819 -5 9.16609
      vertex -47.5421 -5 9.52501
    endloop
  endfacet
  facet normal 0.896915 0 -0.442203
    outer loop
      vertex -53.2579 -5 16.225
      vertex -53.4488 0 15.8378
      vertex -53.2579 0 16.225
    endloop
  endfacet
  facet normal 0.896915 0 -0.442203
    outer loop
      vertex -53.4488 0 15.8378
      vertex -53.2579 -5 16.225
      vertex -53.4488 -5 15.8378
    endloop
  endfacet
  facet normal -0.896915 0 -0.442203
    outer loop
      vertex -47.3512 -5 15.8378
      vertex -47.5421 0 16.225
      vertex -47.3512 0 15.8378
    endloop
  endfacet
  facet normal -0.896915 -0 -0.442203
    outer loop
      vertex -47.5421 0 16.225
      vertex -47.3512 -5 15.8378
      vertex -47.5421 -5 16.225
    endloop
  endfacet
  facet normal -0.997863 0 -0.0653349
    outer loop
      vertex -47.1 -5 14.575
      vertex -47.1282 0 15.0057
      vertex -47.1 0 14.575
    endloop
  endfacet
  facet normal -0.997863 -0 -0.0653349
    outer loop
      vertex -47.1282 0 15.0057
      vertex -47.1 -5 14.575
      vertex -47.1282 -5 15.0057
    endloop
  endfacet
  facet normal -0.0653349 0 -0.997863
    outer loop
      vertex -50.4 -5 17.875
      vertex -49.9693 0 17.8468
      vertex -49.9693 -5 17.8468
    endloop
  endfacet
  facet normal -0.0653349 0 -0.997863
    outer loop
      vertex -49.9693 0 17.8468
      vertex -50.4 -5 17.875
      vertex -50.4 0 17.875
    endloop
  endfacet
  facet normal 0.83148 0 -0.555555
    outer loop
      vertex -53.0181 -5 16.5839
      vertex -53.2579 0 16.225
      vertex -53.0181 0 16.5839
    endloop
  endfacet
  facet normal 0.83148 0 -0.555555
    outer loop
      vertex -53.2579 0 16.225
      vertex -53.0181 -5 16.5839
      vertex -53.2579 -5 16.225
    endloop
  endfacet
  facet normal -0.555603 0 0.831447
    outer loop
      vertex -48.75 0 8.31712
      vertex -48.3911 -5 8.55695
      vertex -48.3911 0 8.55695
    endloop
  endfacet
  facet normal -0.555603 0 0.831447
    outer loop
      vertex -48.3911 -5 8.55695
      vertex -48.75 0 8.31712
      vertex -48.75 -5 8.31712
    endloop
  endfacet
  facet normal 1 -0 0
    outer loop
      vertex -53.7 -5 14.575
      vertex -53.7 0 11.175
      vertex -53.7 0 14.575
    endloop
  endfacet
  facet normal 1 0 0
    outer loop
      vertex -53.7 0 11.175
      vertex -53.7 -5 14.575
      vertex -53.7 -5 11.175
    endloop
  endfacet
  facet normal 0.321367 0 -0.946955
    outer loop
      vertex -51.6628 -5 17.6238
      vertex -51.2541 0 17.7625
      vertex -51.2541 -5 17.7625
    endloop
  endfacet
  facet normal 0.321367 0 -0.946955
    outer loop
      vertex -51.2541 0 17.7625
      vertex -51.6628 -5 17.6238
      vertex -51.6628 0 17.6238
    endloop
  endfacet
  facet normal -0.946955 0 -0.321367
    outer loop
      vertex -47.2125 -5 15.4291
      vertex -47.3512 0 15.8378
      vertex -47.2125 0 15.4291
    endloop
  endfacet
  facet normal -0.946955 -0 -0.321367
    outer loop
      vertex -47.3512 0 15.8378
      vertex -47.2125 -5 15.4291
      vertex -47.3512 -5 15.8378
    endloop
  endfacet
  facet normal 0.442203 0 -0.896915
    outer loop
      vertex -52.05 -5 17.4329
      vertex -51.6628 0 17.6238
      vertex -51.6628 -5 17.6238
    endloop
  endfacet
  facet normal 0.442203 0 -0.896915
    outer loop
      vertex -51.6628 0 17.6238
      vertex -52.05 -5 17.4329
      vertex -52.05 0 17.4329
    endloop
  endfacet
  facet normal 0.98075 -0 0.19527
    outer loop
      vertex -53.6718 -5 10.7443
      vertex -53.5875 0 10.3209
      vertex -53.6718 0 10.7443
    endloop
  endfacet
  facet normal 0.98075 0 0.19527
    outer loop
      vertex -53.5875 0 10.3209
      vertex -53.6718 -5 10.7443
      vertex -53.5875 -5 10.3209
    endloop
  endfacet
  facet normal -0.555555 0 -0.83148
    outer loop
      vertex -48.75 -5 17.4329
      vertex -48.3911 0 17.1931
      vertex -48.3911 -5 17.1931
    endloop
  endfacet
  facet normal -0.555555 0 -0.83148
    outer loop
      vertex -48.3911 0 17.1931
      vertex -48.75 -5 17.4329
      vertex -48.75 0 17.4329
    endloop
  endfacet
  facet normal 0.19527 0 -0.98075
    outer loop
      vertex -51.2541 -5 17.7625
      vertex -50.8307 0 17.8468
      vertex -50.8307 -5 17.8468
    endloop
  endfacet
  facet normal 0.19527 0 -0.98075
    outer loop
      vertex -50.8307 0 17.8468
      vertex -51.2541 -5 17.7625
      vertex -51.2541 0 17.7625
    endloop
  endfacet
  facet normal 0.896892 -0 0.442249
    outer loop
      vertex -53.4488 -5 9.91216
      vertex -53.2579 0 9.52501
      vertex -53.4488 0 9.91216
    endloop
  endfacet
  facet normal 0.896892 0 0.442249
    outer loop
      vertex -53.2579 0 9.52501
      vertex -53.4488 -5 9.91216
      vertex -53.2579 -5 9.52501
    endloop
  endfacet
  facet normal -0.321471 0 0.94692
    outer loop
      vertex -49.5459 0 7.98746
      vertex -49.1372 -5 8.12621
      vertex -49.1372 0 8.12621
    endloop
  endfacet
  facet normal -0.321471 0 0.94692
    outer loop
      vertex -49.1372 -5 8.12621
      vertex -49.5459 0 7.98746
      vertex -49.5459 -5 7.98746
    endloop
  endfacet
  facet normal 0.555555 0 -0.83148
    outer loop
      vertex -52.4089 -5 17.1931
      vertex -52.05 0 17.4329
      vertex -52.05 -5 17.4329
    endloop
  endfacet
  facet normal 0.555555 0 -0.83148
    outer loop
      vertex -52.05 0 17.4329
      vertex -52.4089 -5 17.1931
      vertex -52.4089 0 17.1931
    endloop
  endfacet
  facet normal -0.98075 0 0.19527
    outer loop
      vertex -47.2125 -5 10.3209
      vertex -47.1282 0 10.7443
      vertex -47.2125 0 10.3209
    endloop
  endfacet
  facet normal -0.98075 0 0.19527
    outer loop
      vertex -47.1282 0 10.7443
      vertex -47.2125 -5 10.3209
      vertex -47.1282 -5 10.7443
    endloop
  endfacet
  facet normal -1 0 0
    outer loop
      vertex -47.1 -5 11.175
      vertex -47.1 0 14.575
      vertex -47.1 0 11.175
    endloop
  endfacet
  facet normal -1 -0 0
    outer loop
      vertex -47.1 0 14.575
      vertex -47.1 -5 11.175
      vertex -47.1 -5 14.575
    endloop
  endfacet
  facet normal 0.555603 0 0.831447
    outer loop
      vertex -52.4089 0 8.55695
      vertex -52.05 -5 8.31712
      vertex -52.05 0 8.31712
    endloop
  endfacet
  facet normal 0.555603 0 0.831447
    outer loop
      vertex -52.05 -5 8.31712
      vertex -52.4089 0 8.55695
      vertex -52.4089 -5 8.55695
    endloop
  endfacet
  facet normal 0.98075 0 -0.19527
    outer loop
      vertex -53.5875 -5 15.4291
      vertex -53.6718 0 15.0057
      vertex -53.5875 0 15.4291
    endloop
  endfacet
  facet normal 0.98075 0 -0.19527
    outer loop
      vertex -53.6718 0 15.0057
      vertex -53.5875 -5 15.4291
      vertex -53.6718 -5 15.0057
    endloop
  endfacet
  facet normal 0.997863 0 -0.0653349
    outer loop
      vertex -53.6718 -5 15.0057
      vertex -53.7 0 14.575
      vertex -53.6718 0 15.0057
    endloop
  endfacet
  facet normal 0.997863 0 -0.0653349
    outer loop
      vertex -53.7 0 14.575
      vertex -53.6718 -5 15.0057
      vertex -53.7 -5 14.575
    endloop
  endfacet
  facet normal -0.83148 0 -0.555555
    outer loop
      vertex -47.5421 -5 16.225
      vertex -47.7819 0 16.5839
      vertex -47.5421 0 16.225
    endloop
  endfacet
  facet normal -0.83148 -0 -0.555555
    outer loop
      vertex -47.7819 0 16.5839
      vertex -47.5421 -5 16.225
      vertex -47.7819 -5 16.5839
    endloop
  endfacet
  facet normal -0.442222 0 0.896906
    outer loop
      vertex -49.1372 0 8.12621
      vertex -48.75 -5 8.31712
      vertex -48.75 0 8.31712
    endloop
  endfacet
  facet normal -0.442222 0 0.896906
    outer loop
      vertex -48.75 -5 8.31712
      vertex -49.1372 0 8.12621
      vertex -49.1372 -5 8.12621
    endloop
  endfacet
  facet normal -0.896892 0 0.442249
    outer loop
      vertex -47.5421 -5 9.52501
      vertex -47.3512 0 9.91216
      vertex -47.5421 0 9.52501
    endloop
  endfacet
  facet normal -0.896892 0 0.442249
    outer loop
      vertex -47.3512 0 9.91216
      vertex -47.5421 -5 9.52501
      vertex -47.3512 -5 9.91216
    endloop
  endfacet
  facet normal 0.0653349 0 -0.997863
    outer loop
      vertex -50.8307 -5 17.8468
      vertex -50.4 0 17.875
      vertex -50.4 -5 17.875
    endloop
  endfacet
  facet normal 0.0653349 0 -0.997863
    outer loop
      vertex -50.4 0 17.875
      vertex -50.8307 -5 17.8468
      vertex -50.8307 0 17.8468
    endloop
  endfacet
  facet normal -0.195091 0 0.980785
    outer loop
      vertex -49.9693 0 7.90324
      vertex -49.5459 -5 7.98746
      vertex -49.5459 0 7.98746
    endloop
  endfacet
  facet normal -0.195091 0 0.980785
    outer loop
      vertex -49.5459 -5 7.98746
      vertex -49.9693 0 7.90324
      vertex -49.9693 -5 7.90324
    endloop
  endfacet
  facet normal -0.659504 0 -0.751701
    outer loop
      vertex -48.3911 -5 17.1931
      vertex -48.0666 0 16.9084
      vertex -48.0666 -5 16.9084
    endloop
  endfacet
  facet normal -0.659504 0 -0.751701
    outer loop
      vertex -48.0666 0 16.9084
      vertex -48.3911 -5 17.1931
      vertex -48.3911 0 17.1931
    endloop
  endfacet
  facet normal -0.659373 0 0.751816
    outer loop
      vertex -48.3911 0 8.55695
      vertex -48.0666 -5 8.84155
      vertex -48.0666 0 8.84155
    endloop
  endfacet
  facet normal -0.659373 0 0.751816
    outer loop
      vertex -48.0666 -5 8.84155
      vertex -48.3911 0 8.55695
      vertex -48.3911 -5 8.55695
    endloop
  endfacet
  facet normal -0.946964 0 0.321339
    outer loop
      vertex -47.3512 -5 9.91216
      vertex -47.2125 0 10.3209
      vertex -47.3512 0 9.91216
    endloop
  endfacet
  facet normal -0.946964 0 0.321339
    outer loop
      vertex -47.2125 0 10.3209
      vertex -47.3512 -5 9.91216
      vertex -47.2125 -5 10.3209
    endloop
  endfacet
  facet normal 0.997863 -0 0.0653349
    outer loop
      vertex -53.7 -5 11.175
      vertex -53.6718 0 10.7443
      vertex -53.7 0 11.175
    endloop
  endfacet
  facet normal 0.997863 0 0.0653349
    outer loop
      vertex -53.6718 0 10.7443
      vertex -53.7 -5 11.175
      vertex -53.6718 -5 10.7443
    endloop
  endfacet
  facet normal -0.98075 0 -0.19527
    outer loop
      vertex -47.1282 -5 15.0057
      vertex -47.2125 0 15.4291
      vertex -47.1282 0 15.0057
    endloop
  endfacet
  facet normal -0.98075 -0 -0.19527
    outer loop
      vertex -47.2125 0 15.4291
      vertex -47.1282 -5 15.0057
      vertex -47.2125 -5 15.4291
    endloop
  endfacet
  facet normal -0.997863 0 0.0653349
    outer loop
      vertex -47.1282 -5 10.7443
      vertex -47.1 0 11.175
      vertex -47.1282 0 10.7443
    endloop
  endfacet
  facet normal -0.997863 0 0.0653349
    outer loop
      vertex -47.1 0 11.175
      vertex -47.1282 -5 10.7443
      vertex -47.1 -5 11.175
    endloop
  endfacet
  facet normal 0.65939 0 -0.751801
    outer loop
      vertex -52.7335 -5 16.9084
      vertex -52.4089 0 17.1931
      vertex -52.4089 -5 17.1931
    endloop
  endfacet
  facet normal 0.65939 0 -0.751801
    outer loop
      vertex -52.4089 0 17.1931
      vertex -52.7335 -5 16.9084
      vertex -52.7335 0 16.9084
    endloop
  endfacet
  facet normal -0.321367 0 -0.946955
    outer loop
      vertex -49.5459 -5 17.7625
      vertex -49.1372 0 17.6238
      vertex -49.1372 -5 17.6238
    endloop
  endfacet
  facet normal -0.321367 0 -0.946955
    outer loop
      vertex -49.1372 0 17.6238
      vertex -49.5459 -5 17.7625
      vertex -49.5459 0 17.7625
    endloop
  endfacet
  facet normal -0.751701 0 -0.659504
    outer loop
      vertex -47.7819 -5 16.5839
      vertex -48.0666 0 16.9084
      vertex -47.7819 0 16.5839
    endloop
  endfacet
  facet normal -0.751701 -0 -0.659504
    outer loop
      vertex -48.0666 0 16.9084
      vertex -47.7819 -5 16.5839
      vertex -48.0666 -5 16.9084
    endloop
  endfacet
  facet normal -0.751741 0 0.659458
    outer loop
      vertex -48.0666 -5 8.84155
      vertex -47.7819 0 9.16609
      vertex -48.0666 0 8.84155
    endloop
  endfacet
  facet normal -0.751741 0 0.659458
    outer loop
      vertex -47.7819 0 9.16609
      vertex -48.0666 -5 8.84155
      vertex -47.7819 -5 9.16609
    endloop
  endfacet
  facet normal 0.946955 0 -0.321367
    outer loop
      vertex -53.4488 -5 15.8378
      vertex -53.5875 0 15.4291
      vertex -53.4488 0 15.8378
    endloop
  endfacet
  facet normal 0.946955 0 -0.321367
    outer loop
      vertex -53.5875 0 15.4291
      vertex -53.4488 -5 15.8378
      vertex -53.5875 -5 15.4291
    endloop
  endfacet
  facet normal 0.946964 -0 0.321339
    outer loop
      vertex -53.5875 -5 10.3209
      vertex -53.4488 0 9.91216
      vertex -53.5875 0 10.3209
    endloop
  endfacet
  facet normal 0.946964 0 0.321339
    outer loop
      vertex -53.4488 0 9.91216
      vertex -53.5875 -5 10.3209
      vertex -53.4488 -5 9.91216
    endloop
  endfacet
  facet normal 0.195091 0 0.980785
    outer loop
      vertex -51.2541 0 7.98746
      vertex -50.8307 -5 7.90324
      vertex -50.8307 0 7.90324
    endloop
  endfacet
  facet normal 0.195091 0 0.980785
    outer loop
      vertex -50.8307 -5 7.90324
      vertex -51.2541 0 7.98746
      vertex -51.2541 -5 7.98746
    endloop
  endfacet
  facet normal -0.19527 0 -0.98075
    outer loop
      vertex -49.9693 -5 17.8468
      vertex -49.5459 0 17.7625
      vertex -49.5459 -5 17.7625
    endloop
  endfacet
  facet normal -0.19527 0 -0.98075
    outer loop
      vertex -49.5459 0 17.7625
      vertex -49.9693 -5 17.8468
      vertex -49.9693 0 17.8468
    endloop
  endfacet
  facet normal 0.831494 -0 0.555534
    outer loop
      vertex -53.2579 -5 9.52501
      vertex -53.0181 0 9.16609
      vertex -53.2579 0 9.52501
    endloop
  endfacet
  facet normal 0.831494 0 0.555534
    outer loop
      vertex -53.0181 0 9.16609
      vertex -53.2579 -5 9.52501
      vertex -53.0181 -5 9.16609
    endloop
  endfacet
  facet normal 0.751856 -0 0.659328
    outer loop
      vertex -53.0181 -5 9.16609
      vertex -52.7335 0 8.84155
      vertex -53.0181 0 9.16609
    endloop
  endfacet
  facet normal 0.751856 0 0.659328
    outer loop
      vertex -52.7335 0 8.84155
      vertex -53.0181 -5 9.16609
      vertex -52.7335 -5 8.84155
    endloop
  endfacet
  facet normal 0.442222 0 0.896906
    outer loop
      vertex -52.05 0 8.31712
      vertex -51.6628 -5 8.12621
      vertex -51.6628 0 8.12621
    endloop
  endfacet
  facet normal 0.442222 0 0.896906
    outer loop
      vertex -51.6628 -5 8.12621
      vertex -52.05 0 8.31712
      vertex -52.05 -5 8.31712
    endloop
  endfacet
  facet normal 0.751816 0 -0.659373
    outer loop
      vertex -52.7335 -5 16.9084
      vertex -53.0181 0 16.5839
      vertex -52.7335 0 16.9084
    endloop
  endfacet
  facet normal 0.751816 0 -0.659373
    outer loop
      vertex -53.0181 0 16.5839
      vertex -52.7335 -5 16.9084
      vertex -53.0181 -5 16.5839
    endloop
  endfacet
  facet normal 0.321471 0 0.94692
    outer loop
      vertex -51.6628 0 8.12621
      vertex -51.2541 -5 7.98746
      vertex -51.2541 0 7.98746
    endloop
  endfacet
  facet normal 0.321471 0 0.94692
    outer loop
      vertex -51.2541 -5 7.98746
      vertex -51.6628 0 8.12621
      vertex -51.6628 -5 8.12621
    endloop
  endfacet
  facet normal 0.0654272 0 0.997857
    outer loop
      vertex -50.8307 0 7.90324
      vertex -50.4 -5 7.875
      vertex -50.4 0 7.875
    endloop
  endfacet
  facet normal 0.0654272 0 0.997857
    outer loop
      vertex -50.4 -5 7.875
      vertex -50.8307 0 7.90324
      vertex -50.8307 -5 7.90324
    endloop
  endfacet
  facet normal -0.0654272 0 0.997857
    outer loop
      vertex -66.275 0 7.875
      vertex -65.8443 -5 7.90324
      vertex -65.8443 0 7.90324
    endloop
  endfacet
  facet normal -0.0654272 0 0.997857
    outer loop
      vertex -65.8443 -5 7.90324
      vertex -66.275 0 7.875
      vertex -66.275 -5 7.875
    endloop
  endfacet
  facet normal 0.659259 0 0.751916
    outer loop
      vertex -68.6085 0 8.84155
      vertex -68.2839 -5 8.55695
      vertex -68.2839 0 8.55695
    endloop
  endfacet
  facet normal 0.659259 0 0.751916
    outer loop
      vertex -68.2839 -5 8.55695
      vertex -68.6085 0 8.84155
      vertex -68.6085 -5 8.84155
    endloop
  endfacet
  facet normal -0.442203 0 -0.896915
    outer loop
      vertex -65.0122 -5 17.6238
      vertex -64.625 0 17.4329
      vertex -64.625 -5 17.4329
    endloop
  endfacet
  facet normal -0.442203 0 -0.896915
    outer loop
      vertex -64.625 0 17.4329
      vertex -65.0122 -5 17.6238
      vertex -65.0122 0 17.6238
    endloop
  endfacet
  facet normal -0.831494 0 0.555534
    outer loop
      vertex -63.6569 -5 9.16609
      vertex -63.4171 0 9.52501
      vertex -63.6569 0 9.16609
    endloop
  endfacet
  facet normal -0.831494 0 0.555534
    outer loop
      vertex -63.4171 0 9.52501
      vertex -63.6569 -5 9.16609
      vertex -63.4171 -5 9.52501
    endloop
  endfacet
  facet normal 0.896915 0 -0.442203
    outer loop
      vertex -69.1329 -5 16.225
      vertex -69.3238 0 15.8378
      vertex -69.1329 0 16.225
    endloop
  endfacet
  facet normal 0.896915 0 -0.442203
    outer loop
      vertex -69.3238 0 15.8378
      vertex -69.1329 -5 16.225
      vertex -69.3238 -5 15.8378
    endloop
  endfacet
  facet normal -0.896915 0 -0.442203
    outer loop
      vertex -63.2262 -5 15.8378
      vertex -63.4171 0 16.225
      vertex -63.2262 0 15.8378
    endloop
  endfacet
  facet normal -0.896915 -0 -0.442203
    outer loop
      vertex -63.4171 0 16.225
      vertex -63.2262 -5 15.8378
      vertex -63.4171 -5 16.225
    endloop
  endfacet
  facet normal -0.997863 0 -0.0653349
    outer loop
      vertex -62.975 -5 14.575
      vertex -63.0032 0 15.0057
      vertex -62.975 0 14.575
    endloop
  endfacet
  facet normal -0.997863 -0 -0.0653349
    outer loop
      vertex -63.0032 0 15.0057
      vertex -62.975 -5 14.575
      vertex -63.0032 -5 15.0057
    endloop
  endfacet
  facet normal -0.0653349 0 -0.997863
    outer loop
      vertex -66.275 -5 17.875
      vertex -65.8443 0 17.8468
      vertex -65.8443 -5 17.8468
    endloop
  endfacet
  facet normal -0.0653349 0 -0.997863
    outer loop
      vertex -65.8443 0 17.8468
      vertex -66.275 -5 17.875
      vertex -66.275 0 17.875
    endloop
  endfacet
  facet normal 0.83148 0 -0.555555
    outer loop
      vertex -68.8931 -5 16.5839
      vertex -69.1329 0 16.225
      vertex -68.8931 0 16.5839
    endloop
  endfacet
  facet normal 0.83148 0 -0.555555
    outer loop
      vertex -69.1329 0 16.225
      vertex -68.8931 -5 16.5839
      vertex -69.1329 -5 16.225
    endloop
  endfacet
  facet normal -0.555603 0 0.831447
    outer loop
      vertex -64.625 0 8.31712
      vertex -64.2661 -5 8.55695
      vertex -64.2661 0 8.55695
    endloop
  endfacet
  facet normal -0.555603 0 0.831447
    outer loop
      vertex -64.2661 -5 8.55695
      vertex -64.625 0 8.31712
      vertex -64.625 -5 8.31712
    endloop
  endfacet
  facet normal 1 -0 0
    outer loop
      vertex -69.575 -5 14.575
      vertex -69.575 0 11.175
      vertex -69.575 0 14.575
    endloop
  endfacet
  facet normal 1 0 0
    outer loop
      vertex -69.575 0 11.175
      vertex -69.575 -5 14.575
      vertex -69.575 -5 11.175
    endloop
  endfacet
  facet normal 0.321367 0 -0.946955
    outer loop
      vertex -67.5378 -5 17.6238
      vertex -67.1291 0 17.7625
      vertex -67.1291 -5 17.7625
    endloop
  endfacet
  facet normal 0.321367 0 -0.946955
    outer loop
      vertex -67.1291 0 17.7625
      vertex -67.5378 -5 17.6238
      vertex -67.5378 0 17.6238
    endloop
  endfacet
  facet normal -0.946955 0 -0.321367
    outer loop
      vertex -63.0875 -5 15.4291
      vertex -63.2262 0 15.8378
      vertex -63.0875 0 15.4291
    endloop
  endfacet
  facet normal -0.946955 -0 -0.321367
    outer loop
      vertex -63.2262 0 15.8378
      vertex -63.0875 -5 15.4291
      vertex -63.2262 -5 15.8378
    endloop
  endfacet
  facet normal 0.442203 0 -0.896915
    outer loop
      vertex -67.925 -5 17.4329
      vertex -67.5378 0 17.6238
      vertex -67.5378 -5 17.6238
    endloop
  endfacet
  facet normal 0.442203 0 -0.896915
    outer loop
      vertex -67.5378 0 17.6238
      vertex -67.925 -5 17.4329
      vertex -67.925 0 17.4329
    endloop
  endfacet
  facet normal -0.555555 0 -0.83148
    outer loop
      vertex -64.625 -5 17.4329
      vertex -64.2661 0 17.1931
      vertex -64.2661 -5 17.1931
    endloop
  endfacet
  facet normal -0.555555 0 -0.83148
    outer loop
      vertex -64.2661 0 17.1931
      vertex -64.625 -5 17.4329
      vertex -64.625 0 17.4329
    endloop
  endfacet
  facet normal 0.19527 0 -0.98075
    outer loop
      vertex -67.1291 -5 17.7625
      vertex -66.7057 0 17.8468
      vertex -66.7057 -5 17.8468
    endloop
  endfacet
  facet normal 0.19527 0 -0.98075
    outer loop
      vertex -66.7057 0 17.8468
      vertex -67.1291 -5 17.7625
      vertex -67.1291 0 17.7625
    endloop
  endfacet
  facet normal 0.896892 -0 0.442249
    outer loop
      vertex -69.3238 -5 9.91216
      vertex -69.1329 0 9.52501
      vertex -69.3238 0 9.91216
    endloop
  endfacet
  facet normal 0.896892 0 0.442249
    outer loop
      vertex -69.1329 0 9.52501
      vertex -69.3238 -5 9.91216
      vertex -69.1329 -5 9.52501
    endloop
  endfacet
  facet normal -0.321471 0 0.94692
    outer loop
      vertex -65.4209 0 7.98746
      vertex -65.0122 -5 8.12621
      vertex -65.0122 0 8.12621
    endloop
  endfacet
  facet normal -0.321471 0 0.94692
    outer loop
      vertex -65.0122 -5 8.12621
      vertex -65.4209 0 7.98746
      vertex -65.4209 -5 7.98746
    endloop
  endfacet
  facet normal 0.555555 0 -0.83148
    outer loop
      vertex -68.2839 -5 17.1931
      vertex -67.925 0 17.4329
      vertex -67.925 -5 17.4329
    endloop
  endfacet
  facet normal 0.555555 0 -0.83148
    outer loop
      vertex -67.925 0 17.4329
      vertex -68.2839 -5 17.1931
      vertex -68.2839 0 17.1931
    endloop
  endfacet
  facet normal -0.98075 0 0.19527
    outer loop
      vertex -63.0875 -5 10.3209
      vertex -63.0032 0 10.7443
      vertex -63.0875 0 10.3209
    endloop
  endfacet
  facet normal -0.98075 0 0.19527
    outer loop
      vertex -63.0032 0 10.7443
      vertex -63.0875 -5 10.3209
      vertex -63.0032 -5 10.7443
    endloop
  endfacet
  facet normal -1 0 0
    outer loop
      vertex -62.975 -5 11.175
      vertex -62.975 0 14.575
      vertex -62.975 0 11.175
    endloop
  endfacet
  facet normal -1 -0 0
    outer loop
      vertex -62.975 0 14.575
      vertex -62.975 -5 11.175
      vertex -62.975 -5 14.575
    endloop
  endfacet
  facet normal 0.555603 0 0.831447
    outer loop
      vertex -68.2839 0 8.55695
      vertex -67.925 -5 8.31712
      vertex -67.925 0 8.31712
    endloop
  endfacet
  facet normal 0.555603 0 0.831447
    outer loop
      vertex -67.925 -5 8.31712
      vertex -68.2839 0 8.55695
      vertex -68.2839 -5 8.55695
    endloop
  endfacet
  facet normal 0.997863 0 -0.0653349
    outer loop
      vertex -69.5468 -5 15.0057
      vertex -69.575 0 14.575
      vertex -69.5468 0 15.0057
    endloop
  endfacet
  facet normal 0.997863 0 -0.0653349
    outer loop
      vertex -69.575 0 14.575
      vertex -69.5468 -5 15.0057
      vertex -69.575 -5 14.575
    endloop
  endfacet
  facet normal -0.83148 0 -0.555555
    outer loop
      vertex -63.4171 -5 16.225
      vertex -63.6569 0 16.5839
      vertex -63.4171 0 16.225
    endloop
  endfacet
  facet normal -0.83148 -0 -0.555555
    outer loop
      vertex -63.6569 0 16.5839
      vertex -63.4171 -5 16.225
      vertex -63.6569 -5 16.5839
    endloop
  endfacet
  facet normal -0.442222 0 0.896906
    outer loop
      vertex -65.0122 0 8.12621
      vertex -64.625 -5 8.31712
      vertex -64.625 0 8.31712
    endloop
  endfacet
  facet normal -0.442222 0 0.896906
    outer loop
      vertex -64.625 -5 8.31712
      vertex -65.0122 0 8.12621
      vertex -65.0122 -5 8.12621
    endloop
  endfacet
  facet normal -0.896892 0 0.442249
    outer loop
      vertex -63.4171 -5 9.52501
      vertex -63.2262 0 9.91216
      vertex -63.4171 0 9.52501
    endloop
  endfacet
  facet normal -0.896892 0 0.442249
    outer loop
      vertex -63.2262 0 9.91216
      vertex -63.4171 -5 9.52501
      vertex -63.2262 -5 9.91216
    endloop
  endfacet
  facet normal 0.0653349 0 -0.997863
    outer loop
      vertex -66.7057 -5 17.8468
      vertex -66.275 0 17.875
      vertex -66.275 -5 17.875
    endloop
  endfacet
  facet normal 0.0653349 0 -0.997863
    outer loop
      vertex -66.275 0 17.875
      vertex -66.7057 -5 17.8468
      vertex -66.7057 0 17.8468
    endloop
  endfacet
  facet normal -0.195091 0 0.980785
    outer loop
      vertex -65.8443 0 7.90324
      vertex -65.4209 -5 7.98746
      vertex -65.4209 0 7.98746
    endloop
  endfacet
  facet normal -0.195091 0 0.980785
    outer loop
      vertex -65.4209 -5 7.98746
      vertex -65.8443 0 7.90324
      vertex -65.8443 -5 7.90324
    endloop
  endfacet
  facet normal -0.659504 0 -0.751701
    outer loop
      vertex -64.2661 -5 17.1931
      vertex -63.9416 0 16.9084
      vertex -63.9416 -5 16.9084
    endloop
  endfacet
  facet normal -0.659504 0 -0.751701
    outer loop
      vertex -63.9416 0 16.9084
      vertex -64.2661 -5 17.1931
      vertex -64.2661 0 17.1931
    endloop
  endfacet
  facet normal -0.659373 0 0.751816
    outer loop
      vertex -64.2661 0 8.55695
      vertex -63.9416 -5 8.84155
      vertex -63.9416 0 8.84155
    endloop
  endfacet
  facet normal -0.659373 0 0.751816
    outer loop
      vertex -63.9416 -5 8.84155
      vertex -64.2661 0 8.55695
      vertex -64.2661 -5 8.55695
    endloop
  endfacet
  facet normal -0.946964 0 0.321339
    outer loop
      vertex -63.2262 -5 9.91216
      vertex -63.0875 0 10.3209
      vertex -63.2262 0 9.91216
    endloop
  endfacet
  facet normal -0.946964 0 0.321339
    outer loop
      vertex -63.0875 0 10.3209
      vertex -63.2262 -5 9.91216
      vertex -63.0875 -5 10.3209
    endloop
  endfacet
  facet normal 0.997863 -0 0.0653349
    outer loop
      vertex -69.575 -5 11.175
      vertex -69.5468 0 10.7443
      vertex -69.575 0 11.175
    endloop
  endfacet
  facet normal 0.997863 0 0.0653349
    outer loop
      vertex -69.5468 0 10.7443
      vertex -69.575 -5 11.175
      vertex -69.5468 -5 10.7443
    endloop
  endfacet
  facet normal -0.997863 0 0.0653349
    outer loop
      vertex -63.0032 -5 10.7443
      vertex -62.975 0 11.175
      vertex -63.0032 0 10.7443
    endloop
  endfacet
  facet normal -0.997863 0 0.0653349
    outer loop
      vertex -62.975 0 11.175
      vertex -63.0032 -5 10.7443
      vertex -62.975 -5 11.175
    endloop
  endfacet
  facet normal 0.65939 0 -0.751801
    outer loop
      vertex -68.6085 -5 16.9084
      vertex -68.2839 0 17.1931
      vertex -68.2839 -5 17.1931
    endloop
  endfacet
  facet normal 0.65939 0 -0.751801
    outer loop
      vertex -68.2839 0 17.1931
      vertex -68.6085 -5 16.9084
      vertex -68.6085 0 16.9084
    endloop
  endfacet
  facet normal -0.321367 0 -0.946955
    outer loop
      vertex -65.4209 -5 17.7625
      vertex -65.0122 0 17.6238
      vertex -65.0122 -5 17.6238
    endloop
  endfacet
  facet normal -0.321367 0 -0.946955
    outer loop
      vertex -65.0122 0 17.6238
      vertex -65.4209 -5 17.7625
      vertex -65.4209 0 17.7625
    endloop
  endfacet
  facet normal -0.98075 0 -0.19527
    outer loop
      vertex -63.0032 -5 15.0057
      vertex -63.0875 0 15.4291
      vertex -63.0032 0 15.0057
    endloop
  endfacet
  facet normal -0.98075 -0 -0.19527
    outer loop
      vertex -63.0875 0 15.4291
      vertex -63.0032 -5 15.0057
      vertex -63.0875 -5 15.4291
    endloop
  endfacet
  facet normal -0.751701 0 -0.659504
    outer loop
      vertex -63.6569 -5 16.5839
      vertex -63.9416 0 16.9084
      vertex -63.6569 0 16.5839
    endloop
  endfacet
  facet normal -0.751701 -0 -0.659504
    outer loop
      vertex -63.9416 0 16.9084
      vertex -63.6569 -5 16.5839
      vertex -63.9416 -5 16.9084
    endloop
  endfacet
  facet normal -0.751741 0 0.659458
    outer loop
      vertex -63.9416 -5 8.84155
      vertex -63.6569 0 9.16609
      vertex -63.9416 0 8.84155
    endloop
  endfacet
  facet normal -0.751741 0 0.659458
    outer loop
      vertex -63.6569 0 9.16609
      vertex -63.9416 -5 8.84155
      vertex -63.6569 -5 9.16609
    endloop
  endfacet
  facet normal 0.946955 0 -0.321367
    outer loop
      vertex -69.3238 -5 15.8378
      vertex -69.4625 0 15.4291
      vertex -69.3238 0 15.8378
    endloop
  endfacet
  facet normal 0.946955 0 -0.321367
    outer loop
      vertex -69.4625 0 15.4291
      vertex -69.3238 -5 15.8378
      vertex -69.4625 -5 15.4291
    endloop
  endfacet
  facet normal 0.98075 0 -0.19527
    outer loop
      vertex -69.4625 -5 15.4291
      vertex -69.5468 0 15.0057
      vertex -69.4625 0 15.4291
    endloop
  endfacet
  facet normal 0.98075 0 -0.19527
    outer loop
      vertex -69.5468 0 15.0057
      vertex -69.4625 -5 15.4291
      vertex -69.5468 -5 15.0057
    endloop
  endfacet
  facet normal 0.946964 -0 0.321339
    outer loop
      vertex -69.4625 -5 10.3209
      vertex -69.3238 0 9.91216
      vertex -69.4625 0 10.3209
    endloop
  endfacet
  facet normal 0.946964 0 0.321339
    outer loop
      vertex -69.3238 0 9.91216
      vertex -69.4625 -5 10.3209
      vertex -69.3238 -5 9.91216
    endloop
  endfacet
  facet normal 0.98075 -0 0.19527
    outer loop
      vertex -69.5468 -5 10.7443
      vertex -69.4625 0 10.3209
      vertex -69.5468 0 10.7443
    endloop
  endfacet
  facet normal 0.98075 0 0.19527
    outer loop
      vertex -69.4625 0 10.3209
      vertex -69.5468 -5 10.7443
      vertex -69.4625 -5 10.3209
    endloop
  endfacet
  facet normal 0.195091 0 0.980785
    outer loop
      vertex -67.1291 0 7.98746
      vertex -66.7057 -5 7.90324
      vertex -66.7057 0 7.90324
    endloop
  endfacet
  facet normal 0.195091 0 0.980785
    outer loop
      vertex -66.7057 -5 7.90324
      vertex -67.1291 0 7.98746
      vertex -67.1291 -5 7.98746
    endloop
  endfacet
  facet normal -0.19527 0 -0.98075
    outer loop
      vertex -65.8443 -5 17.8468
      vertex -65.4209 0 17.7625
      vertex -65.4209 -5 17.7625
    endloop
  endfacet
  facet normal -0.19527 0 -0.98075
    outer loop
      vertex -65.4209 0 17.7625
      vertex -65.8443 -5 17.8468
      vertex -65.8443 0 17.8468
    endloop
  endfacet
  facet normal 0.321471 0 0.94692
    outer loop
      vertex -67.5378 0 8.12621
      vertex -67.1291 -5 7.98746
      vertex -67.1291 0 7.98746
    endloop
  endfacet
  facet normal 0.321471 0 0.94692
    outer loop
      vertex -67.1291 -5 7.98746
      vertex -67.5378 0 8.12621
      vertex -67.5378 -5 8.12621
    endloop
  endfacet
  facet normal 0.831494 -0 0.555534
    outer loop
      vertex -69.1329 -5 9.52501
      vertex -68.8931 0 9.16609
      vertex -69.1329 0 9.52501
    endloop
  endfacet
  facet normal 0.831494 0 0.555534
    outer loop
      vertex -68.8931 0 9.16609
      vertex -69.1329 -5 9.52501
      vertex -68.8931 -5 9.16609
    endloop
  endfacet
  facet normal 0.751856 -0 0.659328
    outer loop
      vertex -68.8931 -5 9.16609
      vertex -68.6085 0 8.84155
      vertex -68.8931 0 9.16609
    endloop
  endfacet
  facet normal 0.751856 0 0.659328
    outer loop
      vertex -68.6085 0 8.84155
      vertex -68.8931 -5 9.16609
      vertex -68.6085 -5 8.84155
    endloop
  endfacet
  facet normal 0.442222 0 0.896906
    outer loop
      vertex -67.925 0 8.31712
      vertex -67.5378 -5 8.12621
      vertex -67.5378 0 8.12621
    endloop
  endfacet
  facet normal 0.442222 0 0.896906
    outer loop
      vertex -67.5378 -5 8.12621
      vertex -67.925 0 8.31712
      vertex -67.925 -5 8.31712
    endloop
  endfacet
  facet normal 0.751816 0 -0.659373
    outer loop
      vertex -68.6085 -5 16.9084
      vertex -68.8931 0 16.5839
      vertex -68.6085 0 16.9084
    endloop
  endfacet
  facet normal 0.751816 0 -0.659373
    outer loop
      vertex -68.8931 0 16.5839
      vertex -68.6085 -5 16.9084
      vertex -68.8931 -5 16.5839
    endloop
  endfacet
  facet normal 0.0654272 0 0.997857
    outer loop
      vertex -66.7057 0 7.90324
      vertex -66.275 -5 7.875
      vertex -66.275 0 7.875
    endloop
  endfacet
  facet normal 0.0654272 0 0.997857
    outer loop
      vertex -66.275 -5 7.875
      vertex -66.7057 0 7.90324
      vertex -66.7057 -5 7.90324
    endloop
  endfacet
  facet normal -0.0654272 0 0.997857
    outer loop
      vertex -82.15 0 7.875
      vertex -81.7193 -5 7.90324
      vertex -81.7193 0 7.90324
    endloop
  endfacet
  facet normal -0.0654272 0 0.997857
    outer loop
      vertex -81.7193 -5 7.90324
      vertex -82.15 0 7.875
      vertex -82.15 -5 7.875
    endloop
  endfacet
  facet normal 0.659259 0 0.751916
    outer loop
      vertex -84.4835 0 8.84155
      vertex -84.1589 -5 8.55695
      vertex -84.1589 0 8.55695
    endloop
  endfacet
  facet normal 0.659259 0 0.751916
    outer loop
      vertex -84.1589 -5 8.55695
      vertex -84.4835 0 8.84155
      vertex -84.4835 -5 8.84155
    endloop
  endfacet
  facet normal -0.442203 0 -0.896915
    outer loop
      vertex -80.8872 -5 17.6238
      vertex -80.5 0 17.4329
      vertex -80.5 -5 17.4329
    endloop
  endfacet
  facet normal -0.442203 0 -0.896915
    outer loop
      vertex -80.5 0 17.4329
      vertex -80.8872 -5 17.6238
      vertex -80.8872 0 17.6238
    endloop
  endfacet
  facet normal -0.831494 0 0.555534
    outer loop
      vertex -79.5319 -5 9.16609
      vertex -79.2921 0 9.52501
      vertex -79.5319 0 9.16609
    endloop
  endfacet
  facet normal -0.831494 0 0.555534
    outer loop
      vertex -79.2921 0 9.52501
      vertex -79.5319 -5 9.16609
      vertex -79.2921 -5 9.52501
    endloop
  endfacet
  facet normal 0.896915 0 -0.442203
    outer loop
      vertex -85.0079 -5 16.225
      vertex -85.1988 0 15.8378
      vertex -85.0079 0 16.225
    endloop
  endfacet
  facet normal 0.896915 0 -0.442203
    outer loop
      vertex -85.1988 0 15.8378
      vertex -85.0079 -5 16.225
      vertex -85.1988 -5 15.8378
    endloop
  endfacet
  facet normal -0.896915 0 -0.442203
    outer loop
      vertex -79.1012 -5 15.8378
      vertex -79.2921 0 16.225
      vertex -79.1012 0 15.8378
    endloop
  endfacet
  facet normal -0.896915 -0 -0.442203
    outer loop
      vertex -79.2921 0 16.225
      vertex -79.1012 -5 15.8378
      vertex -79.2921 -5 16.225
    endloop
  endfacet
  facet normal -0.997863 0 -0.0653349
    outer loop
      vertex -78.85 -5 14.575
      vertex -78.8782 0 15.0057
      vertex -78.85 0 14.575
    endloop
  endfacet
  facet normal -0.997863 -0 -0.0653349
    outer loop
      vertex -78.8782 0 15.0057
      vertex -78.85 -5 14.575
      vertex -78.8782 -5 15.0057
    endloop
  endfacet
  facet normal -0.0653349 0 -0.997863
    outer loop
      vertex -82.15 -5 17.875
      vertex -81.7193 0 17.8468
      vertex -81.7193 -5 17.8468
    endloop
  endfacet
  facet normal -0.0653349 0 -0.997863
    outer loop
      vertex -81.7193 0 17.8468
      vertex -82.15 -5 17.875
      vertex -82.15 0 17.875
    endloop
  endfacet
  facet normal 0.83148 0 -0.555555
    outer loop
      vertex -84.7681 -5 16.5839
      vertex -85.0079 0 16.225
      vertex -84.7681 0 16.5839
    endloop
  endfacet
  facet normal 0.83148 0 -0.555555
    outer loop
      vertex -85.0079 0 16.225
      vertex -84.7681 -5 16.5839
      vertex -85.0079 -5 16.225
    endloop
  endfacet
  facet normal -0.555603 0 0.831447
    outer loop
      vertex -80.5 0 8.31712
      vertex -80.1411 -5 8.55695
      vertex -80.1411 0 8.55695
    endloop
  endfacet
  facet normal -0.555603 0 0.831447
    outer loop
      vertex -80.1411 -5 8.55695
      vertex -80.5 0 8.31712
      vertex -80.5 -5 8.31712
    endloop
  endfacet
  facet normal 1 -0 0
    outer loop
      vertex -85.45 -5 14.575
      vertex -85.45 0 11.175
      vertex -85.45 0 14.575
    endloop
  endfacet
  facet normal 1 0 0
    outer loop
      vertex -85.45 0 11.175
      vertex -85.45 -5 14.575
      vertex -85.45 -5 11.175
    endloop
  endfacet
  facet normal 0.321367 0 -0.946955
    outer loop
      vertex -83.4128 -5 17.6238
      vertex -83.0041 0 17.7625
      vertex -83.0041 -5 17.7625
    endloop
  endfacet
  facet normal 0.321367 0 -0.946955
    outer loop
      vertex -83.0041 0 17.7625
      vertex -83.4128 -5 17.6238
      vertex -83.4128 0 17.6238
    endloop
  endfacet
  facet normal -0.946955 0 -0.321367
    outer loop
      vertex -78.9625 -5 15.4291
      vertex -79.1012 0 15.8378
      vertex -78.9625 0 15.4291
    endloop
  endfacet
  facet normal -0.946955 -0 -0.321367
    outer loop
      vertex -79.1012 0 15.8378
      vertex -78.9625 -5 15.4291
      vertex -79.1012 -5 15.8378
    endloop
  endfacet
  facet normal 0.442203 0 -0.896915
    outer loop
      vertex -83.8 -5 17.4329
      vertex -83.4128 0 17.6238
      vertex -83.4128 -5 17.6238
    endloop
  endfacet
  facet normal 0.442203 0 -0.896915
    outer loop
      vertex -83.4128 0 17.6238
      vertex -83.8 -5 17.4329
      vertex -83.8 0 17.4329
    endloop
  endfacet
  facet normal 0.98075 -0 0.19527
    outer loop
      vertex -85.4218 -5 10.7443
      vertex -85.3375 0 10.3209
      vertex -85.4218 0 10.7443
    endloop
  endfacet
  facet normal 0.98075 0 0.19527
    outer loop
      vertex -85.3375 0 10.3209
      vertex -85.4218 -5 10.7443
      vertex -85.3375 -5 10.3209
    endloop
  endfacet
  facet normal -0.555555 0 -0.83148
    outer loop
      vertex -80.5 -5 17.4329
      vertex -80.1411 0 17.1931
      vertex -80.1411 -5 17.1931
    endloop
  endfacet
  facet normal -0.555555 0 -0.83148
    outer loop
      vertex -80.1411 0 17.1931
      vertex -80.5 -5 17.4329
      vertex -80.5 0 17.4329
    endloop
  endfacet
  facet normal 0.19527 0 -0.98075
    outer loop
      vertex -83.0041 -5 17.7625
      vertex -82.5807 0 17.8468
      vertex -82.5807 -5 17.8468
    endloop
  endfacet
  facet normal 0.19527 0 -0.98075
    outer loop
      vertex -82.5807 0 17.8468
      vertex -83.0041 -5 17.7625
      vertex -83.0041 0 17.7625
    endloop
  endfacet
  facet normal 0.896892 -0 0.442249
    outer loop
      vertex -85.1988 -5 9.91216
      vertex -85.0079 0 9.52501
      vertex -85.1988 0 9.91216
    endloop
  endfacet
  facet normal 0.896892 0 0.442249
    outer loop
      vertex -85.0079 0 9.52501
      vertex -85.1988 -5 9.91216
      vertex -85.0079 -5 9.52501
    endloop
  endfacet
  facet normal -0.321471 0 0.94692
    outer loop
      vertex -81.2959 0 7.98746
      vertex -80.8872 -5 8.12621
      vertex -80.8872 0 8.12621
    endloop
  endfacet
  facet normal -0.321471 0 0.94692
    outer loop
      vertex -80.8872 -5 8.12621
      vertex -81.2959 0 7.98746
      vertex -81.2959 -5 7.98746
    endloop
  endfacet
  facet normal 0.555555 0 -0.83148
    outer loop
      vertex -84.1589 -5 17.1931
      vertex -83.8 0 17.4329
      vertex -83.8 -5 17.4329
    endloop
  endfacet
  facet normal 0.555555 0 -0.83148
    outer loop
      vertex -83.8 0 17.4329
      vertex -84.1589 -5 17.1931
      vertex -84.1589 0 17.1931
    endloop
  endfacet
  facet normal -0.98075 0 0.19527
    outer loop
      vertex -78.9625 -5 10.3209
      vertex -78.8782 0 10.7443
      vertex -78.9625 0 10.3209
    endloop
  endfacet
  facet normal -0.98075 0 0.19527
    outer loop
      vertex -78.8782 0 10.7443
      vertex -78.9625 -5 10.3209
      vertex -78.8782 -5 10.7443
    endloop
  endfacet
  facet normal -1 0 0
    outer loop
      vertex -78.85 -5 11.175
      vertex -78.85 0 14.575
      vertex -78.85 0 11.175
    endloop
  endfacet
  facet normal -1 -0 0
    outer loop
      vertex -78.85 0 14.575
      vertex -78.85 -5 11.175
      vertex -78.85 -5 14.575
    endloop
  endfacet
  facet normal 0.555603 0 0.831447
    outer loop
      vertex -84.1589 0 8.55695
      vertex -83.8 -5 8.31712
      vertex -83.8 0 8.31712
    endloop
  endfacet
  facet normal 0.555603 0 0.831447
    outer loop
      vertex -83.8 -5 8.31712
      vertex -84.1589 0 8.55695
      vertex -84.1589 -5 8.55695
    endloop
  endfacet
  facet normal 0.997863 0 -0.0653349
    outer loop
      vertex -85.4218 -5 15.0057
      vertex -85.45 0 14.575
      vertex -85.4218 0 15.0057
    endloop
  endfacet
  facet normal 0.997863 0 -0.0653349
    outer loop
      vertex -85.45 0 14.575
      vertex -85.4218 -5 15.0057
      vertex -85.45 -5 14.575
    endloop
  endfacet
  facet normal -0.83148 0 -0.555555
    outer loop
      vertex -79.2921 -5 16.225
      vertex -79.5319 0 16.5839
      vertex -79.2921 0 16.225
    endloop
  endfacet
  facet normal -0.83148 -0 -0.555555
    outer loop
      vertex -79.5319 0 16.5839
      vertex -79.2921 -5 16.225
      vertex -79.5319 -5 16.5839
    endloop
  endfacet
  facet normal -0.442222 0 0.896906
    outer loop
      vertex -80.8872 0 8.12621
      vertex -80.5 -5 8.31712
      vertex -80.5 0 8.31712
    endloop
  endfacet
  facet normal -0.442222 0 0.896906
    outer loop
      vertex -80.5 -5 8.31712
      vertex -80.8872 0 8.12621
      vertex -80.8872 -5 8.12621
    endloop
  endfacet
  facet normal -0.896892 0 0.442249
    outer loop
      vertex -79.2921 -5 9.52501
      vertex -79.1012 0 9.91216
      vertex -79.2921 0 9.52501
    endloop
  endfacet
  facet normal -0.896892 0 0.442249
    outer loop
      vertex -79.1012 0 9.91216
      vertex -79.2921 -5 9.52501
      vertex -79.1012 -5 9.91216
    endloop
  endfacet
  facet normal 0.0653349 0 -0.997863
    outer loop
      vertex -82.5807 -5 17.8468
      vertex -82.15 0 17.875
      vertex -82.15 -5 17.875
    endloop
  endfacet
  facet normal 0.0653349 0 -0.997863
    outer loop
      vertex -82.15 0 17.875
      vertex -82.5807 -5 17.8468
      vertex -82.5807 0 17.8468
    endloop
  endfacet
  facet normal -0.195091 0 0.980785
    outer loop
      vertex -81.7193 0 7.90324
      vertex -81.2959 -5 7.98746
      vertex -81.2959 0 7.98746
    endloop
  endfacet
  facet normal -0.195091 0 0.980785
    outer loop
      vertex -81.2959 -5 7.98746
      vertex -81.7193 0 7.90324
      vertex -81.7193 -5 7.90324
    endloop
  endfacet
  facet normal -0.659504 0 -0.751701
    outer loop
      vertex -80.1411 -5 17.1931
      vertex -79.8166 0 16.9084
      vertex -79.8166 -5 16.9084
    endloop
  endfacet
  facet normal -0.659504 0 -0.751701
    outer loop
      vertex -79.8166 0 16.9084
      vertex -80.1411 -5 17.1931
      vertex -80.1411 0 17.1931
    endloop
  endfacet
  facet normal -0.659373 0 0.751816
    outer loop
      vertex -80.1411 0 8.55695
      vertex -79.8166 -5 8.84155
      vertex -79.8166 0 8.84155
    endloop
  endfacet
  facet normal -0.659373 0 0.751816
    outer loop
      vertex -79.8166 -5 8.84155
      vertex -80.1411 0 8.55695
      vertex -80.1411 -5 8.55695
    endloop
  endfacet
  facet normal -0.946964 0 0.321339
    outer loop
      vertex -79.1012 -5 9.91216
      vertex -78.9625 0 10.3209
      vertex -79.1012 0 9.91216
    endloop
  endfacet
  facet normal -0.946964 0 0.321339
    outer loop
      vertex -78.9625 0 10.3209
      vertex -79.1012 -5 9.91216
      vertex -78.9625 -5 10.3209
    endloop
  endfacet
  facet normal 0.997863 -0 0.0653349
    outer loop
      vertex -85.45 -5 11.175
      vertex -85.4218 0 10.7443
      vertex -85.45 0 11.175
    endloop
  endfacet
  facet normal 0.997863 0 0.0653349
    outer loop
      vertex -85.4218 0 10.7443
      vertex -85.45 -5 11.175
      vertex -85.4218 -5 10.7443
    endloop
  endfacet
  facet normal -0.997863 0 0.0653349
    outer loop
      vertex -78.8782 -5 10.7443
      vertex -78.85 0 11.175
      vertex -78.8782 0 10.7443
    endloop
  endfacet
  facet normal -0.997863 0 0.0653349
    outer loop
      vertex -78.85 0 11.175
      vertex -78.8782 -5 10.7443
      vertex -78.85 -5 11.175
    endloop
  endfacet
  facet normal 0.65939 0 -0.751801
    outer loop
      vertex -84.4835 -5 16.9084
      vertex -84.1589 0 17.1931
      vertex -84.1589 -5 17.1931
    endloop
  endfacet
  facet normal 0.65939 0 -0.751801
    outer loop
      vertex -84.1589 0 17.1931
      vertex -84.4835 -5 16.9084
      vertex -84.4835 0 16.9084
    endloop
  endfacet
  facet normal -0.321367 0 -0.946955
    outer loop
      vertex -81.2959 -5 17.7625
      vertex -80.8872 0 17.6238
      vertex -80.8872 -5 17.6238
    endloop
  endfacet
  facet normal -0.321367 0 -0.946955
    outer loop
      vertex -80.8872 0 17.6238
      vertex -81.2959 -5 17.7625
      vertex -81.2959 0 17.7625
    endloop
  endfacet
  facet normal -0.98075 0 -0.19527
    outer loop
      vertex -78.8782 -5 15.0057
      vertex -78.9625 0 15.4291
      vertex -78.8782 0 15.0057
    endloop
  endfacet
  facet normal -0.98075 -0 -0.19527
    outer loop
      vertex -78.9625 0 15.4291
      vertex -78.8782 -5 15.0057
      vertex -78.9625 -5 15.4291
    endloop
  endfacet
  facet normal -0.751701 0 -0.659504
    outer loop
      vertex -79.5319 -5 16.5839
      vertex -79.8166 0 16.9084
      vertex -79.5319 0 16.5839
    endloop
  endfacet
  facet normal -0.751701 -0 -0.659504
    outer loop
      vertex -79.8166 0 16.9084
      vertex -79.5319 -5 16.5839
      vertex -79.8166 -5 16.9084
    endloop
  endfacet
  facet normal -0.751741 0 0.659458
    outer loop
      vertex -79.8166 -5 8.84155
      vertex -79.5319 0 9.16609
      vertex -79.8166 0 8.84155
    endloop
  endfacet
  facet normal -0.751741 0 0.659458
    outer loop
      vertex -79.5319 0 9.16609
      vertex -79.8166 -5 8.84155
      vertex -79.5319 -5 9.16609
    endloop
  endfacet
  facet normal 0.946955 0 -0.321367
    outer loop
      vertex -85.1988 -5 15.8378
      vertex -85.3375 0 15.4291
      vertex -85.1988 0 15.8378
    endloop
  endfacet
  facet normal 0.946955 0 -0.321367
    outer loop
      vertex -85.3375 0 15.4291
      vertex -85.1988 -5 15.8378
      vertex -85.3375 -5 15.4291
    endloop
  endfacet
  facet normal 0.98075 0 -0.19527
    outer loop
      vertex -85.3375 -5 15.4291
      vertex -85.4218 0 15.0057
      vertex -85.3375 0 15.4291
    endloop
  endfacet
  facet normal 0.98075 0 -0.19527
    outer loop
      vertex -85.4218 0 15.0057
      vertex -85.3375 -5 15.4291
      vertex -85.4218 -5 15.0057
    endloop
  endfacet
  facet normal 0.946964 -0 0.321339
    outer loop
      vertex -85.3375 -5 10.3209
      vertex -85.1988 0 9.91216
      vertex -85.3375 0 10.3209
    endloop
  endfacet
  facet normal 0.946964 0 0.321339
    outer loop
      vertex -85.1988 0 9.91216
      vertex -85.3375 -5 10.3209
      vertex -85.1988 -5 9.91216
    endloop
  endfacet
  facet normal 0.195091 0 0.980785
    outer loop
      vertex -83.0041 0 7.98746
      vertex -82.5807 -5 7.90324
      vertex -82.5807 0 7.90324
    endloop
  endfacet
  facet normal 0.195091 0 0.980785
    outer loop
      vertex -82.5807 -5 7.90324
      vertex -83.0041 0 7.98746
      vertex -83.0041 -5 7.98746
    endloop
  endfacet
  facet normal -0.19527 0 -0.98075
    outer loop
      vertex -81.7193 -5 17.8468
      vertex -81.2959 0 17.7625
      vertex -81.2959 -5 17.7625
    endloop
  endfacet
  facet normal -0.19527 0 -0.98075
    outer loop
      vertex -81.2959 0 17.7625
      vertex -81.7193 -5 17.8468
      vertex -81.7193 0 17.8468
    endloop
  endfacet
  facet normal 0.321471 0 0.94692
    outer loop
      vertex -83.4128 0 8.12621
      vertex -83.0041 -5 7.98746
      vertex -83.0041 0 7.98746
    endloop
  endfacet
  facet normal 0.321471 0 0.94692
    outer loop
      vertex -83.0041 -5 7.98746
      vertex -83.4128 0 8.12621
      vertex -83.4128 -5 8.12621
    endloop
  endfacet
  facet normal 0.831494 -0 0.555534
    outer loop
      vertex -85.0079 -5 9.52501
      vertex -84.7681 0 9.16609
      vertex -85.0079 0 9.52501
    endloop
  endfacet
  facet normal 0.831494 0 0.555534
    outer loop
      vertex -84.7681 0 9.16609
      vertex -85.0079 -5 9.52501
      vertex -84.7681 -5 9.16609
    endloop
  endfacet
  facet normal 0.751856 -0 0.659328
    outer loop
      vertex -84.7681 -5 9.16609
      vertex -84.4835 0 8.84155
      vertex -84.7681 0 9.16609
    endloop
  endfacet
  facet normal 0.751856 0 0.659328
    outer loop
      vertex -84.4835 0 8.84155
      vertex -84.7681 -5 9.16609
      vertex -84.4835 -5 8.84155
    endloop
  endfacet
  facet normal 0.442222 0 0.896906
    outer loop
      vertex -83.8 0 8.31712
      vertex -83.4128 -5 8.12621
      vertex -83.4128 0 8.12621
    endloop
  endfacet
  facet normal 0.442222 0 0.896906
    outer loop
      vertex -83.4128 -5 8.12621
      vertex -83.8 0 8.31712
      vertex -83.8 -5 8.31712
    endloop
  endfacet
  facet normal 0.751816 0 -0.659373
    outer loop
      vertex -84.4835 -5 16.9084
      vertex -84.7681 0 16.5839
      vertex -84.4835 0 16.9084
    endloop
  endfacet
  facet normal 0.751816 0 -0.659373
    outer loop
      vertex -84.7681 0 16.5839
      vertex -84.4835 -5 16.9084
      vertex -84.7681 -5 16.5839
    endloop
  endfacet
  facet normal 0.0654272 0 0.997857
    outer loop
      vertex -82.5807 0 7.90324
      vertex -82.15 -5 7.875
      vertex -82.15 0 7.875
    endloop
  endfacet
  facet normal 0.0654272 0 0.997857
    outer loop
      vertex -82.15 -5 7.875
      vertex -82.5807 0 7.90324
      vertex -82.5807 -5 7.90324
    endloop
  endfacet
  facet normal -0.0654272 0 0.997857
    outer loop
      vertex -94.85 0 7.875
      vertex -94.4193 -5 7.90324
      vertex -94.4193 0 7.90324
    endloop
  endfacet
  facet normal -0.0654272 0 0.997857
    outer loop
      vertex -94.4193 -5 7.90324
      vertex -94.85 0 7.875
      vertex -94.85 -5 7.875
    endloop
  endfacet
  facet normal 0.659373 0 0.751816
    outer loop
      vertex -97.1834 0 8.84155
      vertex -96.8589 -5 8.55695
      vertex -96.8589 0 8.55695
    endloop
  endfacet
  facet normal 0.659373 0 0.751816
    outer loop
      vertex -96.8589 -5 8.55695
      vertex -97.1834 0 8.84155
      vertex -97.1834 -5 8.84155
    endloop
  endfacet
  facet normal -0.442203 0 -0.896915
    outer loop
      vertex -93.5872 -5 17.6238
      vertex -93.2 0 17.4329
      vertex -93.2 -5 17.4329
    endloop
  endfacet
  facet normal -0.442203 0 -0.896915
    outer loop
      vertex -93.2 0 17.4329
      vertex -93.5872 -5 17.6238
      vertex -93.5872 0 17.6238
    endloop
  endfacet
  facet normal -0.831494 0 0.555534
    outer loop
      vertex -92.2319 -5 9.16609
      vertex -91.9921 0 9.52501
      vertex -92.2319 0 9.16609
    endloop
  endfacet
  facet normal -0.831494 0 0.555534
    outer loop
      vertex -91.9921 0 9.52501
      vertex -92.2319 -5 9.16609
      vertex -91.9921 -5 9.52501
    endloop
  endfacet
  facet normal 0.896915 0 -0.442203
    outer loop
      vertex -97.7079 -5 16.225
      vertex -97.8988 0 15.8378
      vertex -97.7079 0 16.225
    endloop
  endfacet
  facet normal 0.896915 0 -0.442203
    outer loop
      vertex -97.8988 0 15.8378
      vertex -97.7079 -5 16.225
      vertex -97.8988 -5 15.8378
    endloop
  endfacet
  facet normal -0.896915 0 -0.442203
    outer loop
      vertex -91.8012 -5 15.8378
      vertex -91.9921 0 16.225
      vertex -91.8012 0 15.8378
    endloop
  endfacet
  facet normal -0.896915 -0 -0.442203
    outer loop
      vertex -91.9921 0 16.225
      vertex -91.8012 -5 15.8378
      vertex -91.9921 -5 16.225
    endloop
  endfacet
  facet normal -0.997863 0 -0.0653349
    outer loop
      vertex -91.55 -5 14.575
      vertex -91.5782 0 15.0057
      vertex -91.55 0 14.575
    endloop
  endfacet
  facet normal -0.997863 -0 -0.0653349
    outer loop
      vertex -91.5782 0 15.0057
      vertex -91.55 -5 14.575
      vertex -91.5782 -5 15.0057
    endloop
  endfacet
  facet normal -0.0653349 0 -0.997863
    outer loop
      vertex -94.85 -5 17.875
      vertex -94.4193 0 17.8468
      vertex -94.4193 -5 17.8468
    endloop
  endfacet
  facet normal -0.0653349 0 -0.997863
    outer loop
      vertex -94.4193 0 17.8468
      vertex -94.85 -5 17.875
      vertex -94.85 0 17.875
    endloop
  endfacet
  facet normal 0.83148 0 -0.555555
    outer loop
      vertex -97.4681 -5 16.5839
      vertex -97.7079 0 16.225
      vertex -97.4681 0 16.5839
    endloop
  endfacet
  facet normal 0.83148 0 -0.555555
    outer loop
      vertex -97.7079 0 16.225
      vertex -97.4681 -5 16.5839
      vertex -97.7079 -5 16.225
    endloop
  endfacet
  facet normal -0.555603 0 0.831447
    outer loop
      vertex -93.2 0 8.31712
      vertex -92.8411 -5 8.55695
      vertex -92.8411 0 8.55695
    endloop
  endfacet
  facet normal -0.555603 0 0.831447
    outer loop
      vertex -92.8411 -5 8.55695
      vertex -93.2 0 8.31712
      vertex -93.2 -5 8.31712
    endloop
  endfacet
  facet normal 1 -0 0
    outer loop
      vertex -98.15 -5 14.575
      vertex -98.15 0 11.175
      vertex -98.15 0 14.575
    endloop
  endfacet
  facet normal 1 0 0
    outer loop
      vertex -98.15 0 11.175
      vertex -98.15 -5 14.575
      vertex -98.15 -5 11.175
    endloop
  endfacet
  facet normal 0.321367 0 -0.946955
    outer loop
      vertex -96.1128 -5 17.6238
      vertex -95.7041 0 17.7625
      vertex -95.7041 -5 17.7625
    endloop
  endfacet
  facet normal 0.321367 0 -0.946955
    outer loop
      vertex -95.7041 0 17.7625
      vertex -96.1128 -5 17.6238
      vertex -96.1128 0 17.6238
    endloop
  endfacet
  facet normal -0.946955 0 -0.321367
    outer loop
      vertex -91.6625 -5 15.4291
      vertex -91.8012 0 15.8378
      vertex -91.6625 0 15.4291
    endloop
  endfacet
  facet normal -0.946955 -0 -0.321367
    outer loop
      vertex -91.8012 0 15.8378
      vertex -91.6625 -5 15.4291
      vertex -91.8012 -5 15.8378
    endloop
  endfacet
  facet normal 0.442203 0 -0.896915
    outer loop
      vertex -96.5 -5 17.4329
      vertex -96.1128 0 17.6238
      vertex -96.1128 -5 17.6238
    endloop
  endfacet
  facet normal 0.442203 0 -0.896915
    outer loop
      vertex -96.1128 0 17.6238
      vertex -96.5 -5 17.4329
      vertex -96.5 0 17.4329
    endloop
  endfacet
  facet normal 0.98075 -0 0.19527
    outer loop
      vertex -98.1218 -5 10.7443
      vertex -98.0375 0 10.3209
      vertex -98.1218 0 10.7443
    endloop
  endfacet
  facet normal 0.98075 0 0.19527
    outer loop
      vertex -98.0375 0 10.3209
      vertex -98.1218 -5 10.7443
      vertex -98.0375 -5 10.3209
    endloop
  endfacet
  facet normal -0.555555 0 -0.83148
    outer loop
      vertex -93.2 -5 17.4329
      vertex -92.8411 0 17.1931
      vertex -92.8411 -5 17.1931
    endloop
  endfacet
  facet normal -0.555555 0 -0.83148
    outer loop
      vertex -92.8411 0 17.1931
      vertex -93.2 -5 17.4329
      vertex -93.2 0 17.4329
    endloop
  endfacet
  facet normal 0.19527 0 -0.98075
    outer loop
      vertex -95.7041 -5 17.7625
      vertex -95.2807 0 17.8468
      vertex -95.2807 -5 17.8468
    endloop
  endfacet
  facet normal 0.19527 0 -0.98075
    outer loop
      vertex -95.2807 0 17.8468
      vertex -95.7041 -5 17.7625
      vertex -95.7041 0 17.7625
    endloop
  endfacet
  facet normal 0.896892 -0 0.442249
    outer loop
      vertex -97.8988 -5 9.91216
      vertex -97.7079 0 9.52501
      vertex -97.8988 0 9.91216
    endloop
  endfacet
  facet normal 0.896892 0 0.442249
    outer loop
      vertex -97.7079 0 9.52501
      vertex -97.8988 -5 9.91216
      vertex -97.7079 -5 9.52501
    endloop
  endfacet
  facet normal -0.321471 0 0.94692
    outer loop
      vertex -93.9959 0 7.98746
      vertex -93.5872 -5 8.12621
      vertex -93.5872 0 8.12621
    endloop
  endfacet
  facet normal -0.321471 0 0.94692
    outer loop
      vertex -93.5872 -5 8.12621
      vertex -93.9959 0 7.98746
      vertex -93.9959 -5 7.98746
    endloop
  endfacet
  facet normal 0.555555 0 -0.83148
    outer loop
      vertex -96.8589 -5 17.1931
      vertex -96.5 0 17.4329
      vertex -96.5 -5 17.4329
    endloop
  endfacet
  facet normal 0.555555 0 -0.83148
    outer loop
      vertex -96.5 0 17.4329
      vertex -96.8589 -5 17.1931
      vertex -96.8589 0 17.1931
    endloop
  endfacet
  facet normal -0.98075 0 0.19527
    outer loop
      vertex -91.6625 -5 10.3209
      vertex -91.5782 0 10.7443
      vertex -91.6625 0 10.3209
    endloop
  endfacet
  facet normal -0.98075 0 0.19527
    outer loop
      vertex -91.5782 0 10.7443
      vertex -91.6625 -5 10.3209
      vertex -91.5782 -5 10.7443
    endloop
  endfacet
  facet normal -1 0 0
    outer loop
      vertex -91.55 -5 11.175
      vertex -91.55 0 14.575
      vertex -91.55 0 11.175
    endloop
  endfacet
  facet normal -1 -0 0
    outer loop
      vertex -91.55 0 14.575
      vertex -91.55 -5 11.175
      vertex -91.55 -5 14.575
    endloop
  endfacet
  facet normal 0.555603 0 0.831447
    outer loop
      vertex -96.8589 0 8.55695
      vertex -96.5 -5 8.31712
      vertex -96.5 0 8.31712
    endloop
  endfacet
  facet normal 0.555603 0 0.831447
    outer loop
      vertex -96.5 -5 8.31712
      vertex -96.8589 0 8.55695
      vertex -96.8589 -5 8.55695
    endloop
  endfacet
  facet normal 0.98075 0 -0.19527
    outer loop
      vertex -98.0375 -5 15.4291
      vertex -98.1218 0 15.0057
      vertex -98.0375 0 15.4291
    endloop
  endfacet
  facet normal 0.98075 0 -0.19527
    outer loop
      vertex -98.1218 0 15.0057
      vertex -98.0375 -5 15.4291
      vertex -98.1218 -5 15.0057
    endloop
  endfacet
  facet normal 0.997863 0 -0.0653349
    outer loop
      vertex -98.1218 -5 15.0057
      vertex -98.15 0 14.575
      vertex -98.1218 0 15.0057
    endloop
  endfacet
  facet normal 0.997863 0 -0.0653349
    outer loop
      vertex -98.15 0 14.575
      vertex -98.1218 -5 15.0057
      vertex -98.15 -5 14.575
    endloop
  endfacet
  facet normal -0.442222 0 0.896906
    outer loop
      vertex -93.5872 0 8.12621
      vertex -93.2 -5 8.31712
      vertex -93.2 0 8.31712
    endloop
  endfacet
  facet normal -0.442222 0 0.896906
    outer loop
      vertex -93.2 -5 8.31712
      vertex -93.5872 0 8.12621
      vertex -93.5872 -5 8.12621
    endloop
  endfacet
  facet normal -0.896892 0 0.442249
    outer loop
      vertex -91.9921 -5 9.52501
      vertex -91.8012 0 9.91216
      vertex -91.9921 0 9.52501
    endloop
  endfacet
  facet normal -0.896892 0 0.442249
    outer loop
      vertex -91.8012 0 9.91216
      vertex -91.9921 -5 9.52501
      vertex -91.8012 -5 9.91216
    endloop
  endfacet
  facet normal 0.0653349 0 -0.997863
    outer loop
      vertex -95.2807 -5 17.8468
      vertex -94.85 0 17.875
      vertex -94.85 -5 17.875
    endloop
  endfacet
  facet normal 0.0653349 0 -0.997863
    outer loop
      vertex -94.85 0 17.875
      vertex -95.2807 -5 17.8468
      vertex -95.2807 0 17.8468
    endloop
  endfacet
  facet normal -0.195091 0 0.980785
    outer loop
      vertex -94.4193 0 7.90324
      vertex -93.9959 -5 7.98746
      vertex -93.9959 0 7.98746
    endloop
  endfacet
  facet normal -0.195091 0 0.980785
    outer loop
      vertex -93.9959 -5 7.98746
      vertex -94.4193 0 7.90324
      vertex -94.4193 -5 7.90324
    endloop
  endfacet
  facet normal -0.65939 0 -0.751801
    outer loop
      vertex -92.8411 -5 17.1931
      vertex -92.5165 0 16.9084
      vertex -92.5165 -5 16.9084
    endloop
  endfacet
  facet normal -0.65939 0 -0.751801
    outer loop
      vertex -92.5165 0 16.9084
      vertex -92.8411 -5 17.1931
      vertex -92.8411 0 17.1931
    endloop
  endfacet
  facet normal -0.659259 0 0.751916
    outer loop
      vertex -92.8411 0 8.55695
      vertex -92.5165 -5 8.84155
      vertex -92.5165 0 8.84155
    endloop
  endfacet
  facet normal -0.659259 0 0.751916
    outer loop
      vertex -92.5165 -5 8.84155
      vertex -92.8411 0 8.55695
      vertex -92.8411 -5 8.55695
    endloop
  endfacet
  facet normal -0.946964 0 0.321339
    outer loop
      vertex -91.8012 -5 9.91216
      vertex -91.6625 0 10.3209
      vertex -91.8012 0 9.91216
    endloop
  endfacet
  facet normal -0.946964 0 0.321339
    outer loop
      vertex -91.6625 0 10.3209
      vertex -91.8012 -5 9.91216
      vertex -91.6625 -5 10.3209
    endloop
  endfacet
  facet normal 0.997863 -0 0.0653349
    outer loop
      vertex -98.15 -5 11.175
      vertex -98.1218 0 10.7443
      vertex -98.15 0 11.175
    endloop
  endfacet
  facet normal 0.997863 0 0.0653349
    outer loop
      vertex -98.1218 0 10.7443
      vertex -98.15 -5 11.175
      vertex -98.1218 -5 10.7443
    endloop
  endfacet
  facet normal -0.997863 0 0.0653349
    outer loop
      vertex -91.5782 -5 10.7443
      vertex -91.55 0 11.175
      vertex -91.5782 0 10.7443
    endloop
  endfacet
  facet normal -0.997863 0 0.0653349
    outer loop
      vertex -91.55 0 11.175
      vertex -91.5782 -5 10.7443
      vertex -91.55 -5 11.175
    endloop
  endfacet
  facet normal 0.659504 0 -0.751701
    outer loop
      vertex -97.1834 -5 16.9084
      vertex -96.8589 0 17.1931
      vertex -96.8589 -5 17.1931
    endloop
  endfacet
  facet normal 0.659504 0 -0.751701
    outer loop
      vertex -96.8589 0 17.1931
      vertex -97.1834 -5 16.9084
      vertex -97.1834 0 16.9084
    endloop
  endfacet
  facet normal -0.321367 0 -0.946955
    outer loop
      vertex -93.9959 -5 17.7625
      vertex -93.5872 0 17.6238
      vertex -93.5872 -5 17.6238
    endloop
  endfacet
  facet normal -0.321367 0 -0.946955
    outer loop
      vertex -93.5872 0 17.6238
      vertex -93.9959 -5 17.7625
      vertex -93.9959 0 17.7625
    endloop
  endfacet
  facet normal -0.98075 0 -0.19527
    outer loop
      vertex -91.5782 -5 15.0057
      vertex -91.6625 0 15.4291
      vertex -91.5782 0 15.0057
    endloop
  endfacet
  facet normal -0.98075 -0 -0.19527
    outer loop
      vertex -91.6625 0 15.4291
      vertex -91.5782 -5 15.0057
      vertex -91.6625 -5 15.4291
    endloop
  endfacet
  facet normal -0.751816 0 -0.659373
    outer loop
      vertex -92.2319 -5 16.5839
      vertex -92.5165 0 16.9084
      vertex -92.2319 0 16.5839
    endloop
  endfacet
  facet normal -0.751816 -0 -0.659373
    outer loop
      vertex -92.5165 0 16.9084
      vertex -92.2319 -5 16.5839
      vertex -92.5165 -5 16.9084
    endloop
  endfacet
  facet normal -0.83148 0 -0.555555
    outer loop
      vertex -91.9921 -5 16.225
      vertex -92.2319 0 16.5839
      vertex -91.9921 0 16.225
    endloop
  endfacet
  facet normal -0.83148 -0 -0.555555
    outer loop
      vertex -92.2319 0 16.5839
      vertex -91.9921 -5 16.225
      vertex -92.2319 -5 16.5839
    endloop
  endfacet
  facet normal -0.751856 0 0.659328
    outer loop
      vertex -92.5165 -5 8.84155
      vertex -92.2319 0 9.16609
      vertex -92.5165 0 8.84155
    endloop
  endfacet
  facet normal -0.751856 0 0.659328
    outer loop
      vertex -92.2319 0 9.16609
      vertex -92.5165 -5 8.84155
      vertex -92.2319 -5 9.16609
    endloop
  endfacet
  facet normal 0.946955 0 -0.321367
    outer loop
      vertex -97.8988 -5 15.8378
      vertex -98.0375 0 15.4291
      vertex -97.8988 0 15.8378
    endloop
  endfacet
  facet normal 0.946955 0 -0.321367
    outer loop
      vertex -98.0375 0 15.4291
      vertex -97.8988 -5 15.8378
      vertex -98.0375 -5 15.4291
    endloop
  endfacet
  facet normal 0.946964 -0 0.321339
    outer loop
      vertex -98.0375 -5 10.3209
      vertex -97.8988 0 9.91216
      vertex -98.0375 0 10.3209
    endloop
  endfacet
  facet normal 0.946964 0 0.321339
    outer loop
      vertex -97.8988 0 9.91216
      vertex -98.0375 -5 10.3209
      vertex -97.8988 -5 9.91216
    endloop
  endfacet
  facet normal 0.195091 0 0.980785
    outer loop
      vertex -95.7041 0 7.98746
      vertex -95.2807 -5 7.90324
      vertex -95.2807 0 7.90324
    endloop
  endfacet
  facet normal 0.195091 0 0.980785
    outer loop
      vertex -95.2807 -5 7.90324
      vertex -95.7041 0 7.98746
      vertex -95.7041 -5 7.98746
    endloop
  endfacet
  facet normal -0.19527 0 -0.98075
    outer loop
      vertex -94.4193 -5 17.8468
      vertex -93.9959 0 17.7625
      vertex -93.9959 -5 17.7625
    endloop
  endfacet
  facet normal -0.19527 0 -0.98075
    outer loop
      vertex -93.9959 0 17.7625
      vertex -94.4193 -5 17.8468
      vertex -94.4193 0 17.8468
    endloop
  endfacet
  facet normal 0.321471 0 0.94692
    outer loop
      vertex -96.1128 0 8.12621
      vertex -95.7041 -5 7.98746
      vertex -95.7041 0 7.98746
    endloop
  endfacet
  facet normal 0.321471 0 0.94692
    outer loop
      vertex -95.7041 -5 7.98746
      vertex -96.1128 0 8.12621
      vertex -96.1128 -5 8.12621
    endloop
  endfacet
  facet normal 0.831494 -0 0.555534
    outer loop
      vertex -97.7079 -5 9.52501
      vertex -97.4681 0 9.16609
      vertex -97.7079 0 9.52501
    endloop
  endfacet
  facet normal 0.831494 0 0.555534
    outer loop
      vertex -97.4681 0 9.16609
      vertex -97.7079 -5 9.52501
      vertex -97.4681 -5 9.16609
    endloop
  endfacet
  facet normal 0.751741 -0 0.659458
    outer loop
      vertex -97.4681 -5 9.16609
      vertex -97.1834 0 8.84155
      vertex -97.4681 0 9.16609
    endloop
  endfacet
  facet normal 0.751741 0 0.659458
    outer loop
      vertex -97.1834 0 8.84155
      vertex -97.4681 -5 9.16609
      vertex -97.1834 -5 8.84155
    endloop
  endfacet
  facet normal 0.442222 0 0.896906
    outer loop
      vertex -96.5 0 8.31712
      vertex -96.1128 -5 8.12621
      vertex -96.1128 0 8.12621
    endloop
  endfacet
  facet normal 0.442222 0 0.896906
    outer loop
      vertex -96.1128 -5 8.12621
      vertex -96.5 0 8.31712
      vertex -96.5 -5 8.31712
    endloop
  endfacet
  facet normal 0.751701 0 -0.659504
    outer loop
      vertex -97.1834 -5 16.9084
      vertex -97.4681 0 16.5839
      vertex -97.1834 0 16.9084
    endloop
  endfacet
  facet normal 0.751701 0 -0.659504
    outer loop
      vertex -97.4681 0 16.5839
      vertex -97.1834 -5 16.9084
      vertex -97.4681 -5 16.5839
    endloop
  endfacet
  facet normal 0.0654272 0 0.997857
    outer loop
      vertex -95.2807 0 7.90324
      vertex -94.85 -5 7.875
      vertex -94.85 0 7.875
    endloop
  endfacet
  facet normal 0.0654272 0 0.997857
    outer loop
      vertex -94.85 -5 7.875
      vertex -95.2807 0 7.90324
      vertex -95.2807 -5 7.90324
    endloop
  endfacet
  facet normal -0.0653818 0 0.99786
    outer loop
      vertex -110.725 0 7.875
      vertex -110.294 -5 7.90324
      vertex -110.294 0 7.90324
    endloop
  endfacet
  facet normal -0.0653818 0 0.99786
    outer loop
      vertex -110.294 -5 7.90324
      vertex -110.725 0 7.875
      vertex -110.725 -5 7.875
    endloop
  endfacet
  facet normal 0.659948 0 0.751311
    outer loop
      vertex -113.058 0 8.84155
      vertex -112.734 -5 8.55695
      vertex -112.734 0 8.55695
    endloop
  endfacet
  facet normal 0.659948 0 0.751311
    outer loop
      vertex -112.734 -5 8.55695
      vertex -113.058 0 8.84155
      vertex -113.058 -5 8.84155
    endloop
  endfacet
  facet normal -0.442387 0 -0.896824
    outer loop
      vertex -109.462 -5 17.6238
      vertex -109.075 0 17.4329
      vertex -109.075 -5 17.4329
    endloop
  endfacet
  facet normal -0.442387 0 -0.896824
    outer loop
      vertex -109.075 0 17.4329
      vertex -109.462 -5 17.6238
      vertex -109.462 0 17.6238
    endloop
  endfacet
  facet normal -0.83128 0 0.555854
    outer loop
      vertex -108.107 -5 9.16609
      vertex -107.867 0 9.52501
      vertex -108.107 0 9.16609
    endloop
  endfacet
  facet normal -0.83128 0 0.555854
    outer loop
      vertex -107.867 0 9.52501
      vertex -108.107 -5 9.16609
      vertex -107.867 -5 9.52501
    endloop
  endfacet
  facet normal 0.896823 0 -0.442389
    outer loop
      vertex -113.583 -5 16.225
      vertex -113.774 0 15.8378
      vertex -113.583 0 16.225
    endloop
  endfacet
  facet normal 0.896823 0 -0.442389
    outer loop
      vertex -113.774 0 15.8378
      vertex -113.583 -5 16.225
      vertex -113.774 -5 15.8378
    endloop
  endfacet
  facet normal -0.896823 0 -0.442389
    outer loop
      vertex -107.676 -5 15.8378
      vertex -107.867 0 16.225
      vertex -107.676 0 15.8378
    endloop
  endfacet
  facet normal -0.896823 -0 -0.442389
    outer loop
      vertex -107.867 0 16.225
      vertex -107.676 -5 15.8378
      vertex -107.867 -5 16.225
    endloop
  endfacet
  facet normal -0.997893 0 -0.0648735
    outer loop
      vertex -107.425 -5 14.575
      vertex -107.453 0 15.0057
      vertex -107.425 0 14.575
    endloop
  endfacet
  facet normal -0.997893 -0 -0.0648735
    outer loop
      vertex -107.453 0 15.0057
      vertex -107.425 -5 14.575
      vertex -107.453 -5 15.0057
    endloop
  endfacet
  facet normal -0.0652896 0 -0.997866
    outer loop
      vertex -110.725 -5 17.875
      vertex -110.294 0 17.8468
      vertex -110.294 -5 17.8468
    endloop
  endfacet
  facet normal -0.0652896 0 -0.997866
    outer loop
      vertex -110.294 0 17.8468
      vertex -110.725 -5 17.875
      vertex -110.725 0 17.875
    endloop
  endfacet
  facet normal 0.831266 0 -0.555876
    outer loop
      vertex -113.343 -5 16.5839
      vertex -113.583 0 16.225
      vertex -113.343 0 16.5839
    endloop
  endfacet
  facet normal 0.831266 0 -0.555876
    outer loop
      vertex -113.583 0 16.225
      vertex -113.343 -5 16.5839
      vertex -113.583 -5 16.225
    endloop
  endfacet
  facet normal -0.555496 0 0.831519
    outer loop
      vertex -109.075 0 8.31712
      vertex -108.716 -5 8.55695
      vertex -108.716 0 8.55695
    endloop
  endfacet
  facet normal -0.555496 0 0.831519
    outer loop
      vertex -108.716 -5 8.55695
      vertex -109.075 0 8.31712
      vertex -109.075 -5 8.31712
    endloop
  endfacet
  facet normal 1 -0 0
    outer loop
      vertex -114.025 -5 14.575
      vertex -114.025 0 11.175
      vertex -114.025 0 14.575
    endloop
  endfacet
  facet normal 1 0 0
    outer loop
      vertex -114.025 0 11.175
      vertex -114.025 -5 14.575
      vertex -114.025 -5 11.175
    endloop
  endfacet
  facet normal 0.321155 0 -0.947026
    outer loop
      vertex -111.988 -5 17.6238
      vertex -111.579 0 17.7625
      vertex -111.579 -5 17.7625
    endloop
  endfacet
  facet normal 0.321155 0 -0.947026
    outer loop
      vertex -111.579 0 17.7625
      vertex -111.988 -5 17.6238
      vertex -111.988 0 17.6238
    endloop
  endfacet
  facet normal -0.946743 0 -0.32199
    outer loop
      vertex -107.537 -5 15.4291
      vertex -107.676 0 15.8378
      vertex -107.537 0 15.4291
    endloop
  endfacet
  facet normal -0.946743 -0 -0.32199
    outer loop
      vertex -107.676 0 15.8378
      vertex -107.537 -5 15.4291
      vertex -107.676 -5 15.8378
    endloop
  endfacet
  facet normal 0.442387 0 -0.896824
    outer loop
      vertex -112.375 -5 17.4329
      vertex -111.988 0 17.6238
      vertex -111.988 -5 17.6238
    endloop
  endfacet
  facet normal 0.442387 0 -0.896824
    outer loop
      vertex -111.988 0 17.6238
      vertex -112.375 -5 17.4329
      vertex -112.375 0 17.4329
    endloop
  endfacet
  facet normal -0.555448 0 -0.831551
    outer loop
      vertex -109.075 -5 17.4329
      vertex -108.716 0 17.1931
      vertex -108.716 -5 17.1931
    endloop
  endfacet
  facet normal -0.555448 0 -0.831551
    outer loop
      vertex -108.716 0 17.1931
      vertex -109.075 -5 17.4329
      vertex -109.075 0 17.4329
    endloop
  endfacet
  facet normal 0.195447 0 -0.980714
    outer loop
      vertex -111.579 -5 17.7625
      vertex -111.156 0 17.8468
      vertex -111.156 -5 17.8468
    endloop
  endfacet
  facet normal 0.195447 0 -0.980714
    outer loop
      vertex -111.156 0 17.8468
      vertex -111.579 -5 17.7625
      vertex -111.579 0 17.7625
    endloop
  endfacet
  facet normal 0.8968 -0 0.442435
    outer loop
      vertex -113.774 -5 9.91216
      vertex -113.583 0 9.52501
      vertex -113.774 0 9.91216
    endloop
  endfacet
  facet normal 0.8968 0 0.442435
    outer loop
      vertex -113.583 0 9.52501
      vertex -113.774 -5 9.91216
      vertex -113.583 -5 9.52501
    endloop
  endfacet
  facet normal -0.321259 0 0.946991
    outer loop
      vertex -109.871 0 7.98746
      vertex -109.462 -5 8.12621
      vertex -109.462 0 8.12621
    endloop
  endfacet
  facet normal -0.321259 0 0.946991
    outer loop
      vertex -109.462 -5 8.12621
      vertex -109.871 0 7.98746
      vertex -109.871 -5 7.98746
    endloop
  endfacet
  facet normal 0.555448 0 -0.831551
    outer loop
      vertex -112.734 -5 17.1931
      vertex -112.375 0 17.4329
      vertex -112.375 -5 17.4329
    endloop
  endfacet
  facet normal 0.555448 0 -0.831551
    outer loop
      vertex -112.375 0 17.4329
      vertex -112.734 -5 17.1931
      vertex -112.734 0 17.1931
    endloop
  endfacet
  facet normal -0.980882 0 0.194601
    outer loop
      vertex -107.537 -5 10.3209
      vertex -107.453 0 10.7443
      vertex -107.537 0 10.3209
    endloop
  endfacet
  facet normal -0.980882 0 0.194601
    outer loop
      vertex -107.453 0 10.7443
      vertex -107.537 -5 10.3209
      vertex -107.453 -5 10.7443
    endloop
  endfacet
  facet normal -1 0 0
    outer loop
      vertex -107.425 -5 11.175
      vertex -107.425 0 14.575
      vertex -107.425 0 11.175
    endloop
  endfacet
  facet normal -1 -0 0
    outer loop
      vertex -107.425 0 14.575
      vertex -107.425 -5 11.175
      vertex -107.425 -5 14.575
    endloop
  endfacet
  facet normal 0.555496 0 0.831519
    outer loop
      vertex -112.734 0 8.55695
      vertex -112.375 -5 8.31712
      vertex -112.375 0 8.31712
    endloop
  endfacet
  facet normal 0.555496 0 0.831519
    outer loop
      vertex -112.375 -5 8.31712
      vertex -112.734 0 8.55695
      vertex -112.734 -5 8.55695
    endloop
  endfacet
  facet normal 0.980882 0 -0.194601
    outer loop
      vertex -113.913 -5 15.4291
      vertex -113.997 0 15.0057
      vertex -113.913 0 15.4291
    endloop
  endfacet
  facet normal 0.980882 0 -0.194601
    outer loop
      vertex -113.997 0 15.0057
      vertex -113.913 -5 15.4291
      vertex -113.997 -5 15.0057
    endloop
  endfacet
  facet normal 0.997893 0 -0.0648735
    outer loop
      vertex -113.997 -5 15.0057
      vertex -114.025 0 14.575
      vertex -113.997 0 15.0057
    endloop
  endfacet
  facet normal 0.997893 0 -0.0648735
    outer loop
      vertex -114.025 0 14.575
      vertex -113.997 -5 15.0057
      vertex -114.025 -5 14.575
    endloop
  endfacet
  facet normal -0.831266 0 -0.555876
    outer loop
      vertex -107.867 -5 16.225
      vertex -108.107 0 16.5839
      vertex -107.867 0 16.225
    endloop
  endfacet
  facet normal -0.831266 -0 -0.555876
    outer loop
      vertex -108.107 0 16.5839
      vertex -107.867 -5 16.225
      vertex -108.107 -5 16.5839
    endloop
  endfacet
  facet normal -0.442406 0 0.896815
    outer loop
      vertex -109.462 0 8.12621
      vertex -109.075 -5 8.31712
      vertex -109.075 0 8.31712
    endloop
  endfacet
  facet normal -0.442406 0 0.896815
    outer loop
      vertex -109.075 -5 8.31712
      vertex -109.462 0 8.12621
      vertex -109.462 -5 8.12621
    endloop
  endfacet
  facet normal -0.8968 0 0.442435
    outer loop
      vertex -107.867 -5 9.52501
      vertex -107.676 0 9.91216
      vertex -107.867 0 9.52501
    endloop
  endfacet
  facet normal -0.8968 0 0.442435
    outer loop
      vertex -107.676 0 9.91216
      vertex -107.867 -5 9.52501
      vertex -107.676 -5 9.91216
    endloop
  endfacet
  facet normal 0.0652896 0 -0.997866
    outer loop
      vertex -111.156 -5 17.8468
      vertex -110.725 0 17.875
      vertex -110.725 -5 17.875
    endloop
  endfacet
  facet normal 0.0652896 0 -0.997866
    outer loop
      vertex -110.725 0 17.875
      vertex -111.156 -5 17.8468
      vertex -111.156 0 17.8468
    endloop
  endfacet
  facet normal -0.195269 0 0.98075
    outer loop
      vertex -110.294 0 7.90324
      vertex -109.871 -5 7.98746
      vertex -109.871 0 7.98746
    endloop
  endfacet
  facet normal -0.195269 0 0.98075
    outer loop
      vertex -109.871 -5 7.98746
      vertex -110.294 0 7.90324
      vertex -110.294 -5 7.90324
    endloop
  endfacet
  facet normal -0.660079 0 -0.751196
    outer loop
      vertex -108.716 -5 17.1931
      vertex -108.392 0 16.9084
      vertex -108.392 -5 16.9084
    endloop
  endfacet
  facet normal -0.660079 0 -0.751196
    outer loop
      vertex -108.392 0 16.9084
      vertex -108.716 -5 17.1931
      vertex -108.716 0 17.1931
    endloop
  endfacet
  facet normal -0.659948 0 0.751311
    outer loop
      vertex -108.716 0 8.55695
      vertex -108.392 -5 8.84155
      vertex -108.392 0 8.84155
    endloop
  endfacet
  facet normal -0.659948 0 0.751311
    outer loop
      vertex -108.392 -5 8.84155
      vertex -108.716 0 8.55695
      vertex -108.716 -5 8.55695
    endloop
  endfacet
  facet normal -0.946753 0 0.321962
    outer loop
      vertex -107.676 -5 9.91216
      vertex -107.537 0 10.3209
      vertex -107.676 0 9.91216
    endloop
  endfacet
  facet normal -0.946753 0 0.321962
    outer loop
      vertex -107.537 0 10.3209
      vertex -107.676 -5 9.91216
      vertex -107.537 -5 10.3209
    endloop
  endfacet
  facet normal 0.997893 -0 0.0648735
    outer loop
      vertex -114.025 -5 11.175
      vertex -113.997 0 10.7443
      vertex -114.025 0 11.175
    endloop
  endfacet
  facet normal 0.997893 0 0.0648735
    outer loop
      vertex -113.997 0 10.7443
      vertex -114.025 -5 11.175
      vertex -113.997 -5 10.7443
    endloop
  endfacet
  facet normal -0.980882 0 -0.194601
    outer loop
      vertex -107.453 -5 15.0057
      vertex -107.537 0 15.4291
      vertex -107.453 0 15.0057
    endloop
  endfacet
  facet normal -0.980882 -0 -0.194601
    outer loop
      vertex -107.537 0 15.4291
      vertex -107.453 -5 15.0057
      vertex -107.537 -5 15.4291
    endloop
  endfacet
  facet normal -0.997893 0 0.0648735
    outer loop
      vertex -107.453 -5 10.7443
      vertex -107.425 0 11.175
      vertex -107.453 0 10.7443
    endloop
  endfacet
  facet normal -0.997893 0 0.0648735
    outer loop
      vertex -107.425 0 11.175
      vertex -107.453 -5 10.7443
      vertex -107.425 -5 11.175
    endloop
  endfacet
  facet normal 0.660079 0 -0.751196
    outer loop
      vertex -113.058 -5 16.9084
      vertex -112.734 0 17.1931
      vertex -112.734 -5 17.1931
    endloop
  endfacet
  facet normal 0.660079 0 -0.751196
    outer loop
      vertex -112.734 0 17.1931
      vertex -113.058 -5 16.9084
      vertex -113.058 0 16.9084
    endloop
  endfacet
  facet normal -0.321155 0 -0.947026
    outer loop
      vertex -109.871 -5 17.7625
      vertex -109.462 0 17.6238
      vertex -109.462 -5 17.6238
    endloop
  endfacet
  facet normal -0.321155 0 -0.947026
    outer loop
      vertex -109.462 0 17.6238
      vertex -109.871 -5 17.7625
      vertex -109.871 0 17.7625
    endloop
  endfacet
  facet normal -0.751356 0 -0.659897
    outer loop
      vertex -108.107 -5 16.5839
      vertex -108.392 0 16.9084
      vertex -108.107 0 16.5839
    endloop
  endfacet
  facet normal -0.751356 -0 -0.659897
    outer loop
      vertex -108.392 0 16.9084
      vertex -108.107 -5 16.5839
      vertex -108.392 -5 16.9084
    endloop
  endfacet
  facet normal -0.751397 0 0.659851
    outer loop
      vertex -108.392 -5 8.84155
      vertex -108.107 0 9.16609
      vertex -108.392 0 8.84155
    endloop
  endfacet
  facet normal -0.751397 0 0.659851
    outer loop
      vertex -108.107 0 9.16609
      vertex -108.392 -5 8.84155
      vertex -108.107 -5 9.16609
    endloop
  endfacet
  facet normal 0.946743 0 -0.32199
    outer loop
      vertex -113.774 -5 15.8378
      vertex -113.913 0 15.4291
      vertex -113.774 0 15.8378
    endloop
  endfacet
  facet normal 0.946743 0 -0.32199
    outer loop
      vertex -113.913 0 15.4291
      vertex -113.774 -5 15.8378
      vertex -113.913 -5 15.4291
    endloop
  endfacet
  facet normal 0.946753 -0 0.321962
    outer loop
      vertex -113.913 -5 10.3209
      vertex -113.774 0 9.91216
      vertex -113.913 0 10.3209
    endloop
  endfacet
  facet normal 0.946753 0 0.321962
    outer loop
      vertex -113.774 0 9.91216
      vertex -113.913 -5 10.3209
      vertex -113.774 -5 9.91216
    endloop
  endfacet
  facet normal 0.980882 -0 0.194601
    outer loop
      vertex -113.997 -5 10.7443
      vertex -113.913 0 10.3209
      vertex -113.997 0 10.7443
    endloop
  endfacet
  facet normal 0.980882 0 0.194601
    outer loop
      vertex -113.913 0 10.3209
      vertex -113.997 -5 10.7443
      vertex -113.913 -5 10.3209
    endloop
  endfacet
  facet normal 0.195269 0 0.98075
    outer loop
      vertex -111.579 0 7.98746
      vertex -111.156 -5 7.90324
      vertex -111.156 0 7.90324
    endloop
  endfacet
  facet normal 0.195269 0 0.98075
    outer loop
      vertex -111.156 -5 7.90324
      vertex -111.579 0 7.98746
      vertex -111.579 -5 7.98746
    endloop
  endfacet
  facet normal -0.195447 0 -0.980714
    outer loop
      vertex -110.294 -5 17.8468
      vertex -109.871 0 17.7625
      vertex -109.871 -5 17.7625
    endloop
  endfacet
  facet normal -0.195447 0 -0.980714
    outer loop
      vertex -109.871 0 17.7625
      vertex -110.294 -5 17.8468
      vertex -110.294 0 17.8468
    endloop
  endfacet
  facet normal 0.321259 0 0.946991
    outer loop
      vertex -111.988 0 8.12621
      vertex -111.579 -5 7.98746
      vertex -111.579 0 7.98746
    endloop
  endfacet
  facet normal 0.321259 0 0.946991
    outer loop
      vertex -111.579 -5 7.98746
      vertex -111.988 0 8.12621
      vertex -111.988 -5 8.12621
    endloop
  endfacet
  facet normal 0.83128 -0 0.555854
    outer loop
      vertex -113.583 -5 9.52501
      vertex -113.343 0 9.16609
      vertex -113.583 0 9.52501
    endloop
  endfacet
  facet normal 0.83128 0 0.555854
    outer loop
      vertex -113.343 0 9.16609
      vertex -113.583 -5 9.52501
      vertex -113.343 -5 9.16609
    endloop
  endfacet
  facet normal 0.751397 -0 0.659851
    outer loop
      vertex -113.343 -5 9.16609
      vertex -113.058 0 8.84155
      vertex -113.343 0 9.16609
    endloop
  endfacet
  facet normal 0.751397 0 0.659851
    outer loop
      vertex -113.058 0 8.84155
      vertex -113.343 -5 9.16609
      vertex -113.058 -5 8.84155
    endloop
  endfacet
  facet normal 0.442406 0 0.896815
    outer loop
      vertex -112.375 0 8.31712
      vertex -111.988 -5 8.12621
      vertex -111.988 0 8.12621
    endloop
  endfacet
  facet normal 0.442406 0 0.896815
    outer loop
      vertex -111.988 -5 8.12621
      vertex -112.375 0 8.31712
      vertex -112.375 -5 8.31712
    endloop
  endfacet
  facet normal 0.751356 0 -0.659897
    outer loop
      vertex -113.058 -5 16.9084
      vertex -113.343 0 16.5839
      vertex -113.058 0 16.9084
    endloop
  endfacet
  facet normal 0.751356 0 -0.659897
    outer loop
      vertex -113.343 0 16.5839
      vertex -113.058 -5 16.9084
      vertex -113.343 -5 16.5839
    endloop
  endfacet
  facet normal 0.0653818 0 0.99786
    outer loop
      vertex -111.156 0 7.90324
      vertex -110.725 -5 7.875
      vertex -110.725 0 7.875
    endloop
  endfacet
  facet normal 0.0653818 0 0.99786
    outer loop
      vertex -110.725 -5 7.875
      vertex -111.156 0 7.90324
      vertex -111.156 -5 7.90324
    endloop
  endfacet
  facet normal -0.0653818 0 0.99786
    outer loop
      vertex -126.6 0 7.875
      vertex -126.169 -5 7.90324
      vertex -126.169 0 7.90324
    endloop
  endfacet
  facet normal -0.0653818 0 0.99786
    outer loop
      vertex -126.169 -5 7.90324
      vertex -126.6 0 7.875
      vertex -126.6 -5 7.875
    endloop
  endfacet
  facet normal 0.659948 0 0.751311
    outer loop
      vertex -128.933 0 8.84155
      vertex -128.609 -5 8.55695
      vertex -128.609 0 8.55695
    endloop
  endfacet
  facet normal 0.659948 0 0.751311
    outer loop
      vertex -128.609 -5 8.55695
      vertex -128.933 0 8.84155
      vertex -128.933 -5 8.84155
    endloop
  endfacet
  facet normal -0.442387 0 -0.896824
    outer loop
      vertex -125.337 -5 17.6238
      vertex -124.95 0 17.4329
      vertex -124.95 -5 17.4329
    endloop
  endfacet
  facet normal -0.442387 0 -0.896824
    outer loop
      vertex -124.95 0 17.4329
      vertex -125.337 -5 17.6238
      vertex -125.337 0 17.6238
    endloop
  endfacet
  facet normal -0.83128 0 0.555854
    outer loop
      vertex -123.982 -5 9.16609
      vertex -123.742 0 9.52501
      vertex -123.982 0 9.16609
    endloop
  endfacet
  facet normal -0.83128 0 0.555854
    outer loop
      vertex -123.742 0 9.52501
      vertex -123.982 -5 9.16609
      vertex -123.742 -5 9.52501
    endloop
  endfacet
  facet normal 0.896823 0 -0.442389
    outer loop
      vertex -129.458 -5 16.225
      vertex -129.649 0 15.8378
      vertex -129.458 0 16.225
    endloop
  endfacet
  facet normal 0.896823 0 -0.442389
    outer loop
      vertex -129.649 0 15.8378
      vertex -129.458 -5 16.225
      vertex -129.649 -5 15.8378
    endloop
  endfacet
  facet normal -0.896823 0 -0.442389
    outer loop
      vertex -123.551 -5 15.8378
      vertex -123.742 0 16.225
      vertex -123.551 0 15.8378
    endloop
  endfacet
  facet normal -0.896823 -0 -0.442389
    outer loop
      vertex -123.742 0 16.225
      vertex -123.551 -5 15.8378
      vertex -123.742 -5 16.225
    endloop
  endfacet
  facet normal -0.997893 0 -0.0648735
    outer loop
      vertex -123.3 -5 14.575
      vertex -123.328 0 15.0057
      vertex -123.3 0 14.575
    endloop
  endfacet
  facet normal -0.997893 -0 -0.0648735
    outer loop
      vertex -123.328 0 15.0057
      vertex -123.3 -5 14.575
      vertex -123.328 -5 15.0057
    endloop
  endfacet
  facet normal -0.0652896 0 -0.997866
    outer loop
      vertex -126.6 -5 17.875
      vertex -126.169 0 17.8468
      vertex -126.169 -5 17.8468
    endloop
  endfacet
  facet normal -0.0652896 0 -0.997866
    outer loop
      vertex -126.169 0 17.8468
      vertex -126.6 -5 17.875
      vertex -126.6 0 17.875
    endloop
  endfacet
  facet normal 0.831266 0 -0.555876
    outer loop
      vertex -129.218 -5 16.5839
      vertex -129.458 0 16.225
      vertex -129.218 0 16.5839
    endloop
  endfacet
  facet normal 0.831266 0 -0.555876
    outer loop
      vertex -129.458 0 16.225
      vertex -129.218 -5 16.5839
      vertex -129.458 -5 16.225
    endloop
  endfacet
  facet normal -0.555496 0 0.831519
    outer loop
      vertex -124.95 0 8.31712
      vertex -124.591 -5 8.55695
      vertex -124.591 0 8.55695
    endloop
  endfacet
  facet normal -0.555496 0 0.831519
    outer loop
      vertex -124.591 -5 8.55695
      vertex -124.95 0 8.31712
      vertex -124.95 -5 8.31712
    endloop
  endfacet
  facet normal 1 -0 0
    outer loop
      vertex -129.9 -5 14.575
      vertex -129.9 0 11.175
      vertex -129.9 0 14.575
    endloop
  endfacet
  facet normal 1 0 0
    outer loop
      vertex -129.9 0 11.175
      vertex -129.9 -5 14.575
      vertex -129.9 -5 11.175
    endloop
  endfacet
  facet normal 0.321155 0 -0.947026
    outer loop
      vertex -127.863 -5 17.6238
      vertex -127.454 0 17.7625
      vertex -127.454 -5 17.7625
    endloop
  endfacet
  facet normal 0.321155 0 -0.947026
    outer loop
      vertex -127.454 0 17.7625
      vertex -127.863 -5 17.6238
      vertex -127.863 0 17.6238
    endloop
  endfacet
  facet normal -0.946743 0 -0.32199
    outer loop
      vertex -123.412 -5 15.4291
      vertex -123.551 0 15.8378
      vertex -123.412 0 15.4291
    endloop
  endfacet
  facet normal -0.946743 -0 -0.32199
    outer loop
      vertex -123.551 0 15.8378
      vertex -123.412 -5 15.4291
      vertex -123.551 -5 15.8378
    endloop
  endfacet
  facet normal 0.442387 0 -0.896824
    outer loop
      vertex -128.25 -5 17.4329
      vertex -127.863 0 17.6238
      vertex -127.863 -5 17.6238
    endloop
  endfacet
  facet normal 0.442387 0 -0.896824
    outer loop
      vertex -127.863 0 17.6238
      vertex -128.25 -5 17.4329
      vertex -128.25 0 17.4329
    endloop
  endfacet
  facet normal -0.555448 0 -0.831551
    outer loop
      vertex -124.95 -5 17.4329
      vertex -124.591 0 17.1931
      vertex -124.591 -5 17.1931
    endloop
  endfacet
  facet normal -0.555448 0 -0.831551
    outer loop
      vertex -124.591 0 17.1931
      vertex -124.95 -5 17.4329
      vertex -124.95 0 17.4329
    endloop
  endfacet
  facet normal 0.195447 0 -0.980714
    outer loop
      vertex -127.454 -5 17.7625
      vertex -127.031 0 17.8468
      vertex -127.031 -5 17.8468
    endloop
  endfacet
  facet normal 0.195447 0 -0.980714
    outer loop
      vertex -127.031 0 17.8468
      vertex -127.454 -5 17.7625
      vertex -127.454 0 17.7625
    endloop
  endfacet
  facet normal 0.8968 -0 0.442435
    outer loop
      vertex -129.649 -5 9.91216
      vertex -129.458 0 9.52501
      vertex -129.649 0 9.91216
    endloop
  endfacet
  facet normal 0.8968 0 0.442435
    outer loop
      vertex -129.458 0 9.52501
      vertex -129.649 -5 9.91216
      vertex -129.458 -5 9.52501
    endloop
  endfacet
  facet normal -0.321259 0 0.946991
    outer loop
      vertex -125.746 0 7.98746
      vertex -125.337 -5 8.12621
      vertex -125.337 0 8.12621
    endloop
  endfacet
  facet normal -0.321259 0 0.946991
    outer loop
      vertex -125.337 -5 8.12621
      vertex -125.746 0 7.98746
      vertex -125.746 -5 7.98746
    endloop
  endfacet
  facet normal 0.555448 0 -0.831551
    outer loop
      vertex -128.609 -5 17.1931
      vertex -128.25 0 17.4329
      vertex -128.25 -5 17.4329
    endloop
  endfacet
  facet normal 0.555448 0 -0.831551
    outer loop
      vertex -128.25 0 17.4329
      vertex -128.609 -5 17.1931
      vertex -128.609 0 17.1931
    endloop
  endfacet
  facet normal -0.980882 0 0.194601
    outer loop
      vertex -123.412 -5 10.3209
      vertex -123.328 0 10.7443
      vertex -123.412 0 10.3209
    endloop
  endfacet
  facet normal -0.980882 0 0.194601
    outer loop
      vertex -123.328 0 10.7443
      vertex -123.412 -5 10.3209
      vertex -123.328 -5 10.7443
    endloop
  endfacet
  facet normal -1 0 0
    outer loop
      vertex -123.3 -5 11.175
      vertex -123.3 0 14.575
      vertex -123.3 0 11.175
    endloop
  endfacet
  facet normal -1 -0 0
    outer loop
      vertex -123.3 0 14.575
      vertex -123.3 -5 11.175
      vertex -123.3 -5 14.575
    endloop
  endfacet
  facet normal 0.555496 0 0.831519
    outer loop
      vertex -128.609 0 8.55695
      vertex -128.25 -5 8.31712
      vertex -128.25 0 8.31712
    endloop
  endfacet
  facet normal 0.555496 0 0.831519
    outer loop
      vertex -128.25 -5 8.31712
      vertex -128.609 0 8.55695
      vertex -128.609 -5 8.55695
    endloop
  endfacet
  facet normal 0.980882 0 -0.194601
    outer loop
      vertex -129.788 -5 15.4291
      vertex -129.872 0 15.0057
      vertex -129.788 0 15.4291
    endloop
  endfacet
  facet normal 0.980882 0 -0.194601
    outer loop
      vertex -129.872 0 15.0057
      vertex -129.788 -5 15.4291
      vertex -129.872 -5 15.0057
    endloop
  endfacet
  facet normal 0.997893 0 -0.0648735
    outer loop
      vertex -129.872 -5 15.0057
      vertex -129.9 0 14.575
      vertex -129.872 0 15.0057
    endloop
  endfacet
  facet normal 0.997893 0 -0.0648735
    outer loop
      vertex -129.9 0 14.575
      vertex -129.872 -5 15.0057
      vertex -129.9 -5 14.575
    endloop
  endfacet
  facet normal -0.831266 0 -0.555876
    outer loop
      vertex -123.742 -5 16.225
      vertex -123.982 0 16.5839
      vertex -123.742 0 16.225
    endloop
  endfacet
  facet normal -0.831266 -0 -0.555876
    outer loop
      vertex -123.982 0 16.5839
      vertex -123.742 -5 16.225
      vertex -123.982 -5 16.5839
    endloop
  endfacet
  facet normal -0.442406 0 0.896815
    outer loop
      vertex -125.337 0 8.12621
      vertex -124.95 -5 8.31712
      vertex -124.95 0 8.31712
    endloop
  endfacet
  facet normal -0.442406 0 0.896815
    outer loop
      vertex -124.95 -5 8.31712
      vertex -125.337 0 8.12621
      vertex -125.337 -5 8.12621
    endloop
  endfacet
  facet normal -0.8968 0 0.442435
    outer loop
      vertex -123.742 -5 9.52501
      vertex -123.551 0 9.91216
      vertex -123.742 0 9.52501
    endloop
  endfacet
  facet normal -0.8968 0 0.442435
    outer loop
      vertex -123.551 0 9.91216
      vertex -123.742 -5 9.52501
      vertex -123.551 -5 9.91216
    endloop
  endfacet
  facet normal 0.0652896 0 -0.997866
    outer loop
      vertex -127.031 -5 17.8468
      vertex -126.6 0 17.875
      vertex -126.6 -5 17.875
    endloop
  endfacet
  facet normal 0.0652896 0 -0.997866
    outer loop
      vertex -126.6 0 17.875
      vertex -127.031 -5 17.8468
      vertex -127.031 0 17.8468
    endloop
  endfacet
  facet normal -0.195269 0 0.98075
    outer loop
      vertex -126.169 0 7.90324
      vertex -125.746 -5 7.98746
      vertex -125.746 0 7.98746
    endloop
  endfacet
  facet normal -0.195269 0 0.98075
    outer loop
      vertex -125.746 -5 7.98746
      vertex -126.169 0 7.90324
      vertex -126.169 -5 7.90324
    endloop
  endfacet
  facet normal -0.660079 0 -0.751196
    outer loop
      vertex -124.591 -5 17.1931
      vertex -124.267 0 16.9084
      vertex -124.267 -5 16.9084
    endloop
  endfacet
  facet normal -0.660079 0 -0.751196
    outer loop
      vertex -124.267 0 16.9084
      vertex -124.591 -5 17.1931
      vertex -124.591 0 17.1931
    endloop
  endfacet
  facet normal -0.659948 0 0.751311
    outer loop
      vertex -124.591 0 8.55695
      vertex -124.267 -5 8.84155
      vertex -124.267 0 8.84155
    endloop
  endfacet
  facet normal -0.659948 0 0.751311
    outer loop
      vertex -124.267 -5 8.84155
      vertex -124.591 0 8.55695
      vertex -124.591 -5 8.55695
    endloop
  endfacet
  facet normal -0.946753 0 0.321962
    outer loop
      vertex -123.551 -5 9.91216
      vertex -123.412 0 10.3209
      vertex -123.551 0 9.91216
    endloop
  endfacet
  facet normal -0.946753 0 0.321962
    outer loop
      vertex -123.412 0 10.3209
      vertex -123.551 -5 9.91216
      vertex -123.412 -5 10.3209
    endloop
  endfacet
  facet normal 0.997893 -0 0.0648735
    outer loop
      vertex -129.9 -5 11.175
      vertex -129.872 0 10.7443
      vertex -129.9 0 11.175
    endloop
  endfacet
  facet normal 0.997893 0 0.0648735
    outer loop
      vertex -129.872 0 10.7443
      vertex -129.9 -5 11.175
      vertex -129.872 -5 10.7443
    endloop
  endfacet
  facet normal -0.997893 0 0.0648735
    outer loop
      vertex -123.328 -5 10.7443
      vertex -123.3 0 11.175
      vertex -123.328 0 10.7443
    endloop
  endfacet
  facet normal -0.997893 0 0.0648735
    outer loop
      vertex -123.3 0 11.175
      vertex -123.328 -5 10.7443
      vertex -123.3 -5 11.175
    endloop
  endfacet
  facet normal 0.660079 0 -0.751196
    outer loop
      vertex -128.933 -5 16.9084
      vertex -128.609 0 17.1931
      vertex -128.609 -5 17.1931
    endloop
  endfacet
  facet normal 0.660079 0 -0.751196
    outer loop
      vertex -128.609 0 17.1931
      vertex -128.933 -5 16.9084
      vertex -128.933 0 16.9084
    endloop
  endfacet
  facet normal -0.321155 0 -0.947026
    outer loop
      vertex -125.746 -5 17.7625
      vertex -125.337 0 17.6238
      vertex -125.337 -5 17.6238
    endloop
  endfacet
  facet normal -0.321155 0 -0.947026
    outer loop
      vertex -125.337 0 17.6238
      vertex -125.746 -5 17.7625
      vertex -125.746 0 17.7625
    endloop
  endfacet
  facet normal -0.980882 0 -0.194601
    outer loop
      vertex -123.328 -5 15.0057
      vertex -123.412 0 15.4291
      vertex -123.328 0 15.0057
    endloop
  endfacet
  facet normal -0.980882 -0 -0.194601
    outer loop
      vertex -123.412 0 15.4291
      vertex -123.328 -5 15.0057
      vertex -123.412 -5 15.4291
    endloop
  endfacet
  facet normal -0.751356 0 -0.659897
    outer loop
      vertex -123.982 -5 16.5839
      vertex -124.267 0 16.9084
      vertex -123.982 0 16.5839
    endloop
  endfacet
  facet normal -0.751356 -0 -0.659897
    outer loop
      vertex -124.267 0 16.9084
      vertex -123.982 -5 16.5839
      vertex -124.267 -5 16.9084
    endloop
  endfacet
  facet normal -0.751397 0 0.659851
    outer loop
      vertex -124.267 -5 8.84155
      vertex -123.982 0 9.16609
      vertex -124.267 0 8.84155
    endloop
  endfacet
  facet normal -0.751397 0 0.659851
    outer loop
      vertex -123.982 0 9.16609
      vertex -124.267 -5 8.84155
      vertex -123.982 -5 9.16609
    endloop
  endfacet
  facet normal 0.946743 0 -0.32199
    outer loop
      vertex -129.649 -5 15.8378
      vertex -129.788 0 15.4291
      vertex -129.649 0 15.8378
    endloop
  endfacet
  facet normal 0.946743 0 -0.32199
    outer loop
      vertex -129.788 0 15.4291
      vertex -129.649 -5 15.8378
      vertex -129.788 -5 15.4291
    endloop
  endfacet
  facet normal 0.946753 -0 0.321962
    outer loop
      vertex -129.788 -5 10.3209
      vertex -129.649 0 9.91216
      vertex -129.788 0 10.3209
    endloop
  endfacet
  facet normal 0.946753 0 0.321962
    outer loop
      vertex -129.649 0 9.91216
      vertex -129.788 -5 10.3209
      vertex -129.649 -5 9.91216
    endloop
  endfacet
  facet normal 0.980882 -0 0.194601
    outer loop
      vertex -129.872 -5 10.7443
      vertex -129.788 0 10.3209
      vertex -129.872 0 10.7443
    endloop
  endfacet
  facet normal 0.980882 0 0.194601
    outer loop
      vertex -129.788 0 10.3209
      vertex -129.872 -5 10.7443
      vertex -129.788 -5 10.3209
    endloop
  endfacet
  facet normal 0.195269 0 0.98075
    outer loop
      vertex -127.454 0 7.98746
      vertex -127.031 -5 7.90324
      vertex -127.031 0 7.90324
    endloop
  endfacet
  facet normal 0.195269 0 0.98075
    outer loop
      vertex -127.031 -5 7.90324
      vertex -127.454 0 7.98746
      vertex -127.454 -5 7.98746
    endloop
  endfacet
  facet normal -0.195447 0 -0.980714
    outer loop
      vertex -126.169 -5 17.8468
      vertex -125.746 0 17.7625
      vertex -125.746 -5 17.7625
    endloop
  endfacet
  facet normal -0.195447 0 -0.980714
    outer loop
      vertex -125.746 0 17.7625
      vertex -126.169 -5 17.8468
      vertex -126.169 0 17.8468
    endloop
  endfacet
  facet normal 0.321259 0 0.946991
    outer loop
      vertex -127.863 0 8.12621
      vertex -127.454 -5 7.98746
      vertex -127.454 0 7.98746
    endloop
  endfacet
  facet normal 0.321259 0 0.946991
    outer loop
      vertex -127.454 -5 7.98746
      vertex -127.863 0 8.12621
      vertex -127.863 -5 8.12621
    endloop
  endfacet
  facet normal 0.83128 -0 0.555854
    outer loop
      vertex -129.458 -5 9.52501
      vertex -129.218 0 9.16609
      vertex -129.458 0 9.52501
    endloop
  endfacet
  facet normal 0.83128 0 0.555854
    outer loop
      vertex -129.218 0 9.16609
      vertex -129.458 -5 9.52501
      vertex -129.218 -5 9.16609
    endloop
  endfacet
  facet normal 0.751397 -0 0.659851
    outer loop
      vertex -129.218 -5 9.16609
      vertex -128.933 0 8.84155
      vertex -129.218 0 9.16609
    endloop
  endfacet
  facet normal 0.751397 0 0.659851
    outer loop
      vertex -128.933 0 8.84155
      vertex -129.218 -5 9.16609
      vertex -128.933 -5 8.84155
    endloop
  endfacet
  facet normal 0.442406 0 0.896815
    outer loop
      vertex -128.25 0 8.31712
      vertex -127.863 -5 8.12621
      vertex -127.863 0 8.12621
    endloop
  endfacet
  facet normal 0.442406 0 0.896815
    outer loop
      vertex -127.863 -5 8.12621
      vertex -128.25 0 8.31712
      vertex -128.25 -5 8.31712
    endloop
  endfacet
  facet normal 0.751356 0 -0.659897
    outer loop
      vertex -128.933 -5 16.9084
      vertex -129.218 0 16.5839
      vertex -128.933 0 16.9084
    endloop
  endfacet
  facet normal 0.751356 0 -0.659897
    outer loop
      vertex -129.218 0 16.5839
      vertex -128.933 -5 16.9084
      vertex -129.218 -5 16.5839
    endloop
  endfacet
  facet normal 0.0653818 0 0.99786
    outer loop
      vertex -127.031 0 7.90324
      vertex -126.6 -5 7.875
      vertex -126.6 0 7.875
    endloop
  endfacet
  facet normal 0.0653818 0 0.99786
    outer loop
      vertex -126.6 -5 7.875
      vertex -127.031 0 7.90324
      vertex -127.031 -5 7.90324
    endloop
  endfacet
  facet normal -0.0653818 0 0.99786
    outer loop
      vertex -139.3 0 7.875
      vertex -138.869 -5 7.90324
      vertex -138.869 0 7.90324
    endloop
  endfacet
  facet normal -0.0653818 0 0.99786
    outer loop
      vertex -138.869 -5 7.90324
      vertex -139.3 0 7.875
      vertex -139.3 -5 7.875
    endloop
  endfacet
  facet normal 0.659948 0 0.751311
    outer loop
      vertex -141.633 0 8.84155
      vertex -141.309 -5 8.55695
      vertex -141.309 0 8.55695
    endloop
  endfacet
  facet normal 0.659948 0 0.751311
    outer loop
      vertex -141.309 -5 8.55695
      vertex -141.633 0 8.84155
      vertex -141.633 -5 8.84155
    endloop
  endfacet
  facet normal -0.442387 0 -0.896824
    outer loop
      vertex -138.037 -5 17.6238
      vertex -137.65 0 17.4329
      vertex -137.65 -5 17.4329
    endloop
  endfacet
  facet normal -0.442387 0 -0.896824
    outer loop
      vertex -137.65 0 17.4329
      vertex -138.037 -5 17.6238
      vertex -138.037 0 17.6238
    endloop
  endfacet
  facet normal -0.83128 0 0.555854
    outer loop
      vertex -136.682 -5 9.16609
      vertex -136.442 0 9.52501
      vertex -136.682 0 9.16609
    endloop
  endfacet
  facet normal -0.83128 0 0.555854
    outer loop
      vertex -136.442 0 9.52501
      vertex -136.682 -5 9.16609
      vertex -136.442 -5 9.52501
    endloop
  endfacet
  facet normal 0.896823 0 -0.442389
    outer loop
      vertex -142.158 -5 16.225
      vertex -142.349 0 15.8378
      vertex -142.158 0 16.225
    endloop
  endfacet
  facet normal 0.896823 0 -0.442389
    outer loop
      vertex -142.349 0 15.8378
      vertex -142.158 -5 16.225
      vertex -142.349 -5 15.8378
    endloop
  endfacet
  facet normal -0.896823 0 -0.442389
    outer loop
      vertex -136.251 -5 15.8378
      vertex -136.442 0 16.225
      vertex -136.251 0 15.8378
    endloop
  endfacet
  facet normal -0.896823 -0 -0.442389
    outer loop
      vertex -136.442 0 16.225
      vertex -136.251 -5 15.8378
      vertex -136.442 -5 16.225
    endloop
  endfacet
  facet normal -0.997893 0 -0.0648735
    outer loop
      vertex -136 -5 14.575
      vertex -136.028 0 15.0057
      vertex -136 0 14.575
    endloop
  endfacet
  facet normal -0.997893 -0 -0.0648735
    outer loop
      vertex -136.028 0 15.0057
      vertex -136 -5 14.575
      vertex -136.028 -5 15.0057
    endloop
  endfacet
  facet normal -0.0652896 0 -0.997866
    outer loop
      vertex -139.3 -5 17.875
      vertex -138.869 0 17.8468
      vertex -138.869 -5 17.8468
    endloop
  endfacet
  facet normal -0.0652896 0 -0.997866
    outer loop
      vertex -138.869 0 17.8468
      vertex -139.3 -5 17.875
      vertex -139.3 0 17.875
    endloop
  endfacet
  facet normal 0.831266 0 -0.555876
    outer loop
      vertex -141.918 -5 16.5839
      vertex -142.158 0 16.225
      vertex -141.918 0 16.5839
    endloop
  endfacet
  facet normal 0.831266 0 -0.555876
    outer loop
      vertex -142.158 0 16.225
      vertex -141.918 -5 16.5839
      vertex -142.158 -5 16.225
    endloop
  endfacet
  facet normal -0.555496 0 0.831519
    outer loop
      vertex -137.65 0 8.31712
      vertex -137.291 -5 8.55695
      vertex -137.291 0 8.55695
    endloop
  endfacet
  facet normal -0.555496 0 0.831519
    outer loop
      vertex -137.291 -5 8.55695
      vertex -137.65 0 8.31712
      vertex -137.65 -5 8.31712
    endloop
  endfacet
  facet normal 1 -0 0
    outer loop
      vertex -142.6 -5 14.575
      vertex -142.6 0 11.175
      vertex -142.6 0 14.575
    endloop
  endfacet
  facet normal 1 0 0
    outer loop
      vertex -142.6 0 11.175
      vertex -142.6 -5 14.575
      vertex -142.6 -5 11.175
    endloop
  endfacet
  facet normal 0.321155 0 -0.947026
    outer loop
      vertex -140.563 -5 17.6238
      vertex -140.154 0 17.7625
      vertex -140.154 -5 17.7625
    endloop
  endfacet
  facet normal 0.321155 0 -0.947026
    outer loop
      vertex -140.154 0 17.7625
      vertex -140.563 -5 17.6238
      vertex -140.563 0 17.6238
    endloop
  endfacet
  facet normal -0.946743 0 -0.32199
    outer loop
      vertex -136.112 -5 15.4291
      vertex -136.251 0 15.8378
      vertex -136.112 0 15.4291
    endloop
  endfacet
  facet normal -0.946743 -0 -0.32199
    outer loop
      vertex -136.251 0 15.8378
      vertex -136.112 -5 15.4291
      vertex -136.251 -5 15.8378
    endloop
  endfacet
  facet normal 0.442387 0 -0.896824
    outer loop
      vertex -140.95 -5 17.4329
      vertex -140.563 0 17.6238
      vertex -140.563 -5 17.6238
    endloop
  endfacet
  facet normal 0.442387 0 -0.896824
    outer loop
      vertex -140.563 0 17.6238
      vertex -140.95 -5 17.4329
      vertex -140.95 0 17.4329
    endloop
  endfacet
  facet normal 0.980882 -0 0.194601
    outer loop
      vertex -142.572 -5 10.7443
      vertex -142.488 0 10.3209
      vertex -142.572 0 10.7443
    endloop
  endfacet
  facet normal 0.980882 0 0.194601
    outer loop
      vertex -142.488 0 10.3209
      vertex -142.572 -5 10.7443
      vertex -142.488 -5 10.3209
    endloop
  endfacet
  facet normal -0.555448 0 -0.831551
    outer loop
      vertex -137.65 -5 17.4329
      vertex -137.291 0 17.1931
      vertex -137.291 -5 17.1931
    endloop
  endfacet
  facet normal -0.555448 0 -0.831551
    outer loop
      vertex -137.291 0 17.1931
      vertex -137.65 -5 17.4329
      vertex -137.65 0 17.4329
    endloop
  endfacet
  facet normal 0.195447 0 -0.980714
    outer loop
      vertex -140.154 -5 17.7625
      vertex -139.731 0 17.8468
      vertex -139.731 -5 17.8468
    endloop
  endfacet
  facet normal 0.195447 0 -0.980714
    outer loop
      vertex -139.731 0 17.8468
      vertex -140.154 -5 17.7625
      vertex -140.154 0 17.7625
    endloop
  endfacet
  facet normal 0.8968 -0 0.442435
    outer loop
      vertex -142.349 -5 9.91216
      vertex -142.158 0 9.52501
      vertex -142.349 0 9.91216
    endloop
  endfacet
  facet normal 0.8968 0 0.442435
    outer loop
      vertex -142.158 0 9.52501
      vertex -142.349 -5 9.91216
      vertex -142.158 -5 9.52501
    endloop
  endfacet
  facet normal -0.321259 0 0.946991
    outer loop
      vertex -138.446 0 7.98746
      vertex -138.037 -5 8.12621
      vertex -138.037 0 8.12621
    endloop
  endfacet
  facet normal -0.321259 0 0.946991
    outer loop
      vertex -138.037 -5 8.12621
      vertex -138.446 0 7.98746
      vertex -138.446 -5 7.98746
    endloop
  endfacet
  facet normal 0.555448 0 -0.831551
    outer loop
      vertex -141.309 -5 17.1931
      vertex -140.95 0 17.4329
      vertex -140.95 -5 17.4329
    endloop
  endfacet
  facet normal 0.555448 0 -0.831551
    outer loop
      vertex -140.95 0 17.4329
      vertex -141.309 -5 17.1931
      vertex -141.309 0 17.1931
    endloop
  endfacet
  facet normal -0.980882 0 0.194601
    outer loop
      vertex -136.112 -5 10.3209
      vertex -136.028 0 10.7443
      vertex -136.112 0 10.3209
    endloop
  endfacet
  facet normal -0.980882 0 0.194601
    outer loop
      vertex -136.028 0 10.7443
      vertex -136.112 -5 10.3209
      vertex -136.028 -5 10.7443
    endloop
  endfacet
  facet normal -1 0 0
    outer loop
      vertex -136 -5 11.175
      vertex -136 0 14.575
      vertex -136 0 11.175
    endloop
  endfacet
  facet normal -1 -0 0
    outer loop
      vertex -136 0 14.575
      vertex -136 -5 11.175
      vertex -136 -5 14.575
    endloop
  endfacet
  facet normal 0.555496 0 0.831519
    outer loop
      vertex -141.309 0 8.55695
      vertex -140.95 -5 8.31712
      vertex -140.95 0 8.31712
    endloop
  endfacet
  facet normal 0.555496 0 0.831519
    outer loop
      vertex -140.95 -5 8.31712
      vertex -141.309 0 8.55695
      vertex -141.309 -5 8.55695
    endloop
  endfacet
  facet normal 0.980882 0 -0.194601
    outer loop
      vertex -142.488 -5 15.4291
      vertex -142.572 0 15.0057
      vertex -142.488 0 15.4291
    endloop
  endfacet
  facet normal 0.980882 0 -0.194601
    outer loop
      vertex -142.572 0 15.0057
      vertex -142.488 -5 15.4291
      vertex -142.572 -5 15.0057
    endloop
  endfacet
  facet normal 0.997893 0 -0.0648735
    outer loop
      vertex -142.572 -5 15.0057
      vertex -142.6 0 14.575
      vertex -142.572 0 15.0057
    endloop
  endfacet
  facet normal 0.997893 0 -0.0648735
    outer loop
      vertex -142.6 0 14.575
      vertex -142.572 -5 15.0057
      vertex -142.6 -5 14.575
    endloop
  endfacet
  facet normal -0.831266 0 -0.555876
    outer loop
      vertex -136.442 -5 16.225
      vertex -136.682 0 16.5839
      vertex -136.442 0 16.225
    endloop
  endfacet
  facet normal -0.831266 -0 -0.555876
    outer loop
      vertex -136.682 0 16.5839
      vertex -136.442 -5 16.225
      vertex -136.682 -5 16.5839
    endloop
  endfacet
  facet normal -0.442406 0 0.896815
    outer loop
      vertex -138.037 0 8.12621
      vertex -137.65 -5 8.31712
      vertex -137.65 0 8.31712
    endloop
  endfacet
  facet normal -0.442406 0 0.896815
    outer loop
      vertex -137.65 -5 8.31712
      vertex -138.037 0 8.12621
      vertex -138.037 -5 8.12621
    endloop
  endfacet
  facet normal -0.8968 0 0.442435
    outer loop
      vertex -136.442 -5 9.52501
      vertex -136.251 0 9.91216
      vertex -136.442 0 9.52501
    endloop
  endfacet
  facet normal -0.8968 0 0.442435
    outer loop
      vertex -136.251 0 9.91216
      vertex -136.442 -5 9.52501
      vertex -136.251 -5 9.91216
    endloop
  endfacet
  facet normal 0.0652896 0 -0.997866
    outer loop
      vertex -139.731 -5 17.8468
      vertex -139.3 0 17.875
      vertex -139.3 -5 17.875
    endloop
  endfacet
  facet normal 0.0652896 0 -0.997866
    outer loop
      vertex -139.3 0 17.875
      vertex -139.731 -5 17.8468
      vertex -139.731 0 17.8468
    endloop
  endfacet
  facet normal -0.195269 0 0.98075
    outer loop
      vertex -138.869 0 7.90324
      vertex -138.446 -5 7.98746
      vertex -138.446 0 7.98746
    endloop
  endfacet
  facet normal -0.195269 0 0.98075
    outer loop
      vertex -138.446 -5 7.98746
      vertex -138.869 0 7.90324
      vertex -138.869 -5 7.90324
    endloop
  endfacet
  facet normal -0.660079 0 -0.751196
    outer loop
      vertex -137.291 -5 17.1931
      vertex -136.967 0 16.9084
      vertex -136.967 -5 16.9084
    endloop
  endfacet
  facet normal -0.660079 0 -0.751196
    outer loop
      vertex -136.967 0 16.9084
      vertex -137.291 -5 17.1931
      vertex -137.291 0 17.1931
    endloop
  endfacet
  facet normal -0.659948 0 0.751311
    outer loop
      vertex -137.291 0 8.55695
      vertex -136.967 -5 8.84155
      vertex -136.967 0 8.84155
    endloop
  endfacet
  facet normal -0.659948 0 0.751311
    outer loop
      vertex -136.967 -5 8.84155
      vertex -137.291 0 8.55695
      vertex -137.291 -5 8.55695
    endloop
  endfacet
  facet normal -0.946753 0 0.321962
    outer loop
      vertex -136.251 -5 9.91216
      vertex -136.112 0 10.3209
      vertex -136.251 0 9.91216
    endloop
  endfacet
  facet normal -0.946753 0 0.321962
    outer loop
      vertex -136.112 0 10.3209
      vertex -136.251 -5 9.91216
      vertex -136.112 -5 10.3209
    endloop
  endfacet
  facet normal 0.997893 -0 0.0648735
    outer loop
      vertex -142.6 -5 11.175
      vertex -142.572 0 10.7443
      vertex -142.6 0 11.175
    endloop
  endfacet
  facet normal 0.997893 0 0.0648735
    outer loop
      vertex -142.572 0 10.7443
      vertex -142.6 -5 11.175
      vertex -142.572 -5 10.7443
    endloop
  endfacet
  facet normal -0.980882 0 -0.194601
    outer loop
      vertex -136.028 -5 15.0057
      vertex -136.112 0 15.4291
      vertex -136.028 0 15.0057
    endloop
  endfacet
  facet normal -0.980882 -0 -0.194601
    outer loop
      vertex -136.112 0 15.4291
      vertex -136.028 -5 15.0057
      vertex -136.112 -5 15.4291
    endloop
  endfacet
  facet normal -0.997893 0 0.0648735
    outer loop
      vertex -136.028 -5 10.7443
      vertex -136 0 11.175
      vertex -136.028 0 10.7443
    endloop
  endfacet
  facet normal -0.997893 0 0.0648735
    outer loop
      vertex -136 0 11.175
      vertex -136.028 -5 10.7443
      vertex -136 -5 11.175
    endloop
  endfacet
  facet normal 0.660079 0 -0.751196
    outer loop
      vertex -141.633 -5 16.9084
      vertex -141.309 0 17.1931
      vertex -141.309 -5 17.1931
    endloop
  endfacet
  facet normal 0.660079 0 -0.751196
    outer loop
      vertex -141.309 0 17.1931
      vertex -141.633 -5 16.9084
      vertex -141.633 0 16.9084
    endloop
  endfacet
  facet normal -0.321155 0 -0.947026
    outer loop
      vertex -138.446 -5 17.7625
      vertex -138.037 0 17.6238
      vertex -138.037 -5 17.6238
    endloop
  endfacet
  facet normal -0.321155 0 -0.947026
    outer loop
      vertex -138.037 0 17.6238
      vertex -138.446 -5 17.7625
      vertex -138.446 0 17.7625
    endloop
  endfacet
  facet normal -0.751356 0 -0.659897
    outer loop
      vertex -136.682 -5 16.5839
      vertex -136.967 0 16.9084
      vertex -136.682 0 16.5839
    endloop
  endfacet
  facet normal -0.751356 -0 -0.659897
    outer loop
      vertex -136.967 0 16.9084
      vertex -136.682 -5 16.5839
      vertex -136.967 -5 16.9084
    endloop
  endfacet
  facet normal -0.751397 0 0.659851
    outer loop
      vertex -136.967 -5 8.84155
      vertex -136.682 0 9.16609
      vertex -136.967 0 8.84155
    endloop
  endfacet
  facet normal -0.751397 0 0.659851
    outer loop
      vertex -136.682 0 9.16609
      vertex -136.967 -5 8.84155
      vertex -136.682 -5 9.16609
    endloop
  endfacet
  facet normal 0.946743 0 -0.32199
    outer loop
      vertex -142.349 -5 15.8378
      vertex -142.488 0 15.4291
      vertex -142.349 0 15.8378
    endloop
  endfacet
  facet normal 0.946743 0 -0.32199
    outer loop
      vertex -142.488 0 15.4291
      vertex -142.349 -5 15.8378
      vertex -142.488 -5 15.4291
    endloop
  endfacet
  facet normal 0.946753 -0 0.321962
    outer loop
      vertex -142.488 -5 10.3209
      vertex -142.349 0 9.91216
      vertex -142.488 0 10.3209
    endloop
  endfacet
  facet normal 0.946753 0 0.321962
    outer loop
      vertex -142.349 0 9.91216
      vertex -142.488 -5 10.3209
      vertex -142.349 -5 9.91216
    endloop
  endfacet
  facet normal 0.195269 0 0.98075
    outer loop
      vertex -140.154 0 7.98746
      vertex -139.731 -5 7.90324
      vertex -139.731 0 7.90324
    endloop
  endfacet
  facet normal 0.195269 0 0.98075
    outer loop
      vertex -139.731 -5 7.90324
      vertex -140.154 0 7.98746
      vertex -140.154 -5 7.98746
    endloop
  endfacet
  facet normal -0.195447 0 -0.980714
    outer loop
      vertex -138.869 -5 17.8468
      vertex -138.446 0 17.7625
      vertex -138.446 -5 17.7625
    endloop
  endfacet
  facet normal -0.195447 0 -0.980714
    outer loop
      vertex -138.446 0 17.7625
      vertex -138.869 -5 17.8468
      vertex -138.869 0 17.8468
    endloop
  endfacet
  facet normal 0.321259 0 0.946991
    outer loop
      vertex -140.563 0 8.12621
      vertex -140.154 -5 7.98746
      vertex -140.154 0 7.98746
    endloop
  endfacet
  facet normal 0.321259 0 0.946991
    outer loop
      vertex -140.154 -5 7.98746
      vertex -140.563 0 8.12621
      vertex -140.563 -5 8.12621
    endloop
  endfacet
  facet normal 0.83128 -0 0.555854
    outer loop
      vertex -142.158 -5 9.52501
      vertex -141.918 0 9.16609
      vertex -142.158 0 9.52501
    endloop
  endfacet
  facet normal 0.83128 0 0.555854
    outer loop
      vertex -141.918 0 9.16609
      vertex -142.158 -5 9.52501
      vertex -141.918 -5 9.16609
    endloop
  endfacet
  facet normal 0.751397 -0 0.659851
    outer loop
      vertex -141.918 -5 9.16609
      vertex -141.633 0 8.84155
      vertex -141.918 0 9.16609
    endloop
  endfacet
  facet normal 0.751397 0 0.659851
    outer loop
      vertex -141.633 0 8.84155
      vertex -141.918 -5 9.16609
      vertex -141.633 -5 8.84155
    endloop
  endfacet
  facet normal 0.442406 0 0.896815
    outer loop
      vertex -140.95 0 8.31712
      vertex -140.563 -5 8.12621
      vertex -140.563 0 8.12621
    endloop
  endfacet
  facet normal 0.442406 0 0.896815
    outer loop
      vertex -140.563 -5 8.12621
      vertex -140.95 0 8.31712
      vertex -140.95 -5 8.31712
    endloop
  endfacet
  facet normal 0.751356 0 -0.659897
    outer loop
      vertex -141.633 -5 16.9084
      vertex -141.918 0 16.5839
      vertex -141.633 0 16.9084
    endloop
  endfacet
  facet normal 0.751356 0 -0.659897
    outer loop
      vertex -141.918 0 16.5839
      vertex -141.633 -5 16.9084
      vertex -141.918 -5 16.5839
    endloop
  endfacet
  facet normal 0.0653818 0 0.99786
    outer loop
      vertex -139.731 0 7.90324
      vertex -139.3 -5 7.875
      vertex -139.3 0 7.875
    endloop
  endfacet
  facet normal 0.0653818 0 0.99786
    outer loop
      vertex -139.3 -5 7.875
      vertex -139.731 0 7.90324
      vertex -139.731 -5 7.90324
    endloop
  endfacet
  facet normal -0.0653818 0 0.99786
    outer loop
      vertex -155.175 0 7.875
      vertex -154.744 -5 7.90324
      vertex -154.744 0 7.90324
    endloop
  endfacet
  facet normal -0.0653818 0 0.99786
    outer loop
      vertex -154.744 -5 7.90324
      vertex -155.175 0 7.875
      vertex -155.175 -5 7.875
    endloop
  endfacet
  facet normal 0.659948 0 0.751311
    outer loop
      vertex -157.508 0 8.84155
      vertex -157.184 -5 8.55695
      vertex -157.184 0 8.55695
    endloop
  endfacet
  facet normal 0.659948 0 0.751311
    outer loop
      vertex -157.184 -5 8.55695
      vertex -157.508 0 8.84155
      vertex -157.508 -5 8.84155
    endloop
  endfacet
  facet normal -0.442387 0 -0.896824
    outer loop
      vertex -153.912 -5 17.6238
      vertex -153.525 0 17.4329
      vertex -153.525 -5 17.4329
    endloop
  endfacet
  facet normal -0.442387 0 -0.896824
    outer loop
      vertex -153.525 0 17.4329
      vertex -153.912 -5 17.6238
      vertex -153.912 0 17.6238
    endloop
  endfacet
  facet normal -0.83128 0 0.555854
    outer loop
      vertex -152.557 -5 9.16609
      vertex -152.317 0 9.52501
      vertex -152.557 0 9.16609
    endloop
  endfacet
  facet normal -0.83128 0 0.555854
    outer loop
      vertex -152.317 0 9.52501
      vertex -152.557 -5 9.16609
      vertex -152.317 -5 9.52501
    endloop
  endfacet
  facet normal 0.896823 0 -0.442389
    outer loop
      vertex -158.033 -5 16.225
      vertex -158.224 0 15.8378
      vertex -158.033 0 16.225
    endloop
  endfacet
  facet normal 0.896823 0 -0.442389
    outer loop
      vertex -158.224 0 15.8378
      vertex -158.033 -5 16.225
      vertex -158.224 -5 15.8378
    endloop
  endfacet
  facet normal -0.896823 0 -0.442389
    outer loop
      vertex -152.126 -5 15.8378
      vertex -152.317 0 16.225
      vertex -152.126 0 15.8378
    endloop
  endfacet
  facet normal -0.896823 -0 -0.442389
    outer loop
      vertex -152.317 0 16.225
      vertex -152.126 -5 15.8378
      vertex -152.317 -5 16.225
    endloop
  endfacet
  facet normal -0.997893 0 -0.0648735
    outer loop
      vertex -151.875 -5 14.575
      vertex -151.903 0 15.0057
      vertex -151.875 0 14.575
    endloop
  endfacet
  facet normal -0.997893 -0 -0.0648735
    outer loop
      vertex -151.903 0 15.0057
      vertex -151.875 -5 14.575
      vertex -151.903 -5 15.0057
    endloop
  endfacet
  facet normal -0.0652896 0 -0.997866
    outer loop
      vertex -155.175 -5 17.875
      vertex -154.744 0 17.8468
      vertex -154.744 -5 17.8468
    endloop
  endfacet
  facet normal -0.0652896 0 -0.997866
    outer loop
      vertex -154.744 0 17.8468
      vertex -155.175 -5 17.875
      vertex -155.175 0 17.875
    endloop
  endfacet
  facet normal 0.831266 0 -0.555876
    outer loop
      vertex -157.793 -5 16.5839
      vertex -158.033 0 16.225
      vertex -157.793 0 16.5839
    endloop
  endfacet
  facet normal 0.831266 0 -0.555876
    outer loop
      vertex -158.033 0 16.225
      vertex -157.793 -5 16.5839
      vertex -158.033 -5 16.225
    endloop
  endfacet
  facet normal -0.555496 0 0.831519
    outer loop
      vertex -153.525 0 8.31712
      vertex -153.166 -5 8.55695
      vertex -153.166 0 8.55695
    endloop
  endfacet
  facet normal -0.555496 0 0.831519
    outer loop
      vertex -153.166 -5 8.55695
      vertex -153.525 0 8.31712
      vertex -153.525 -5 8.31712
    endloop
  endfacet
  facet normal 1 -0 0
    outer loop
      vertex -158.475 -5 14.575
      vertex -158.475 0 11.175
      vertex -158.475 0 14.575
    endloop
  endfacet
  facet normal 1 0 0
    outer loop
      vertex -158.475 0 11.175
      vertex -158.475 -5 14.575
      vertex -158.475 -5 11.175
    endloop
  endfacet
  facet normal 0.321155 0 -0.947026
    outer loop
      vertex -156.438 -5 17.6238
      vertex -156.029 0 17.7625
      vertex -156.029 -5 17.7625
    endloop
  endfacet
  facet normal 0.321155 0 -0.947026
    outer loop
      vertex -156.029 0 17.7625
      vertex -156.438 -5 17.6238
      vertex -156.438 0 17.6238
    endloop
  endfacet
  facet normal -0.946743 0 -0.32199
    outer loop
      vertex -151.987 -5 15.4291
      vertex -152.126 0 15.8378
      vertex -151.987 0 15.4291
    endloop
  endfacet
  facet normal -0.946743 -0 -0.32199
    outer loop
      vertex -152.126 0 15.8378
      vertex -151.987 -5 15.4291
      vertex -152.126 -5 15.8378
    endloop
  endfacet
  facet normal 0.442387 0 -0.896824
    outer loop
      vertex -156.825 -5 17.4329
      vertex -156.438 0 17.6238
      vertex -156.438 -5 17.6238
    endloop
  endfacet
  facet normal 0.442387 0 -0.896824
    outer loop
      vertex -156.438 0 17.6238
      vertex -156.825 -5 17.4329
      vertex -156.825 0 17.4329
    endloop
  endfacet
  facet normal -0.555448 0 -0.831551
    outer loop
      vertex -153.525 -5 17.4329
      vertex -153.166 0 17.1931
      vertex -153.166 -5 17.1931
    endloop
  endfacet
  facet normal -0.555448 0 -0.831551
    outer loop
      vertex -153.166 0 17.1931
      vertex -153.525 -5 17.4329
      vertex -153.525 0 17.4329
    endloop
  endfacet
  facet normal 0.195447 0 -0.980714
    outer loop
      vertex -156.029 -5 17.7625
      vertex -155.606 0 17.8468
      vertex -155.606 -5 17.8468
    endloop
  endfacet
  facet normal 0.195447 0 -0.980714
    outer loop
      vertex -155.606 0 17.8468
      vertex -156.029 -5 17.7625
      vertex -156.029 0 17.7625
    endloop
  endfacet
  facet normal 0.8968 -0 0.442435
    outer loop
      vertex -158.224 -5 9.91216
      vertex -158.033 0 9.52501
      vertex -158.224 0 9.91216
    endloop
  endfacet
  facet normal 0.8968 0 0.442435
    outer loop
      vertex -158.033 0 9.52501
      vertex -158.224 -5 9.91216
      vertex -158.033 -5 9.52501
    endloop
  endfacet
  facet normal -0.321259 0 0.946991
    outer loop
      vertex -154.321 0 7.98746
      vertex -153.912 -5 8.12621
      vertex -153.912 0 8.12621
    endloop
  endfacet
  facet normal -0.321259 0 0.946991
    outer loop
      vertex -153.912 -5 8.12621
      vertex -154.321 0 7.98746
      vertex -154.321 -5 7.98746
    endloop
  endfacet
  facet normal 0.555448 0 -0.831551
    outer loop
      vertex -157.184 -5 17.1931
      vertex -156.825 0 17.4329
      vertex -156.825 -5 17.4329
    endloop
  endfacet
  facet normal 0.555448 0 -0.831551
    outer loop
      vertex -156.825 0 17.4329
      vertex -157.184 -5 17.1931
      vertex -157.184 0 17.1931
    endloop
  endfacet
  facet normal -0.980882 0 0.194601
    outer loop
      vertex -151.987 -5 10.3209
      vertex -151.903 0 10.7443
      vertex -151.987 0 10.3209
    endloop
  endfacet
  facet normal -0.980882 0 0.194601
    outer loop
      vertex -151.903 0 10.7443
      vertex -151.987 -5 10.3209
      vertex -151.903 -5 10.7443
    endloop
  endfacet
  facet normal -1 0 0
    outer loop
      vertex -151.875 -5 11.175
      vertex -151.875 0 14.575
      vertex -151.875 0 11.175
    endloop
  endfacet
  facet normal -1 -0 0
    outer loop
      vertex -151.875 0 14.575
      vertex -151.875 -5 11.175
      vertex -151.875 -5 14.575
    endloop
  endfacet
  facet normal 0.555496 0 0.831519
    outer loop
      vertex -157.184 0 8.55695
      vertex -156.825 -5 8.31712
      vertex -156.825 0 8.31712
    endloop
  endfacet
  facet normal 0.555496 0 0.831519
    outer loop
      vertex -156.825 -5 8.31712
      vertex -157.184 0 8.55695
      vertex -157.184 -5 8.55695
    endloop
  endfacet
  facet normal 0.980882 0 -0.194601
    outer loop
      vertex -158.363 -5 15.4291
      vertex -158.447 0 15.0057
      vertex -158.363 0 15.4291
    endloop
  endfacet
  facet normal 0.980882 0 -0.194601
    outer loop
      vertex -158.447 0 15.0057
      vertex -158.363 -5 15.4291
      vertex -158.447 -5 15.0057
    endloop
  endfacet
  facet normal 0.997893 0 -0.0648735
    outer loop
      vertex -158.447 -5 15.0057
      vertex -158.475 0 14.575
      vertex -158.447 0 15.0057
    endloop
  endfacet
  facet normal 0.997893 0 -0.0648735
    outer loop
      vertex -158.475 0 14.575
      vertex -158.447 -5 15.0057
      vertex -158.475 -5 14.575
    endloop
  endfacet
  facet normal -0.442406 0 0.896815
    outer loop
      vertex -153.912 0 8.12621
      vertex -153.525 -5 8.31712
      vertex -153.525 0 8.31712
    endloop
  endfacet
  facet normal -0.442406 0 0.896815
    outer loop
      vertex -153.525 -5 8.31712
      vertex -153.912 0 8.12621
      vertex -153.912 -5 8.12621
    endloop
  endfacet
  facet normal -0.8968 0 0.442435
    outer loop
      vertex -152.317 -5 9.52501
      vertex -152.126 0 9.91216
      vertex -152.317 0 9.52501
    endloop
  endfacet
  facet normal -0.8968 0 0.442435
    outer loop
      vertex -152.126 0 9.91216
      vertex -152.317 -5 9.52501
      vertex -152.126 -5 9.91216
    endloop
  endfacet
  facet normal 0.0652896 0 -0.997866
    outer loop
      vertex -155.606 -5 17.8468
      vertex -155.175 0 17.875
      vertex -155.175 -5 17.875
    endloop
  endfacet
  facet normal 0.0652896 0 -0.997866
    outer loop
      vertex -155.175 0 17.875
      vertex -155.606 -5 17.8468
      vertex -155.606 0 17.8468
    endloop
  endfacet
  facet normal -0.195269 0 0.98075
    outer loop
      vertex -154.744 0 7.90324
      vertex -154.321 -5 7.98746
      vertex -154.321 0 7.98746
    endloop
  endfacet
  facet normal -0.195269 0 0.98075
    outer loop
      vertex -154.321 -5 7.98746
      vertex -154.744 0 7.90324
      vertex -154.744 -5 7.90324
    endloop
  endfacet
  facet normal -0.660079 0 -0.751196
    outer loop
      vertex -153.166 -5 17.1931
      vertex -152.842 0 16.9084
      vertex -152.842 -5 16.9084
    endloop
  endfacet
  facet normal -0.660079 0 -0.751196
    outer loop
      vertex -152.842 0 16.9084
      vertex -153.166 -5 17.1931
      vertex -153.166 0 17.1931
    endloop
  endfacet
  facet normal -0.659948 0 0.751311
    outer loop
      vertex -153.166 0 8.55695
      vertex -152.842 -5 8.84155
      vertex -152.842 0 8.84155
    endloop
  endfacet
  facet normal -0.659948 0 0.751311
    outer loop
      vertex -152.842 -5 8.84155
      vertex -153.166 0 8.55695
      vertex -153.166 -5 8.55695
    endloop
  endfacet
  facet normal -0.946753 0 0.321962
    outer loop
      vertex -152.126 -5 9.91216
      vertex -151.987 0 10.3209
      vertex -152.126 0 9.91216
    endloop
  endfacet
  facet normal -0.946753 0 0.321962
    outer loop
      vertex -151.987 0 10.3209
      vertex -152.126 -5 9.91216
      vertex -151.987 -5 10.3209
    endloop
  endfacet
  facet normal 0.997893 -0 0.0648735
    outer loop
      vertex -158.475 -5 11.175
      vertex -158.447 0 10.7443
      vertex -158.475 0 11.175
    endloop
  endfacet
  facet normal 0.997893 0 0.0648735
    outer loop
      vertex -158.447 0 10.7443
      vertex -158.475 -5 11.175
      vertex -158.447 -5 10.7443
    endloop
  endfacet
  facet normal -0.980882 0 -0.194601
    outer loop
      vertex -151.903 -5 15.0057
      vertex -151.987 0 15.4291
      vertex -151.903 0 15.0057
    endloop
  endfacet
  facet normal -0.980882 -0 -0.194601
    outer loop
      vertex -151.987 0 15.4291
      vertex -151.903 -5 15.0057
      vertex -151.987 -5 15.4291
    endloop
  endfacet
  facet normal -0.997893 0 0.0648735
    outer loop
      vertex -151.903 -5 10.7443
      vertex -151.875 0 11.175
      vertex -151.903 0 10.7443
    endloop
  endfacet
  facet normal -0.997893 0 0.0648735
    outer loop
      vertex -151.875 0 11.175
      vertex -151.903 -5 10.7443
      vertex -151.875 -5 11.175
    endloop
  endfacet
  facet normal 0.660079 0 -0.751196
    outer loop
      vertex -157.508 -5 16.9084
      vertex -157.184 0 17.1931
      vertex -157.184 -5 17.1931
    endloop
  endfacet
  facet normal 0.660079 0 -0.751196
    outer loop
      vertex -157.184 0 17.1931
      vertex -157.508 -5 16.9084
      vertex -157.508 0 16.9084
    endloop
  endfacet
  facet normal -0.321155 0 -0.947026
    outer loop
      vertex -154.321 -5 17.7625
      vertex -153.912 0 17.6238
      vertex -153.912 -5 17.6238
    endloop
  endfacet
  facet normal -0.321155 0 -0.947026
    outer loop
      vertex -153.912 0 17.6238
      vertex -154.321 -5 17.7625
      vertex -154.321 0 17.7625
    endloop
  endfacet
  facet normal -0.751356 0 -0.659897
    outer loop
      vertex -152.557 -5 16.5839
      vertex -152.842 0 16.9084
      vertex -152.557 0 16.5839
    endloop
  endfacet
  facet normal -0.751356 -0 -0.659897
    outer loop
      vertex -152.842 0 16.9084
      vertex -152.557 -5 16.5839
      vertex -152.842 -5 16.9084
    endloop
  endfacet
  facet normal -0.831266 0 -0.555876
    outer loop
      vertex -152.317 -5 16.225
      vertex -152.557 0 16.5839
      vertex -152.317 0 16.225
    endloop
  endfacet
  facet normal -0.831266 -0 -0.555876
    outer loop
      vertex -152.557 0 16.5839
      vertex -152.317 -5 16.225
      vertex -152.557 -5 16.5839
    endloop
  endfacet
  facet normal -0.751397 0 0.659851
    outer loop
      vertex -152.842 -5 8.84155
      vertex -152.557 0 9.16609
      vertex -152.842 0 8.84155
    endloop
  endfacet
  facet normal -0.751397 0 0.659851
    outer loop
      vertex -152.557 0 9.16609
      vertex -152.842 -5 8.84155
      vertex -152.557 -5 9.16609
    endloop
  endfacet
  facet normal 0.946743 0 -0.32199
    outer loop
      vertex -158.224 -5 15.8378
      vertex -158.363 0 15.4291
      vertex -158.224 0 15.8378
    endloop
  endfacet
  facet normal 0.946743 0 -0.32199
    outer loop
      vertex -158.363 0 15.4291
      vertex -158.224 -5 15.8378
      vertex -158.363 -5 15.4291
    endloop
  endfacet
  facet normal 0.946753 -0 0.321962
    outer loop
      vertex -158.363 -5 10.3209
      vertex -158.224 0 9.91216
      vertex -158.363 0 10.3209
    endloop
  endfacet
  facet normal 0.946753 0 0.321962
    outer loop
      vertex -158.224 0 9.91216
      vertex -158.363 -5 10.3209
      vertex -158.224 -5 9.91216
    endloop
  endfacet
  facet normal 0.980882 -0 0.194601
    outer loop
      vertex -158.447 -5 10.7443
      vertex -158.363 0 10.3209
      vertex -158.447 0 10.7443
    endloop
  endfacet
  facet normal 0.980882 0 0.194601
    outer loop
      vertex -158.363 0 10.3209
      vertex -158.447 -5 10.7443
      vertex -158.363 -5 10.3209
    endloop
  endfacet
  facet normal 0.195269 0 0.98075
    outer loop
      vertex -156.029 0 7.98746
      vertex -155.606 -5 7.90324
      vertex -155.606 0 7.90324
    endloop
  endfacet
  facet normal 0.195269 0 0.98075
    outer loop
      vertex -155.606 -5 7.90324
      vertex -156.029 0 7.98746
      vertex -156.029 -5 7.98746
    endloop
  endfacet
  facet normal -0.195447 0 -0.980714
    outer loop
      vertex -154.744 -5 17.8468
      vertex -154.321 0 17.7625
      vertex -154.321 -5 17.7625
    endloop
  endfacet
  facet normal -0.195447 0 -0.980714
    outer loop
      vertex -154.321 0 17.7625
      vertex -154.744 -5 17.8468
      vertex -154.744 0 17.8468
    endloop
  endfacet
  facet normal 0.321259 0 0.946991
    outer loop
      vertex -156.438 0 8.12621
      vertex -156.029 -5 7.98746
      vertex -156.029 0 7.98746
    endloop
  endfacet
  facet normal 0.321259 0 0.946991
    outer loop
      vertex -156.029 -5 7.98746
      vertex -156.438 0 8.12621
      vertex -156.438 -5 8.12621
    endloop
  endfacet
  facet normal 0.83128 -0 0.555854
    outer loop
      vertex -158.033 -5 9.52501
      vertex -157.793 0 9.16609
      vertex -158.033 0 9.52501
    endloop
  endfacet
  facet normal 0.83128 0 0.555854
    outer loop
      vertex -157.793 0 9.16609
      vertex -158.033 -5 9.52501
      vertex -157.793 -5 9.16609
    endloop
  endfacet
  facet normal 0.751397 -0 0.659851
    outer loop
      vertex -157.793 -5 9.16609
      vertex -157.508 0 8.84155
      vertex -157.793 0 9.16609
    endloop
  endfacet
  facet normal 0.751397 0 0.659851
    outer loop
      vertex -157.508 0 8.84155
      vertex -157.793 -5 9.16609
      vertex -157.508 -5 8.84155
    endloop
  endfacet
  facet normal 0.442406 0 0.896815
    outer loop
      vertex -156.825 0 8.31712
      vertex -156.438 -5 8.12621
      vertex -156.438 0 8.12621
    endloop
  endfacet
  facet normal 0.442406 0 0.896815
    outer loop
      vertex -156.438 -5 8.12621
      vertex -156.825 0 8.31712
      vertex -156.825 -5 8.31712
    endloop
  endfacet
  facet normal 0.751356 0 -0.659897
    outer loop
      vertex -157.508 -5 16.9084
      vertex -157.793 0 16.5839
      vertex -157.508 0 16.9084
    endloop
  endfacet
  facet normal 0.751356 0 -0.659897
    outer loop
      vertex -157.793 0 16.5839
      vertex -157.508 -5 16.9084
      vertex -157.793 -5 16.5839
    endloop
  endfacet
  facet normal 0.0653818 0 0.99786
    outer loop
      vertex -155.606 0 7.90324
      vertex -155.175 -5 7.875
      vertex -155.175 0 7.875
    endloop
  endfacet
  facet normal 0.0653818 0 0.99786
    outer loop
      vertex -155.175 -5 7.875
      vertex -155.606 0 7.90324
      vertex -155.606 -5 7.90324
    endloop
  endfacet
  facet normal -0.0653818 0 0.99786
    outer loop
      vertex -171.05 0 7.875
      vertex -170.619 -5 7.90324
      vertex -170.619 0 7.90324
    endloop
  endfacet
  facet normal -0.0653818 0 0.99786
    outer loop
      vertex -170.619 -5 7.90324
      vertex -171.05 0 7.875
      vertex -171.05 -5 7.875
    endloop
  endfacet
  facet normal 0.659948 0 0.751311
    outer loop
      vertex -173.383 0 8.84155
      vertex -173.059 -5 8.55695
      vertex -173.059 0 8.55695
    endloop
  endfacet
  facet normal 0.659948 0 0.751311
    outer loop
      vertex -173.059 -5 8.55695
      vertex -173.383 0 8.84155
      vertex -173.383 -5 8.84155
    endloop
  endfacet
  facet normal -0.442387 0 -0.896824
    outer loop
      vertex -169.787 -5 17.6238
      vertex -169.4 0 17.4329
      vertex -169.4 -5 17.4329
    endloop
  endfacet
  facet normal -0.442387 0 -0.896824
    outer loop
      vertex -169.4 0 17.4329
      vertex -169.787 -5 17.6238
      vertex -169.787 0 17.6238
    endloop
  endfacet
  facet normal -0.83128 0 0.555854
    outer loop
      vertex -168.432 -5 9.16609
      vertex -168.192 0 9.52501
      vertex -168.432 0 9.16609
    endloop
  endfacet
  facet normal -0.83128 0 0.555854
    outer loop
      vertex -168.192 0 9.52501
      vertex -168.432 -5 9.16609
      vertex -168.192 -5 9.52501
    endloop
  endfacet
  facet normal 0.896823 0 -0.442389
    outer loop
      vertex -173.908 -5 16.225
      vertex -174.099 0 15.8378
      vertex -173.908 0 16.225
    endloop
  endfacet
  facet normal 0.896823 0 -0.442389
    outer loop
      vertex -174.099 0 15.8378
      vertex -173.908 -5 16.225
      vertex -174.099 -5 15.8378
    endloop
  endfacet
  facet normal -0.896823 0 -0.442389
    outer loop
      vertex -168.001 -5 15.8378
      vertex -168.192 0 16.225
      vertex -168.001 0 15.8378
    endloop
  endfacet
  facet normal -0.896823 -0 -0.442389
    outer loop
      vertex -168.192 0 16.225
      vertex -168.001 -5 15.8378
      vertex -168.192 -5 16.225
    endloop
  endfacet
  facet normal -0.997893 0 -0.0648735
    outer loop
      vertex -167.75 -5 14.575
      vertex -167.778 0 15.0057
      vertex -167.75 0 14.575
    endloop
  endfacet
  facet normal -0.997893 -0 -0.0648735
    outer loop
      vertex -167.778 0 15.0057
      vertex -167.75 -5 14.575
      vertex -167.778 -5 15.0057
    endloop
  endfacet
  facet normal -0.0652896 0 -0.997866
    outer loop
      vertex -171.05 -5 17.875
      vertex -170.619 0 17.8468
      vertex -170.619 -5 17.8468
    endloop
  endfacet
  facet normal -0.0652896 0 -0.997866
    outer loop
      vertex -170.619 0 17.8468
      vertex -171.05 -5 17.875
      vertex -171.05 0 17.875
    endloop
  endfacet
  facet normal 0.831266 0 -0.555876
    outer loop
      vertex -173.668 -5 16.5839
      vertex -173.908 0 16.225
      vertex -173.668 0 16.5839
    endloop
  endfacet
  facet normal 0.831266 0 -0.555876
    outer loop
      vertex -173.908 0 16.225
      vertex -173.668 -5 16.5839
      vertex -173.908 -5 16.225
    endloop
  endfacet
  facet normal -0.555496 0 0.831519
    outer loop
      vertex -169.4 0 8.31712
      vertex -169.041 -5 8.55695
      vertex -169.041 0 8.55695
    endloop
  endfacet
  facet normal -0.555496 0 0.831519
    outer loop
      vertex -169.041 -5 8.55695
      vertex -169.4 0 8.31712
      vertex -169.4 -5 8.31712
    endloop
  endfacet
  facet normal 1 -0 0
    outer loop
      vertex -174.35 -5 14.575
      vertex -174.35 0 11.175
      vertex -174.35 0 14.575
    endloop
  endfacet
  facet normal 1 0 0
    outer loop
      vertex -174.35 0 11.175
      vertex -174.35 -5 14.575
      vertex -174.35 -5 11.175
    endloop
  endfacet
  facet normal 0.321155 0 -0.947026
    outer loop
      vertex -172.313 -5 17.6238
      vertex -171.904 0 17.7625
      vertex -171.904 -5 17.7625
    endloop
  endfacet
  facet normal 0.321155 0 -0.947026
    outer loop
      vertex -171.904 0 17.7625
      vertex -172.313 -5 17.6238
      vertex -172.313 0 17.6238
    endloop
  endfacet
  facet normal -0.946743 0 -0.32199
    outer loop
      vertex -167.862 -5 15.4291
      vertex -168.001 0 15.8378
      vertex -167.862 0 15.4291
    endloop
  endfacet
  facet normal -0.946743 -0 -0.32199
    outer loop
      vertex -168.001 0 15.8378
      vertex -167.862 -5 15.4291
      vertex -168.001 -5 15.8378
    endloop
  endfacet
  facet normal 0.442387 0 -0.896824
    outer loop
      vertex -172.7 -5 17.4329
      vertex -172.313 0 17.6238
      vertex -172.313 -5 17.6238
    endloop
  endfacet
  facet normal 0.442387 0 -0.896824
    outer loop
      vertex -172.313 0 17.6238
      vertex -172.7 -5 17.4329
      vertex -172.7 0 17.4329
    endloop
  endfacet
  facet normal 0.980882 -0 0.194601
    outer loop
      vertex -174.322 -5 10.7443
      vertex -174.238 0 10.3209
      vertex -174.322 0 10.7443
    endloop
  endfacet
  facet normal 0.980882 0 0.194601
    outer loop
      vertex -174.238 0 10.3209
      vertex -174.322 -5 10.7443
      vertex -174.238 -5 10.3209
    endloop
  endfacet
  facet normal -0.555448 0 -0.831551
    outer loop
      vertex -169.4 -5 17.4329
      vertex -169.041 0 17.1931
      vertex -169.041 -5 17.1931
    endloop
  endfacet
  facet normal -0.555448 0 -0.831551
    outer loop
      vertex -169.041 0 17.1931
      vertex -169.4 -5 17.4329
      vertex -169.4 0 17.4329
    endloop
  endfacet
  facet normal 0.195447 0 -0.980714
    outer loop
      vertex -171.904 -5 17.7625
      vertex -171.481 0 17.8468
      vertex -171.481 -5 17.8468
    endloop
  endfacet
  facet normal 0.195447 0 -0.980714
    outer loop
      vertex -171.481 0 17.8468
      vertex -171.904 -5 17.7625
      vertex -171.904 0 17.7625
    endloop
  endfacet
  facet normal 0.8968 -0 0.442435
    outer loop
      vertex -174.099 -5 9.91216
      vertex -173.908 0 9.52501
      vertex -174.099 0 9.91216
    endloop
  endfacet
  facet normal 0.8968 0 0.442435
    outer loop
      vertex -173.908 0 9.52501
      vertex -174.099 -5 9.91216
      vertex -173.908 -5 9.52501
    endloop
  endfacet
  facet normal -0.321259 0 0.946991
    outer loop
      vertex -170.196 0 7.98746
      vertex -169.787 -5 8.12621
      vertex -169.787 0 8.12621
    endloop
  endfacet
  facet normal -0.321259 0 0.946991
    outer loop
      vertex -169.787 -5 8.12621
      vertex -170.196 0 7.98746
      vertex -170.196 -5 7.98746
    endloop
  endfacet
  facet normal 0.555448 0 -0.831551
    outer loop
      vertex -173.059 -5 17.1931
      vertex -172.7 0 17.4329
      vertex -172.7 -5 17.4329
    endloop
  endfacet
  facet normal 0.555448 0 -0.831551
    outer loop
      vertex -172.7 0 17.4329
      vertex -173.059 -5 17.1931
      vertex -173.059 0 17.1931
    endloop
  endfacet
  facet normal -0.980882 0 0.194601
    outer loop
      vertex -167.862 -5 10.3209
      vertex -167.778 0 10.7443
      vertex -167.862 0 10.3209
    endloop
  endfacet
  facet normal -0.980882 0 0.194601
    outer loop
      vertex -167.778 0 10.7443
      vertex -167.862 -5 10.3209
      vertex -167.778 -5 10.7443
    endloop
  endfacet
  facet normal -1 0 0
    outer loop
      vertex -167.75 -5 11.175
      vertex -167.75 0 14.575
      vertex -167.75 0 11.175
    endloop
  endfacet
  facet normal -1 -0 0
    outer loop
      vertex -167.75 0 14.575
      vertex -167.75 -5 11.175
      vertex -167.75 -5 14.575
    endloop
  endfacet
  facet normal 0.555496 0 0.831519
    outer loop
      vertex -173.059 0 8.55695
      vertex -172.7 -5 8.31712
      vertex -172.7 0 8.31712
    endloop
  endfacet
  facet normal 0.555496 0 0.831519
    outer loop
      vertex -172.7 -5 8.31712
      vertex -173.059 0 8.55695
      vertex -173.059 -5 8.55695
    endloop
  endfacet
  facet normal 0.980882 0 -0.194601
    outer loop
      vertex -174.238 -5 15.4291
      vertex -174.322 0 15.0057
      vertex -174.238 0 15.4291
    endloop
  endfacet
  facet normal 0.980882 0 -0.194601
    outer loop
      vertex -174.322 0 15.0057
      vertex -174.238 -5 15.4291
      vertex -174.322 -5 15.0057
    endloop
  endfacet
  facet normal 0.997893 0 -0.0648735
    outer loop
      vertex -174.322 -5 15.0057
      vertex -174.35 0 14.575
      vertex -174.322 0 15.0057
    endloop
  endfacet
  facet normal 0.997893 0 -0.0648735
    outer loop
      vertex -174.35 0 14.575
      vertex -174.322 -5 15.0057
      vertex -174.35 -5 14.575
    endloop
  endfacet
  facet normal -0.442406 0 0.896815
    outer loop
      vertex -169.787 0 8.12621
      vertex -169.4 -5 8.31712
      vertex -169.4 0 8.31712
    endloop
  endfacet
  facet normal -0.442406 0 0.896815
    outer loop
      vertex -169.4 -5 8.31712
      vertex -169.787 0 8.12621
      vertex -169.787 -5 8.12621
    endloop
  endfacet
  facet normal -0.8968 0 0.442435
    outer loop
      vertex -168.192 -5 9.52501
      vertex -168.001 0 9.91216
      vertex -168.192 0 9.52501
    endloop
  endfacet
  facet normal -0.8968 0 0.442435
    outer loop
      vertex -168.001 0 9.91216
      vertex -168.192 -5 9.52501
      vertex -168.001 -5 9.91216
    endloop
  endfacet
  facet normal 0.0652896 0 -0.997866
    outer loop
      vertex -171.481 -5 17.8468
      vertex -171.05 0 17.875
      vertex -171.05 -5 17.875
    endloop
  endfacet
  facet normal 0.0652896 0 -0.997866
    outer loop
      vertex -171.05 0 17.875
      vertex -171.481 -5 17.8468
      vertex -171.481 0 17.8468
    endloop
  endfacet
  facet normal -0.195269 0 0.98075
    outer loop
      vertex -170.619 0 7.90324
      vertex -170.196 -5 7.98746
      vertex -170.196 0 7.98746
    endloop
  endfacet
  facet normal -0.195269 0 0.98075
    outer loop
      vertex -170.196 -5 7.98746
      vertex -170.619 0 7.90324
      vertex -170.619 -5 7.90324
    endloop
  endfacet
  facet normal -0.660079 0 -0.751196
    outer loop
      vertex -169.041 -5 17.1931
      vertex -168.717 0 16.9084
      vertex -168.717 -5 16.9084
    endloop
  endfacet
  facet normal -0.660079 0 -0.751196
    outer loop
      vertex -168.717 0 16.9084
      vertex -169.041 -5 17.1931
      vertex -169.041 0 17.1931
    endloop
  endfacet
  facet normal -0.659948 0 0.751311
    outer loop
      vertex -169.041 0 8.55695
      vertex -168.717 -5 8.84155
      vertex -168.717 0 8.84155
    endloop
  endfacet
  facet normal -0.659948 0 0.751311
    outer loop
      vertex -168.717 -5 8.84155
      vertex -169.041 0 8.55695
      vertex -169.041 -5 8.55695
    endloop
  endfacet
  facet normal -0.946753 0 0.321962
    outer loop
      vertex -168.001 -5 9.91216
      vertex -167.862 0 10.3209
      vertex -168.001 0 9.91216
    endloop
  endfacet
  facet normal -0.946753 0 0.321962
    outer loop
      vertex -167.862 0 10.3209
      vertex -168.001 -5 9.91216
      vertex -167.862 -5 10.3209
    endloop
  endfacet
  facet normal 0.997893 -0 0.0648735
    outer loop
      vertex -174.35 -5 11.175
      vertex -174.322 0 10.7443
      vertex -174.35 0 11.175
    endloop
  endfacet
  facet normal 0.997893 0 0.0648735
    outer loop
      vertex -174.322 0 10.7443
      vertex -174.35 -5 11.175
      vertex -174.322 -5 10.7443
    endloop
  endfacet
  facet normal -0.980882 0 -0.194601
    outer loop
      vertex -167.778 -5 15.0057
      vertex -167.862 0 15.4291
      vertex -167.778 0 15.0057
    endloop
  endfacet
  facet normal -0.980882 -0 -0.194601
    outer loop
      vertex -167.862 0 15.4291
      vertex -167.778 -5 15.0057
      vertex -167.862 -5 15.4291
    endloop
  endfacet
  facet normal -0.997893 0 0.0648735
    outer loop
      vertex -167.778 -5 10.7443
      vertex -167.75 0 11.175
      vertex -167.778 0 10.7443
    endloop
  endfacet
  facet normal -0.997893 0 0.0648735
    outer loop
      vertex -167.75 0 11.175
      vertex -167.778 -5 10.7443
      vertex -167.75 -5 11.175
    endloop
  endfacet
  facet normal 0.660079 0 -0.751196
    outer loop
      vertex -173.383 -5 16.9084
      vertex -173.059 0 17.1931
      vertex -173.059 -5 17.1931
    endloop
  endfacet
  facet normal 0.660079 0 -0.751196
    outer loop
      vertex -173.059 0 17.1931
      vertex -173.383 -5 16.9084
      vertex -173.383 0 16.9084
    endloop
  endfacet
  facet normal -0.321155 0 -0.947026
    outer loop
      vertex -170.196 -5 17.7625
      vertex -169.787 0 17.6238
      vertex -169.787 -5 17.6238
    endloop
  endfacet
  facet normal -0.321155 0 -0.947026
    outer loop
      vertex -169.787 0 17.6238
      vertex -170.196 -5 17.7625
      vertex -170.196 0 17.7625
    endloop
  endfacet
  facet normal -0.751356 0 -0.659897
    outer loop
      vertex -168.432 -5 16.5839
      vertex -168.717 0 16.9084
      vertex -168.432 0 16.5839
    endloop
  endfacet
  facet normal -0.751356 -0 -0.659897
    outer loop
      vertex -168.717 0 16.9084
      vertex -168.432 -5 16.5839
      vertex -168.717 -5 16.9084
    endloop
  endfacet
  facet normal -0.831266 0 -0.555876
    outer loop
      vertex -168.192 -5 16.225
      vertex -168.432 0 16.5839
      vertex -168.192 0 16.225
    endloop
  endfacet
  facet normal -0.831266 -0 -0.555876
    outer loop
      vertex -168.432 0 16.5839
      vertex -168.192 -5 16.225
      vertex -168.432 -5 16.5839
    endloop
  endfacet
  facet normal -0.751397 0 0.659851
    outer loop
      vertex -168.717 -5 8.84155
      vertex -168.432 0 9.16609
      vertex -168.717 0 8.84155
    endloop
  endfacet
  facet normal -0.751397 0 0.659851
    outer loop
      vertex -168.432 0 9.16609
      vertex -168.717 -5 8.84155
      vertex -168.432 -5 9.16609
    endloop
  endfacet
  facet normal 0.946743 0 -0.32199
    outer loop
      vertex -174.099 -5 15.8378
      vertex -174.238 0 15.4291
      vertex -174.099 0 15.8378
    endloop
  endfacet
  facet normal 0.946743 0 -0.32199
    outer loop
      vertex -174.238 0 15.4291
      vertex -174.099 -5 15.8378
      vertex -174.238 -5 15.4291
    endloop
  endfacet
  facet normal 0.946753 -0 0.321962
    outer loop
      vertex -174.238 -5 10.3209
      vertex -174.099 0 9.91216
      vertex -174.238 0 10.3209
    endloop
  endfacet
  facet normal 0.946753 0 0.321962
    outer loop
      vertex -174.099 0 9.91216
      vertex -174.238 -5 10.3209
      vertex -174.099 -5 9.91216
    endloop
  endfacet
  facet normal 0.195269 0 0.98075
    outer loop
      vertex -171.904 0 7.98746
      vertex -171.481 -5 7.90324
      vertex -171.481 0 7.90324
    endloop
  endfacet
  facet normal 0.195269 0 0.98075
    outer loop
      vertex -171.481 -5 7.90324
      vertex -171.904 0 7.98746
      vertex -171.904 -5 7.98746
    endloop
  endfacet
  facet normal -0.195447 0 -0.980714
    outer loop
      vertex -170.619 -5 17.8468
      vertex -170.196 0 17.7625
      vertex -170.196 -5 17.7625
    endloop
  endfacet
  facet normal -0.195447 0 -0.980714
    outer loop
      vertex -170.196 0 17.7625
      vertex -170.619 -5 17.8468
      vertex -170.619 0 17.8468
    endloop
  endfacet
  facet normal 0.321259 0 0.946991
    outer loop
      vertex -172.313 0 8.12621
      vertex -171.904 -5 7.98746
      vertex -171.904 0 7.98746
    endloop
  endfacet
  facet normal 0.321259 0 0.946991
    outer loop
      vertex -171.904 -5 7.98746
      vertex -172.313 0 8.12621
      vertex -172.313 -5 8.12621
    endloop
  endfacet
  facet normal 0.83128 -0 0.555854
    outer loop
      vertex -173.908 -5 9.52501
      vertex -173.668 0 9.16609
      vertex -173.908 0 9.52501
    endloop
  endfacet
  facet normal 0.83128 0 0.555854
    outer loop
      vertex -173.668 0 9.16609
      vertex -173.908 -5 9.52501
      vertex -173.668 -5 9.16609
    endloop
  endfacet
  facet normal 0.751397 -0 0.659851
    outer loop
      vertex -173.668 -5 9.16609
      vertex -173.383 0 8.84155
      vertex -173.668 0 9.16609
    endloop
  endfacet
  facet normal 0.751397 0 0.659851
    outer loop
      vertex -173.383 0 8.84155
      vertex -173.668 -5 9.16609
      vertex -173.383 -5 8.84155
    endloop
  endfacet
  facet normal 0.442406 0 0.896815
    outer loop
      vertex -172.7 0 8.31712
      vertex -172.313 -5 8.12621
      vertex -172.313 0 8.12621
    endloop
  endfacet
  facet normal 0.442406 0 0.896815
    outer loop
      vertex -172.313 -5 8.12621
      vertex -172.7 0 8.31712
      vertex -172.7 -5 8.31712
    endloop
  endfacet
  facet normal 0.751356 0 -0.659897
    outer loop
      vertex -173.383 -5 16.9084
      vertex -173.668 0 16.5839
      vertex -173.383 0 16.9084
    endloop
  endfacet
  facet normal 0.751356 0 -0.659897
    outer loop
      vertex -173.668 0 16.5839
      vertex -173.383 -5 16.9084
      vertex -173.668 -5 16.5839
    endloop
  endfacet
  facet normal 0.0653818 0 0.99786
    outer loop
      vertex -171.481 0 7.90324
      vertex -171.05 -5 7.875
      vertex -171.05 0 7.875
    endloop
  endfacet
  facet normal 0.0653818 0 0.99786
    outer loop
      vertex -171.05 -5 7.875
      vertex -171.481 0 7.90324
      vertex -171.481 -5 7.90324
    endloop
  endfacet
  facet normal -0.0653818 0 0.99786
    outer loop
      vertex -183.75 0 7.875
      vertex -183.319 -5 7.90324
      vertex -183.319 0 7.90324
    endloop
  endfacet
  facet normal -0.0653818 0 0.99786
    outer loop
      vertex -183.319 -5 7.90324
      vertex -183.75 0 7.875
      vertex -183.75 -5 7.875
    endloop
  endfacet
  facet normal 0.659948 0 0.751311
    outer loop
      vertex -186.083 0 8.84155
      vertex -185.759 -5 8.55695
      vertex -185.759 0 8.55695
    endloop
  endfacet
  facet normal 0.659948 0 0.751311
    outer loop
      vertex -185.759 -5 8.55695
      vertex -186.083 0 8.84155
      vertex -186.083 -5 8.84155
    endloop
  endfacet
  facet normal -0.442387 0 -0.896824
    outer loop
      vertex -182.487 -5 17.6238
      vertex -182.1 0 17.4329
      vertex -182.1 -5 17.4329
    endloop
  endfacet
  facet normal -0.442387 0 -0.896824
    outer loop
      vertex -182.1 0 17.4329
      vertex -182.487 -5 17.6238
      vertex -182.487 0 17.6238
    endloop
  endfacet
  facet normal -0.83128 0 0.555854
    outer loop
      vertex -181.132 -5 9.16609
      vertex -180.892 0 9.52501
      vertex -181.132 0 9.16609
    endloop
  endfacet
  facet normal -0.83128 0 0.555854
    outer loop
      vertex -180.892 0 9.52501
      vertex -181.132 -5 9.16609
      vertex -180.892 -5 9.52501
    endloop
  endfacet
  facet normal 0.896823 0 -0.442389
    outer loop
      vertex -186.608 -5 16.225
      vertex -186.799 0 15.8378
      vertex -186.608 0 16.225
    endloop
  endfacet
  facet normal 0.896823 0 -0.442389
    outer loop
      vertex -186.799 0 15.8378
      vertex -186.608 -5 16.225
      vertex -186.799 -5 15.8378
    endloop
  endfacet
  facet normal -0.896823 0 -0.442389
    outer loop
      vertex -180.701 -5 15.8378
      vertex -180.892 0 16.225
      vertex -180.701 0 15.8378
    endloop
  endfacet
  facet normal -0.896823 -0 -0.442389
    outer loop
      vertex -180.892 0 16.225
      vertex -180.701 -5 15.8378
      vertex -180.892 -5 16.225
    endloop
  endfacet
  facet normal -0.997893 0 -0.0648735
    outer loop
      vertex -180.45 -5 14.575
      vertex -180.478 0 15.0057
      vertex -180.45 0 14.575
    endloop
  endfacet
  facet normal -0.997893 -0 -0.0648735
    outer loop
      vertex -180.478 0 15.0057
      vertex -180.45 -5 14.575
      vertex -180.478 -5 15.0057
    endloop
  endfacet
  facet normal -0.0652896 0 -0.997866
    outer loop
      vertex -183.75 -5 17.875
      vertex -183.319 0 17.8468
      vertex -183.319 -5 17.8468
    endloop
  endfacet
  facet normal -0.0652896 0 -0.997866
    outer loop
      vertex -183.319 0 17.8468
      vertex -183.75 -5 17.875
      vertex -183.75 0 17.875
    endloop
  endfacet
  facet normal 0.831266 0 -0.555876
    outer loop
      vertex -186.368 -5 16.5839
      vertex -186.608 0 16.225
      vertex -186.368 0 16.5839
    endloop
  endfacet
  facet normal 0.831266 0 -0.555876
    outer loop
      vertex -186.608 0 16.225
      vertex -186.368 -5 16.5839
      vertex -186.608 -5 16.225
    endloop
  endfacet
  facet normal -0.555496 0 0.831519
    outer loop
      vertex -182.1 0 8.31712
      vertex -181.741 -5 8.55695
      vertex -181.741 0 8.55695
    endloop
  endfacet
  facet normal -0.555496 0 0.831519
    outer loop
      vertex -181.741 -5 8.55695
      vertex -182.1 0 8.31712
      vertex -182.1 -5 8.31712
    endloop
  endfacet
  facet normal 1 -0 0
    outer loop
      vertex -187.05 -5 14.575
      vertex -187.05 0 11.175
      vertex -187.05 0 14.575
    endloop
  endfacet
  facet normal 1 0 0
    outer loop
      vertex -187.05 0 11.175
      vertex -187.05 -5 14.575
      vertex -187.05 -5 11.175
    endloop
  endfacet
  facet normal 0.321155 0 -0.947026
    outer loop
      vertex -185.013 -5 17.6238
      vertex -184.604 0 17.7625
      vertex -184.604 -5 17.7625
    endloop
  endfacet
  facet normal 0.321155 0 -0.947026
    outer loop
      vertex -184.604 0 17.7625
      vertex -185.013 -5 17.6238
      vertex -185.013 0 17.6238
    endloop
  endfacet
  facet normal -0.946743 0 -0.32199
    outer loop
      vertex -180.562 -5 15.4291
      vertex -180.701 0 15.8378
      vertex -180.562 0 15.4291
    endloop
  endfacet
  facet normal -0.946743 -0 -0.32199
    outer loop
      vertex -180.701 0 15.8378
      vertex -180.562 -5 15.4291
      vertex -180.701 -5 15.8378
    endloop
  endfacet
  facet normal 0.442387 0 -0.896824
    outer loop
      vertex -185.4 -5 17.4329
      vertex -185.013 0 17.6238
      vertex -185.013 -5 17.6238
    endloop
  endfacet
  facet normal 0.442387 0 -0.896824
    outer loop
      vertex -185.013 0 17.6238
      vertex -185.4 -5 17.4329
      vertex -185.4 0 17.4329
    endloop
  endfacet
  facet normal -0.555448 0 -0.831551
    outer loop
      vertex -182.1 -5 17.4329
      vertex -181.741 0 17.1931
      vertex -181.741 -5 17.1931
    endloop
  endfacet
  facet normal -0.555448 0 -0.831551
    outer loop
      vertex -181.741 0 17.1931
      vertex -182.1 -5 17.4329
      vertex -182.1 0 17.4329
    endloop
  endfacet
  facet normal 0.195447 0 -0.980714
    outer loop
      vertex -184.604 -5 17.7625
      vertex -184.181 0 17.8468
      vertex -184.181 -5 17.8468
    endloop
  endfacet
  facet normal 0.195447 0 -0.980714
    outer loop
      vertex -184.181 0 17.8468
      vertex -184.604 -5 17.7625
      vertex -184.604 0 17.7625
    endloop
  endfacet
  facet normal 0.8968 -0 0.442435
    outer loop
      vertex -186.799 -5 9.91216
      vertex -186.608 0 9.52501
      vertex -186.799 0 9.91216
    endloop
  endfacet
  facet normal 0.8968 0 0.442435
    outer loop
      vertex -186.608 0 9.52501
      vertex -186.799 -5 9.91216
      vertex -186.608 -5 9.52501
    endloop
  endfacet
  facet normal -0.321259 0 0.946991
    outer loop
      vertex -182.896 0 7.98746
      vertex -182.487 -5 8.12621
      vertex -182.487 0 8.12621
    endloop
  endfacet
  facet normal -0.321259 0 0.946991
    outer loop
      vertex -182.487 -5 8.12621
      vertex -182.896 0 7.98746
      vertex -182.896 -5 7.98746
    endloop
  endfacet
  facet normal 0.555448 0 -0.831551
    outer loop
      vertex -185.759 -5 17.1931
      vertex -185.4 0 17.4329
      vertex -185.4 -5 17.4329
    endloop
  endfacet
  facet normal 0.555448 0 -0.831551
    outer loop
      vertex -185.4 0 17.4329
      vertex -185.759 -5 17.1931
      vertex -185.759 0 17.1931
    endloop
  endfacet
  facet normal -0.980882 0 0.194601
    outer loop
      vertex -180.562 -5 10.3209
      vertex -180.478 0 10.7443
      vertex -180.562 0 10.3209
    endloop
  endfacet
  facet normal -0.980882 0 0.194601
    outer loop
      vertex -180.478 0 10.7443
      vertex -180.562 -5 10.3209
      vertex -180.478 -5 10.7443
    endloop
  endfacet
  facet normal -1 0 0
    outer loop
      vertex -180.45 -5 11.175
      vertex -180.45 0 14.575
      vertex -180.45 0 11.175
    endloop
  endfacet
  facet normal -1 -0 0
    outer loop
      vertex -180.45 0 14.575
      vertex -180.45 -5 11.175
      vertex -180.45 -5 14.575
    endloop
  endfacet
  facet normal 0.555496 0 0.831519
    outer loop
      vertex -185.759 0 8.55695
      vertex -185.4 -5 8.31712
      vertex -185.4 0 8.31712
    endloop
  endfacet
  facet normal 0.555496 0 0.831519
    outer loop
      vertex -185.4 -5 8.31712
      vertex -185.759 0 8.55695
      vertex -185.759 -5 8.55695
    endloop
  endfacet
  facet normal 0.997893 0 -0.0648735
    outer loop
      vertex -187.022 -5 15.0057
      vertex -187.05 0 14.575
      vertex -187.022 0 15.0057
    endloop
  endfacet
  facet normal 0.997893 0 -0.0648735
    outer loop
      vertex -187.05 0 14.575
      vertex -187.022 -5 15.0057
      vertex -187.05 -5 14.575
    endloop
  endfacet
  facet normal -0.831266 0 -0.555876
    outer loop
      vertex -180.892 -5 16.225
      vertex -181.132 0 16.5839
      vertex -180.892 0 16.225
    endloop
  endfacet
  facet normal -0.831266 -0 -0.555876
    outer loop
      vertex -181.132 0 16.5839
      vertex -180.892 -5 16.225
      vertex -181.132 -5 16.5839
    endloop
  endfacet
  facet normal -0.442406 0 0.896815
    outer loop
      vertex -182.487 0 8.12621
      vertex -182.1 -5 8.31712
      vertex -182.1 0 8.31712
    endloop
  endfacet
  facet normal -0.442406 0 0.896815
    outer loop
      vertex -182.1 -5 8.31712
      vertex -182.487 0 8.12621
      vertex -182.487 -5 8.12621
    endloop
  endfacet
  facet normal -0.8968 0 0.442435
    outer loop
      vertex -180.892 -5 9.52501
      vertex -180.701 0 9.91216
      vertex -180.892 0 9.52501
    endloop
  endfacet
  facet normal -0.8968 0 0.442435
    outer loop
      vertex -180.701 0 9.91216
      vertex -180.892 -5 9.52501
      vertex -180.701 -5 9.91216
    endloop
  endfacet
  facet normal 0.0652896 0 -0.997866
    outer loop
      vertex -184.181 -5 17.8468
      vertex -183.75 0 17.875
      vertex -183.75 -5 17.875
    endloop
  endfacet
  facet normal 0.0652896 0 -0.997866
    outer loop
      vertex -183.75 0 17.875
      vertex -184.181 -5 17.8468
      vertex -184.181 0 17.8468
    endloop
  endfacet
  facet normal -0.195269 0 0.98075
    outer loop
      vertex -183.319 0 7.90324
      vertex -182.896 -5 7.98746
      vertex -182.896 0 7.98746
    endloop
  endfacet
  facet normal -0.195269 0 0.98075
    outer loop
      vertex -182.896 -5 7.98746
      vertex -183.319 0 7.90324
      vertex -183.319 -5 7.90324
    endloop
  endfacet
  facet normal -0.660079 0 -0.751196
    outer loop
      vertex -181.741 -5 17.1931
      vertex -181.417 0 16.9084
      vertex -181.417 -5 16.9084
    endloop
  endfacet
  facet normal -0.660079 0 -0.751196
    outer loop
      vertex -181.417 0 16.9084
      vertex -181.741 -5 17.1931
      vertex -181.741 0 17.1931
    endloop
  endfacet
  facet normal -0.659948 0 0.751311
    outer loop
      vertex -181.741 0 8.55695
      vertex -181.417 -5 8.84155
      vertex -181.417 0 8.84155
    endloop
  endfacet
  facet normal -0.659948 0 0.751311
    outer loop
      vertex -181.417 -5 8.84155
      vertex -181.741 0 8.55695
      vertex -181.741 -5 8.55695
    endloop
  endfacet
  facet normal -0.946753 0 0.321962
    outer loop
      vertex -180.701 -5 9.91216
      vertex -180.562 0 10.3209
      vertex -180.701 0 9.91216
    endloop
  endfacet
  facet normal -0.946753 0 0.321962
    outer loop
      vertex -180.562 0 10.3209
      vertex -180.701 -5 9.91216
      vertex -180.562 -5 10.3209
    endloop
  endfacet
  facet normal 0.997893 -0 0.0648735
    outer loop
      vertex -187.05 -5 11.175
      vertex -187.022 0 10.7443
      vertex -187.05 0 11.175
    endloop
  endfacet
  facet normal 0.997893 0 0.0648735
    outer loop
      vertex -187.022 0 10.7443
      vertex -187.05 -5 11.175
      vertex -187.022 -5 10.7443
    endloop
  endfacet
  facet normal -0.980882 0 -0.194601
    outer loop
      vertex -180.478 -5 15.0057
      vertex -180.562 0 15.4291
      vertex -180.478 0 15.0057
    endloop
  endfacet
  facet normal -0.980882 -0 -0.194601
    outer loop
      vertex -180.562 0 15.4291
      vertex -180.478 -5 15.0057
      vertex -180.562 -5 15.4291
    endloop
  endfacet
  facet normal -0.997893 0 0.0648735
    outer loop
      vertex -180.478 -5 10.7443
      vertex -180.45 0 11.175
      vertex -180.478 0 10.7443
    endloop
  endfacet
  facet normal -0.997893 0 0.0648735
    outer loop
      vertex -180.45 0 11.175
      vertex -180.478 -5 10.7443
      vertex -180.45 -5 11.175
    endloop
  endfacet
  facet normal 0.660079 0 -0.751196
    outer loop
      vertex -186.083 -5 16.9084
      vertex -185.759 0 17.1931
      vertex -185.759 -5 17.1931
    endloop
  endfacet
  facet normal 0.660079 0 -0.751196
    outer loop
      vertex -185.759 0 17.1931
      vertex -186.083 -5 16.9084
      vertex -186.083 0 16.9084
    endloop
  endfacet
  facet normal -0.321155 0 -0.947026
    outer loop
      vertex -182.896 -5 17.7625
      vertex -182.487 0 17.6238
      vertex -182.487 -5 17.6238
    endloop
  endfacet
  facet normal -0.321155 0 -0.947026
    outer loop
      vertex -182.487 0 17.6238
      vertex -182.896 -5 17.7625
      vertex -182.896 0 17.7625
    endloop
  endfacet
  facet normal -0.751356 0 -0.659897
    outer loop
      vertex -181.132 -5 16.5839
      vertex -181.417 0 16.9084
      vertex -181.132 0 16.5839
    endloop
  endfacet
  facet normal -0.751356 -0 -0.659897
    outer loop
      vertex -181.417 0 16.9084
      vertex -181.132 -5 16.5839
      vertex -181.417 -5 16.9084
    endloop
  endfacet
  facet normal -0.751397 0 0.659851
    outer loop
      vertex -181.417 -5 8.84155
      vertex -181.132 0 9.16609
      vertex -181.417 0 8.84155
    endloop
  endfacet
  facet normal -0.751397 0 0.659851
    outer loop
      vertex -181.132 0 9.16609
      vertex -181.417 -5 8.84155
      vertex -181.132 -5 9.16609
    endloop
  endfacet
  facet normal 0.946743 0 -0.32199
    outer loop
      vertex -186.799 -5 15.8378
      vertex -186.938 0 15.4291
      vertex -186.799 0 15.8378
    endloop
  endfacet
  facet normal 0.946743 0 -0.32199
    outer loop
      vertex -186.938 0 15.4291
      vertex -186.799 -5 15.8378
      vertex -186.938 -5 15.4291
    endloop
  endfacet
  facet normal 0.980882 0 -0.194601
    outer loop
      vertex -186.938 -5 15.4291
      vertex -187.022 0 15.0057
      vertex -186.938 0 15.4291
    endloop
  endfacet
  facet normal 0.980882 0 -0.194601
    outer loop
      vertex -187.022 0 15.0057
      vertex -186.938 -5 15.4291
      vertex -187.022 -5 15.0057
    endloop
  endfacet
  facet normal 0.946753 -0 0.321962
    outer loop
      vertex -186.938 -5 10.3209
      vertex -186.799 0 9.91216
      vertex -186.938 0 10.3209
    endloop
  endfacet
  facet normal 0.946753 0 0.321962
    outer loop
      vertex -186.799 0 9.91216
      vertex -186.938 -5 10.3209
      vertex -186.799 -5 9.91216
    endloop
  endfacet
  facet normal 0.980882 -0 0.194601
    outer loop
      vertex -187.022 -5 10.7443
      vertex -186.938 0 10.3209
      vertex -187.022 0 10.7443
    endloop
  endfacet
  facet normal 0.980882 0 0.194601
    outer loop
      vertex -186.938 0 10.3209
      vertex -187.022 -5 10.7443
      vertex -186.938 -5 10.3209
    endloop
  endfacet
  facet normal 0.195269 0 0.98075
    outer loop
      vertex -184.604 0 7.98746
      vertex -184.181 -5 7.90324
      vertex -184.181 0 7.90324
    endloop
  endfacet
  facet normal 0.195269 0 0.98075
    outer loop
      vertex -184.181 -5 7.90324
      vertex -184.604 0 7.98746
      vertex -184.604 -5 7.98746
    endloop
  endfacet
  facet normal -0.195447 0 -0.980714
    outer loop
      vertex -183.319 -5 17.8468
      vertex -182.896 0 17.7625
      vertex -182.896 -5 17.7625
    endloop
  endfacet
  facet normal -0.195447 0 -0.980714
    outer loop
      vertex -182.896 0 17.7625
      vertex -183.319 -5 17.8468
      vertex -183.319 0 17.8468
    endloop
  endfacet
  facet normal 0.321259 0 0.946991
    outer loop
      vertex -185.013 0 8.12621
      vertex -184.604 -5 7.98746
      vertex -184.604 0 7.98746
    endloop
  endfacet
  facet normal 0.321259 0 0.946991
    outer loop
      vertex -184.604 -5 7.98746
      vertex -185.013 0 8.12621
      vertex -185.013 -5 8.12621
    endloop
  endfacet
  facet normal 0.83128 -0 0.555854
    outer loop
      vertex -186.608 -5 9.52501
      vertex -186.368 0 9.16609
      vertex -186.608 0 9.52501
    endloop
  endfacet
  facet normal 0.83128 0 0.555854
    outer loop
      vertex -186.368 0 9.16609
      vertex -186.608 -5 9.52501
      vertex -186.368 -5 9.16609
    endloop
  endfacet
  facet normal 0.751397 -0 0.659851
    outer loop
      vertex -186.368 -5 9.16609
      vertex -186.083 0 8.84155
      vertex -186.368 0 9.16609
    endloop
  endfacet
  facet normal 0.751397 0 0.659851
    outer loop
      vertex -186.083 0 8.84155
      vertex -186.368 -5 9.16609
      vertex -186.083 -5 8.84155
    endloop
  endfacet
  facet normal 0.442406 0 0.896815
    outer loop
      vertex -185.4 0 8.31712
      vertex -185.013 -5 8.12621
      vertex -185.013 0 8.12621
    endloop
  endfacet
  facet normal 0.442406 0 0.896815
    outer loop
      vertex -185.013 -5 8.12621
      vertex -185.4 0 8.31712
      vertex -185.4 -5 8.31712
    endloop
  endfacet
  facet normal 0.751356 0 -0.659897
    outer loop
      vertex -186.083 -5 16.9084
      vertex -186.368 0 16.5839
      vertex -186.083 0 16.9084
    endloop
  endfacet
  facet normal 0.751356 0 -0.659897
    outer loop
      vertex -186.368 0 16.5839
      vertex -186.083 -5 16.9084
      vertex -186.368 -5 16.5839
    endloop
  endfacet
  facet normal 0.0653818 0 0.99786
    outer loop
      vertex -184.181 0 7.90324
      vertex -183.75 -5 7.875
      vertex -183.75 0 7.875
    endloop
  endfacet
  facet normal 0.0653818 0 0.99786
    outer loop
      vertex -183.75 -5 7.875
      vertex -184.181 0 7.90324
      vertex -184.181 -5 7.90324
    endloop
  endfacet
  facet normal -0.0653818 0 0.99786
    outer loop
      vertex -199.625 0 7.875
      vertex -199.194 -5 7.90324
      vertex -199.194 0 7.90324
    endloop
  endfacet
  facet normal -0.0653818 0 0.99786
    outer loop
      vertex -199.194 -5 7.90324
      vertex -199.625 0 7.875
      vertex -199.625 -5 7.875
    endloop
  endfacet
  facet normal 0.659948 0 0.751311
    outer loop
      vertex -201.958 0 8.84155
      vertex -201.634 -5 8.55695
      vertex -201.634 0 8.55695
    endloop
  endfacet
  facet normal 0.659948 0 0.751311
    outer loop
      vertex -201.634 -5 8.55695
      vertex -201.958 0 8.84155
      vertex -201.958 -5 8.84155
    endloop
  endfacet
  facet normal -0.442387 0 -0.896824
    outer loop
      vertex -198.362 -5 17.6238
      vertex -197.975 0 17.4329
      vertex -197.975 -5 17.4329
    endloop
  endfacet
  facet normal -0.442387 0 -0.896824
    outer loop
      vertex -197.975 0 17.4329
      vertex -198.362 -5 17.6238
      vertex -198.362 0 17.6238
    endloop
  endfacet
  facet normal -0.83128 0 0.555854
    outer loop
      vertex -197.007 -5 9.16609
      vertex -196.767 0 9.52501
      vertex -197.007 0 9.16609
    endloop
  endfacet
  facet normal -0.83128 0 0.555854
    outer loop
      vertex -196.767 0 9.52501
      vertex -197.007 -5 9.16609
      vertex -196.767 -5 9.52501
    endloop
  endfacet
  facet normal 0.896823 0 -0.442389
    outer loop
      vertex -202.483 -5 16.225
      vertex -202.674 0 15.8378
      vertex -202.483 0 16.225
    endloop
  endfacet
  facet normal 0.896823 0 -0.442389
    outer loop
      vertex -202.674 0 15.8378
      vertex -202.483 -5 16.225
      vertex -202.674 -5 15.8378
    endloop
  endfacet
  facet normal -0.896823 0 -0.442389
    outer loop
      vertex -196.576 -5 15.8378
      vertex -196.767 0 16.225
      vertex -196.576 0 15.8378
    endloop
  endfacet
  facet normal -0.896823 -0 -0.442389
    outer loop
      vertex -196.767 0 16.225
      vertex -196.576 -5 15.8378
      vertex -196.767 -5 16.225
    endloop
  endfacet
  facet normal -0.997893 0 -0.0648735
    outer loop
      vertex -196.325 -5 14.575
      vertex -196.353 0 15.0057
      vertex -196.325 0 14.575
    endloop
  endfacet
  facet normal -0.997893 -0 -0.0648735
    outer loop
      vertex -196.353 0 15.0057
      vertex -196.325 -5 14.575
      vertex -196.353 -5 15.0057
    endloop
  endfacet
  facet normal -0.0652896 0 -0.997866
    outer loop
      vertex -199.625 -5 17.875
      vertex -199.194 0 17.8468
      vertex -199.194 -5 17.8468
    endloop
  endfacet
  facet normal -0.0652896 0 -0.997866
    outer loop
      vertex -199.194 0 17.8468
      vertex -199.625 -5 17.875
      vertex -199.625 0 17.875
    endloop
  endfacet
  facet normal 0.831266 0 -0.555876
    outer loop
      vertex -202.243 -5 16.5839
      vertex -202.483 0 16.225
      vertex -202.243 0 16.5839
    endloop
  endfacet
  facet normal 0.831266 0 -0.555876
    outer loop
      vertex -202.483 0 16.225
      vertex -202.243 -5 16.5839
      vertex -202.483 -5 16.225
    endloop
  endfacet
  facet normal -0.555496 0 0.831519
    outer loop
      vertex -197.975 0 8.31712
      vertex -197.616 -5 8.55695
      vertex -197.616 0 8.55695
    endloop
  endfacet
  facet normal -0.555496 0 0.831519
    outer loop
      vertex -197.616 -5 8.55695
      vertex -197.975 0 8.31712
      vertex -197.975 -5 8.31712
    endloop
  endfacet
  facet normal 1 -0 0
    outer loop
      vertex -202.925 -5 14.575
      vertex -202.925 0 11.175
      vertex -202.925 0 14.575
    endloop
  endfacet
  facet normal 1 0 0
    outer loop
      vertex -202.925 0 11.175
      vertex -202.925 -5 14.575
      vertex -202.925 -5 11.175
    endloop
  endfacet
  facet normal 0.321155 0 -0.947026
    outer loop
      vertex -200.888 -5 17.6238
      vertex -200.479 0 17.7625
      vertex -200.479 -5 17.7625
    endloop
  endfacet
  facet normal 0.321155 0 -0.947026
    outer loop
      vertex -200.479 0 17.7625
      vertex -200.888 -5 17.6238
      vertex -200.888 0 17.6238
    endloop
  endfacet
  facet normal -0.946743 0 -0.32199
    outer loop
      vertex -196.437 -5 15.4291
      vertex -196.576 0 15.8378
      vertex -196.437 0 15.4291
    endloop
  endfacet
  facet normal -0.946743 -0 -0.32199
    outer loop
      vertex -196.576 0 15.8378
      vertex -196.437 -5 15.4291
      vertex -196.576 -5 15.8378
    endloop
  endfacet
  facet normal 0.442387 0 -0.896824
    outer loop
      vertex -201.275 -5 17.4329
      vertex -200.888 0 17.6238
      vertex -200.888 -5 17.6238
    endloop
  endfacet
  facet normal 0.442387 0 -0.896824
    outer loop
      vertex -200.888 0 17.6238
      vertex -201.275 -5 17.4329
      vertex -201.275 0 17.4329
    endloop
  endfacet
  facet normal 0.980882 -0 0.194601
    outer loop
      vertex -202.897 -5 10.7443
      vertex -202.813 0 10.3209
      vertex -202.897 0 10.7443
    endloop
  endfacet
  facet normal 0.980882 0 0.194601
    outer loop
      vertex -202.813 0 10.3209
      vertex -202.897 -5 10.7443
      vertex -202.813 -5 10.3209
    endloop
  endfacet
  facet normal -0.555448 0 -0.831551
    outer loop
      vertex -197.975 -5 17.4329
      vertex -197.616 0 17.1931
      vertex -197.616 -5 17.1931
    endloop
  endfacet
  facet normal -0.555448 0 -0.831551
    outer loop
      vertex -197.616 0 17.1931
      vertex -197.975 -5 17.4329
      vertex -197.975 0 17.4329
    endloop
  endfacet
  facet normal 0.195447 0 -0.980714
    outer loop
      vertex -200.479 -5 17.7625
      vertex -200.056 0 17.8468
      vertex -200.056 -5 17.8468
    endloop
  endfacet
  facet normal 0.195447 0 -0.980714
    outer loop
      vertex -200.056 0 17.8468
      vertex -200.479 -5 17.7625
      vertex -200.479 0 17.7625
    endloop
  endfacet
  facet normal 0.8968 -0 0.442435
    outer loop
      vertex -202.674 -5 9.91216
      vertex -202.483 0 9.52501
      vertex -202.674 0 9.91216
    endloop
  endfacet
  facet normal 0.8968 0 0.442435
    outer loop
      vertex -202.483 0 9.52501
      vertex -202.674 -5 9.91216
      vertex -202.483 -5 9.52501
    endloop
  endfacet
  facet normal -0.321259 0 0.946991
    outer loop
      vertex -198.771 0 7.98746
      vertex -198.362 -5 8.12621
      vertex -198.362 0 8.12621
    endloop
  endfacet
  facet normal -0.321259 0 0.946991
    outer loop
      vertex -198.362 -5 8.12621
      vertex -198.771 0 7.98746
      vertex -198.771 -5 7.98746
    endloop
  endfacet
  facet normal 0.555448 0 -0.831551
    outer loop
      vertex -201.634 -5 17.1931
      vertex -201.275 0 17.4329
      vertex -201.275 -5 17.4329
    endloop
  endfacet
  facet normal 0.555448 0 -0.831551
    outer loop
      vertex -201.275 0 17.4329
      vertex -201.634 -5 17.1931
      vertex -201.634 0 17.1931
    endloop
  endfacet
  facet normal -0.980882 0 0.194601
    outer loop
      vertex -196.437 -5 10.3209
      vertex -196.353 0 10.7443
      vertex -196.437 0 10.3209
    endloop
  endfacet
  facet normal -0.980882 0 0.194601
    outer loop
      vertex -196.353 0 10.7443
      vertex -196.437 -5 10.3209
      vertex -196.353 -5 10.7443
    endloop
  endfacet
  facet normal -1 0 0
    outer loop
      vertex -196.325 -5 11.175
      vertex -196.325 0 14.575
      vertex -196.325 0 11.175
    endloop
  endfacet
  facet normal -1 -0 0
    outer loop
      vertex -196.325 0 14.575
      vertex -196.325 -5 11.175
      vertex -196.325 -5 14.575
    endloop
  endfacet
  facet normal 0.555496 0 0.831519
    outer loop
      vertex -201.634 0 8.55695
      vertex -201.275 -5 8.31712
      vertex -201.275 0 8.31712
    endloop
  endfacet
  facet normal 0.555496 0 0.831519
    outer loop
      vertex -201.275 -5 8.31712
      vertex -201.634 0 8.55695
      vertex -201.634 -5 8.55695
    endloop
  endfacet
  facet normal 0.980882 0 -0.194601
    outer loop
      vertex -202.813 -5 15.4291
      vertex -202.897 0 15.0057
      vertex -202.813 0 15.4291
    endloop
  endfacet
  facet normal 0.980882 0 -0.194601
    outer loop
      vertex -202.897 0 15.0057
      vertex -202.813 -5 15.4291
      vertex -202.897 -5 15.0057
    endloop
  endfacet
  facet normal 0.997893 0 -0.0648735
    outer loop
      vertex -202.897 -5 15.0057
      vertex -202.925 0 14.575
      vertex -202.897 0 15.0057
    endloop
  endfacet
  facet normal 0.997893 0 -0.0648735
    outer loop
      vertex -202.925 0 14.575
      vertex -202.897 -5 15.0057
      vertex -202.925 -5 14.575
    endloop
  endfacet
  facet normal -0.831266 0 -0.555876
    outer loop
      vertex -196.767 -5 16.225
      vertex -197.007 0 16.5839
      vertex -196.767 0 16.225
    endloop
  endfacet
  facet normal -0.831266 -0 -0.555876
    outer loop
      vertex -197.007 0 16.5839
      vertex -196.767 -5 16.225
      vertex -197.007 -5 16.5839
    endloop
  endfacet
  facet normal -0.442406 0 0.896815
    outer loop
      vertex -198.362 0 8.12621
      vertex -197.975 -5 8.31712
      vertex -197.975 0 8.31712
    endloop
  endfacet
  facet normal -0.442406 0 0.896815
    outer loop
      vertex -197.975 -5 8.31712
      vertex -198.362 0 8.12621
      vertex -198.362 -5 8.12621
    endloop
  endfacet
  facet normal -0.8968 0 0.442435
    outer loop
      vertex -196.767 -5 9.52501
      vertex -196.576 0 9.91216
      vertex -196.767 0 9.52501
    endloop
  endfacet
  facet normal -0.8968 0 0.442435
    outer loop
      vertex -196.576 0 9.91216
      vertex -196.767 -5 9.52501
      vertex -196.576 -5 9.91216
    endloop
  endfacet
  facet normal 0.0652896 0 -0.997866
    outer loop
      vertex -200.056 -5 17.8468
      vertex -199.625 0 17.875
      vertex -199.625 -5 17.875
    endloop
  endfacet
  facet normal 0.0652896 0 -0.997866
    outer loop
      vertex -199.625 0 17.875
      vertex -200.056 -5 17.8468
      vertex -200.056 0 17.8468
    endloop
  endfacet
  facet normal -0.195269 0 0.98075
    outer loop
      vertex -199.194 0 7.90324
      vertex -198.771 -5 7.98746
      vertex -198.771 0 7.98746
    endloop
  endfacet
  facet normal -0.195269 0 0.98075
    outer loop
      vertex -198.771 -5 7.98746
      vertex -199.194 0 7.90324
      vertex -199.194 -5 7.90324
    endloop
  endfacet
  facet normal -0.660079 0 -0.751196
    outer loop
      vertex -197.616 -5 17.1931
      vertex -197.292 0 16.9084
      vertex -197.292 -5 16.9084
    endloop
  endfacet
  facet normal -0.660079 0 -0.751196
    outer loop
      vertex -197.292 0 16.9084
      vertex -197.616 -5 17.1931
      vertex -197.616 0 17.1931
    endloop
  endfacet
  facet normal -0.659948 0 0.751311
    outer loop
      vertex -197.616 0 8.55695
      vertex -197.292 -5 8.84155
      vertex -197.292 0 8.84155
    endloop
  endfacet
  facet normal -0.659948 0 0.751311
    outer loop
      vertex -197.292 -5 8.84155
      vertex -197.616 0 8.55695
      vertex -197.616 -5 8.55695
    endloop
  endfacet
  facet normal -0.946753 0 0.321962
    outer loop
      vertex -196.576 -5 9.91216
      vertex -196.437 0 10.3209
      vertex -196.576 0 9.91216
    endloop
  endfacet
  facet normal -0.946753 0 0.321962
    outer loop
      vertex -196.437 0 10.3209
      vertex -196.576 -5 9.91216
      vertex -196.437 -5 10.3209
    endloop
  endfacet
  facet normal 0.997893 -0 0.0648735
    outer loop
      vertex -202.925 -5 11.175
      vertex -202.897 0 10.7443
      vertex -202.925 0 11.175
    endloop
  endfacet
  facet normal 0.997893 0 0.0648735
    outer loop
      vertex -202.897 0 10.7443
      vertex -202.925 -5 11.175
      vertex -202.897 -5 10.7443
    endloop
  endfacet
  facet normal -0.980882 0 -0.194601
    outer loop
      vertex -196.353 -5 15.0057
      vertex -196.437 0 15.4291
      vertex -196.353 0 15.0057
    endloop
  endfacet
  facet normal -0.980882 -0 -0.194601
    outer loop
      vertex -196.437 0 15.4291
      vertex -196.353 -5 15.0057
      vertex -196.437 -5 15.4291
    endloop
  endfacet
  facet normal -0.997893 0 0.0648735
    outer loop
      vertex -196.353 -5 10.7443
      vertex -196.325 0 11.175
      vertex -196.353 0 10.7443
    endloop
  endfacet
  facet normal -0.997893 0 0.0648735
    outer loop
      vertex -196.325 0 11.175
      vertex -196.353 -5 10.7443
      vertex -196.325 -5 11.175
    endloop
  endfacet
  facet normal 0.660079 0 -0.751196
    outer loop
      vertex -201.958 -5 16.9084
      vertex -201.634 0 17.1931
      vertex -201.634 -5 17.1931
    endloop
  endfacet
  facet normal 0.660079 0 -0.751196
    outer loop
      vertex -201.634 0 17.1931
      vertex -201.958 -5 16.9084
      vertex -201.958 0 16.9084
    endloop
  endfacet
  facet normal -0.321155 0 -0.947026
    outer loop
      vertex -198.771 -5 17.7625
      vertex -198.362 0 17.6238
      vertex -198.362 -5 17.6238
    endloop
  endfacet
  facet normal -0.321155 0 -0.947026
    outer loop
      vertex -198.362 0 17.6238
      vertex -198.771 -5 17.7625
      vertex -198.771 0 17.7625
    endloop
  endfacet
  facet normal -0.751356 0 -0.659897
    outer loop
      vertex -197.007 -5 16.5839
      vertex -197.292 0 16.9084
      vertex -197.007 0 16.5839
    endloop
  endfacet
  facet normal -0.751356 -0 -0.659897
    outer loop
      vertex -197.292 0 16.9084
      vertex -197.007 -5 16.5839
      vertex -197.292 -5 16.9084
    endloop
  endfacet
  facet normal -0.751397 0 0.659851
    outer loop
      vertex -197.292 -5 8.84155
      vertex -197.007 0 9.16609
      vertex -197.292 0 8.84155
    endloop
  endfacet
  facet normal -0.751397 0 0.659851
    outer loop
      vertex -197.007 0 9.16609
      vertex -197.292 -5 8.84155
      vertex -197.007 -5 9.16609
    endloop
  endfacet
  facet normal 0.946743 0 -0.32199
    outer loop
      vertex -202.674 -5 15.8378
      vertex -202.813 0 15.4291
      vertex -202.674 0 15.8378
    endloop
  endfacet
  facet normal 0.946743 0 -0.32199
    outer loop
      vertex -202.813 0 15.4291
      vertex -202.674 -5 15.8378
      vertex -202.813 -5 15.4291
    endloop
  endfacet
  facet normal 0.946753 -0 0.321962
    outer loop
      vertex -202.813 -5 10.3209
      vertex -202.674 0 9.91216
      vertex -202.813 0 10.3209
    endloop
  endfacet
  facet normal 0.946753 0 0.321962
    outer loop
      vertex -202.674 0 9.91216
      vertex -202.813 -5 10.3209
      vertex -202.674 -5 9.91216
    endloop
  endfacet
  facet normal 0.195269 0 0.98075
    outer loop
      vertex -200.479 0 7.98746
      vertex -200.056 -5 7.90324
      vertex -200.056 0 7.90324
    endloop
  endfacet
  facet normal 0.195269 0 0.98075
    outer loop
      vertex -200.056 -5 7.90324
      vertex -200.479 0 7.98746
      vertex -200.479 -5 7.98746
    endloop
  endfacet
  facet normal -0.195447 0 -0.980714
    outer loop
      vertex -199.194 -5 17.8468
      vertex -198.771 0 17.7625
      vertex -198.771 -5 17.7625
    endloop
  endfacet
  facet normal -0.195447 0 -0.980714
    outer loop
      vertex -198.771 0 17.7625
      vertex -199.194 -5 17.8468
      vertex -199.194 0 17.8468
    endloop
  endfacet
  facet normal 0.321259 0 0.946991
    outer loop
      vertex -200.888 0 8.12621
      vertex -200.479 -5 7.98746
      vertex -200.479 0 7.98746
    endloop
  endfacet
  facet normal 0.321259 0 0.946991
    outer loop
      vertex -200.479 -5 7.98746
      vertex -200.888 0 8.12621
      vertex -200.888 -5 8.12621
    endloop
  endfacet
  facet normal 0.83128 -0 0.555854
    outer loop
      vertex -202.483 -5 9.52501
      vertex -202.243 0 9.16609
      vertex -202.483 0 9.52501
    endloop
  endfacet
  facet normal 0.83128 0 0.555854
    outer loop
      vertex -202.243 0 9.16609
      vertex -202.483 -5 9.52501
      vertex -202.243 -5 9.16609
    endloop
  endfacet
  facet normal 0.751397 -0 0.659851
    outer loop
      vertex -202.243 -5 9.16609
      vertex -201.958 0 8.84155
      vertex -202.243 0 9.16609
    endloop
  endfacet
  facet normal 0.751397 0 0.659851
    outer loop
      vertex -201.958 0 8.84155
      vertex -202.243 -5 9.16609
      vertex -201.958 -5 8.84155
    endloop
  endfacet
  facet normal 0.442406 0 0.896815
    outer loop
      vertex -201.275 0 8.31712
      vertex -200.888 -5 8.12621
      vertex -200.888 0 8.12621
    endloop
  endfacet
  facet normal 0.442406 0 0.896815
    outer loop
      vertex -200.888 -5 8.12621
      vertex -201.275 0 8.31712
      vertex -201.275 -5 8.31712
    endloop
  endfacet
  facet normal 0.751356 0 -0.659897
    outer loop
      vertex -201.958 -5 16.9084
      vertex -202.243 0 16.5839
      vertex -201.958 0 16.9084
    endloop
  endfacet
  facet normal 0.751356 0 -0.659897
    outer loop
      vertex -202.243 0 16.5839
      vertex -201.958 -5 16.9084
      vertex -202.243 -5 16.5839
    endloop
  endfacet
  facet normal 0.0653818 0 0.99786
    outer loop
      vertex -200.056 0 7.90324
      vertex -199.625 -5 7.875
      vertex -199.625 0 7.875
    endloop
  endfacet
  facet normal 0.0653818 0 0.99786
    outer loop
      vertex -199.625 -5 7.875
      vertex -200.056 0 7.90324
      vertex -200.056 -5 7.90324
    endloop
  endfacet
  facet normal -0.0653818 0 0.99786
    outer loop
      vertex -215.5 0 7.875
      vertex -215.069 -5 7.90324
      vertex -215.069 0 7.90324
    endloop
  endfacet
  facet normal -0.0653818 0 0.99786
    outer loop
      vertex -215.069 -5 7.90324
      vertex -215.5 0 7.875
      vertex -215.5 -5 7.875
    endloop
  endfacet
  facet normal 0.659948 0 0.751311
    outer loop
      vertex -217.833 0 8.84155
      vertex -217.509 -5 8.55695
      vertex -217.509 0 8.55695
    endloop
  endfacet
  facet normal 0.659948 0 0.751311
    outer loop
      vertex -217.509 -5 8.55695
      vertex -217.833 0 8.84155
      vertex -217.833 -5 8.84155
    endloop
  endfacet
  facet normal -0.442387 0 -0.896824
    outer loop
      vertex -214.237 -5 17.6238
      vertex -213.85 0 17.4329
      vertex -213.85 -5 17.4329
    endloop
  endfacet
  facet normal -0.442387 0 -0.896824
    outer loop
      vertex -213.85 0 17.4329
      vertex -214.237 -5 17.6238
      vertex -214.237 0 17.6238
    endloop
  endfacet
  facet normal -0.83128 0 0.555854
    outer loop
      vertex -212.882 -5 9.16609
      vertex -212.642 0 9.52501
      vertex -212.882 0 9.16609
    endloop
  endfacet
  facet normal -0.83128 0 0.555854
    outer loop
      vertex -212.642 0 9.52501
      vertex -212.882 -5 9.16609
      vertex -212.642 -5 9.52501
    endloop
  endfacet
  facet normal 0.896823 0 -0.442389
    outer loop
      vertex -218.358 -5 16.225
      vertex -218.549 0 15.8378
      vertex -218.358 0 16.225
    endloop
  endfacet
  facet normal 0.896823 0 -0.442389
    outer loop
      vertex -218.549 0 15.8378
      vertex -218.358 -5 16.225
      vertex -218.549 -5 15.8378
    endloop
  endfacet
  facet normal -0.896823 0 -0.442389
    outer loop
      vertex -212.451 -5 15.8378
      vertex -212.642 0 16.225
      vertex -212.451 0 15.8378
    endloop
  endfacet
  facet normal -0.896823 -0 -0.442389
    outer loop
      vertex -212.642 0 16.225
      vertex -212.451 -5 15.8378
      vertex -212.642 -5 16.225
    endloop
  endfacet
  facet normal -0.997893 0 -0.0648735
    outer loop
      vertex -212.2 -5 14.575
      vertex -212.228 0 15.0057
      vertex -212.2 0 14.575
    endloop
  endfacet
  facet normal -0.997893 -0 -0.0648735
    outer loop
      vertex -212.228 0 15.0057
      vertex -212.2 -5 14.575
      vertex -212.228 -5 15.0057
    endloop
  endfacet
  facet normal -0.0652896 0 -0.997866
    outer loop
      vertex -215.5 -5 17.875
      vertex -215.069 0 17.8468
      vertex -215.069 -5 17.8468
    endloop
  endfacet
  facet normal -0.0652896 0 -0.997866
    outer loop
      vertex -215.069 0 17.8468
      vertex -215.5 -5 17.875
      vertex -215.5 0 17.875
    endloop
  endfacet
  facet normal 0.831266 0 -0.555876
    outer loop
      vertex -218.118 -5 16.5839
      vertex -218.358 0 16.225
      vertex -218.118 0 16.5839
    endloop
  endfacet
  facet normal 0.831266 0 -0.555876
    outer loop
      vertex -218.358 0 16.225
      vertex -218.118 -5 16.5839
      vertex -218.358 -5 16.225
    endloop
  endfacet
  facet normal -0.555496 0 0.831519
    outer loop
      vertex -213.85 0 8.31712
      vertex -213.491 -5 8.55695
      vertex -213.491 0 8.55695
    endloop
  endfacet
  facet normal -0.555496 0 0.831519
    outer loop
      vertex -213.491 -5 8.55695
      vertex -213.85 0 8.31712
      vertex -213.85 -5 8.31712
    endloop
  endfacet
  facet normal 1 -0 0
    outer loop
      vertex -218.8 -5 14.575
      vertex -218.8 0 11.175
      vertex -218.8 0 14.575
    endloop
  endfacet
  facet normal 1 0 0
    outer loop
      vertex -218.8 0 11.175
      vertex -218.8 -5 14.575
      vertex -218.8 -5 11.175
    endloop
  endfacet
  facet normal 0.321155 0 -0.947026
    outer loop
      vertex -216.763 -5 17.6238
      vertex -216.354 0 17.7625
      vertex -216.354 -5 17.7625
    endloop
  endfacet
  facet normal 0.321155 0 -0.947026
    outer loop
      vertex -216.354 0 17.7625
      vertex -216.763 -5 17.6238
      vertex -216.763 0 17.6238
    endloop
  endfacet
  facet normal -0.946743 0 -0.32199
    outer loop
      vertex -212.312 -5 15.4291
      vertex -212.451 0 15.8378
      vertex -212.312 0 15.4291
    endloop
  endfacet
  facet normal -0.946743 -0 -0.32199
    outer loop
      vertex -212.451 0 15.8378
      vertex -212.312 -5 15.4291
      vertex -212.451 -5 15.8378
    endloop
  endfacet
  facet normal 0.442387 0 -0.896824
    outer loop
      vertex -217.15 -5 17.4329
      vertex -216.763 0 17.6238
      vertex -216.763 -5 17.6238
    endloop
  endfacet
  facet normal 0.442387 0 -0.896824
    outer loop
      vertex -216.763 0 17.6238
      vertex -217.15 -5 17.4329
      vertex -217.15 0 17.4329
    endloop
  endfacet
  facet normal -0.555448 0 -0.831551
    outer loop
      vertex -213.85 -5 17.4329
      vertex -213.491 0 17.1931
      vertex -213.491 -5 17.1931
    endloop
  endfacet
  facet normal -0.555448 0 -0.831551
    outer loop
      vertex -213.491 0 17.1931
      vertex -213.85 -5 17.4329
      vertex -213.85 0 17.4329
    endloop
  endfacet
  facet normal 0.195447 0 -0.980714
    outer loop
      vertex -216.354 -5 17.7625
      vertex -215.931 0 17.8468
      vertex -215.931 -5 17.8468
    endloop
  endfacet
  facet normal 0.195447 0 -0.980714
    outer loop
      vertex -215.931 0 17.8468
      vertex -216.354 -5 17.7625
      vertex -216.354 0 17.7625
    endloop
  endfacet
  facet normal 0.8968 -0 0.442435
    outer loop
      vertex -218.549 -5 9.91216
      vertex -218.358 0 9.52501
      vertex -218.549 0 9.91216
    endloop
  endfacet
  facet normal 0.8968 0 0.442435
    outer loop
      vertex -218.358 0 9.52501
      vertex -218.549 -5 9.91216
      vertex -218.358 -5 9.52501
    endloop
  endfacet
  facet normal -0.321259 0 0.946991
    outer loop
      vertex -214.646 0 7.98746
      vertex -214.237 -5 8.12621
      vertex -214.237 0 8.12621
    endloop
  endfacet
  facet normal -0.321259 0 0.946991
    outer loop
      vertex -214.237 -5 8.12621
      vertex -214.646 0 7.98746
      vertex -214.646 -5 7.98746
    endloop
  endfacet
  facet normal 0.555448 0 -0.831551
    outer loop
      vertex -217.509 -5 17.1931
      vertex -217.15 0 17.4329
      vertex -217.15 -5 17.4329
    endloop
  endfacet
  facet normal 0.555448 0 -0.831551
    outer loop
      vertex -217.15 0 17.4329
      vertex -217.509 -5 17.1931
      vertex -217.509 0 17.1931
    endloop
  endfacet
  facet normal -0.980882 0 0.194601
    outer loop
      vertex -212.312 -5 10.3209
      vertex -212.228 0 10.7443
      vertex -212.312 0 10.3209
    endloop
  endfacet
  facet normal -0.980882 0 0.194601
    outer loop
      vertex -212.228 0 10.7443
      vertex -212.312 -5 10.3209
      vertex -212.228 -5 10.7443
    endloop
  endfacet
  facet normal -1 0 0
    outer loop
      vertex -212.2 -5 11.175
      vertex -212.2 0 14.575
      vertex -212.2 0 11.175
    endloop
  endfacet
  facet normal -1 -0 0
    outer loop
      vertex -212.2 0 14.575
      vertex -212.2 -5 11.175
      vertex -212.2 -5 14.575
    endloop
  endfacet
  facet normal 0.555496 0 0.831519
    outer loop
      vertex -217.509 0 8.55695
      vertex -217.15 -5 8.31712
      vertex -217.15 0 8.31712
    endloop
  endfacet
  facet normal 0.555496 0 0.831519
    outer loop
      vertex -217.15 -5 8.31712
      vertex -217.509 0 8.55695
      vertex -217.509 -5 8.55695
    endloop
  endfacet
  facet normal 0.980882 0 -0.194601
    outer loop
      vertex -218.688 -5 15.4291
      vertex -218.772 0 15.0057
      vertex -218.688 0 15.4291
    endloop
  endfacet
  facet normal 0.980882 0 -0.194601
    outer loop
      vertex -218.772 0 15.0057
      vertex -218.688 -5 15.4291
      vertex -218.772 -5 15.0057
    endloop
  endfacet
  facet normal 0.997893 0 -0.0648735
    outer loop
      vertex -218.772 -5 15.0057
      vertex -218.8 0 14.575
      vertex -218.772 0 15.0057
    endloop
  endfacet
  facet normal 0.997893 0 -0.0648735
    outer loop
      vertex -218.8 0 14.575
      vertex -218.772 -5 15.0057
      vertex -218.8 -5 14.575
    endloop
  endfacet
  facet normal -0.442406 0 0.896815
    outer loop
      vertex -214.237 0 8.12621
      vertex -213.85 -5 8.31712
      vertex -213.85 0 8.31712
    endloop
  endfacet
  facet normal -0.442406 0 0.896815
    outer loop
      vertex -213.85 -5 8.31712
      vertex -214.237 0 8.12621
      vertex -214.237 -5 8.12621
    endloop
  endfacet
  facet normal -0.8968 0 0.442435
    outer loop
      vertex -212.642 -5 9.52501
      vertex -212.451 0 9.91216
      vertex -212.642 0 9.52501
    endloop
  endfacet
  facet normal -0.8968 0 0.442435
    outer loop
      vertex -212.451 0 9.91216
      vertex -212.642 -5 9.52501
      vertex -212.451 -5 9.91216
    endloop
  endfacet
  facet normal 0.0652896 0 -0.997866
    outer loop
      vertex -215.931 -5 17.8468
      vertex -215.5 0 17.875
      vertex -215.5 -5 17.875
    endloop
  endfacet
  facet normal 0.0652896 0 -0.997866
    outer loop
      vertex -215.5 0 17.875
      vertex -215.931 -5 17.8468
      vertex -215.931 0 17.8468
    endloop
  endfacet
  facet normal -0.195269 0 0.98075
    outer loop
      vertex -215.069 0 7.90324
      vertex -214.646 -5 7.98746
      vertex -214.646 0 7.98746
    endloop
  endfacet
  facet normal -0.195269 0 0.98075
    outer loop
      vertex -214.646 -5 7.98746
      vertex -215.069 0 7.90324
      vertex -215.069 -5 7.90324
    endloop
  endfacet
  facet normal -0.660079 0 -0.751196
    outer loop
      vertex -213.491 -5 17.1931
      vertex -213.167 0 16.9084
      vertex -213.167 -5 16.9084
    endloop
  endfacet
  facet normal -0.660079 0 -0.751196
    outer loop
      vertex -213.167 0 16.9084
      vertex -213.491 -5 17.1931
      vertex -213.491 0 17.1931
    endloop
  endfacet
  facet normal -0.659948 0 0.751311
    outer loop
      vertex -213.491 0 8.55695
      vertex -213.167 -5 8.84155
      vertex -213.167 0 8.84155
    endloop
  endfacet
  facet normal -0.659948 0 0.751311
    outer loop
      vertex -213.167 -5 8.84155
      vertex -213.491 0 8.55695
      vertex -213.491 -5 8.55695
    endloop
  endfacet
  facet normal -0.946753 0 0.321962
    outer loop
      vertex -212.451 -5 9.91216
      vertex -212.312 0 10.3209
      vertex -212.451 0 9.91216
    endloop
  endfacet
  facet normal -0.946753 0 0.321962
    outer loop
      vertex -212.312 0 10.3209
      vertex -212.451 -5 9.91216
      vertex -212.312 -5 10.3209
    endloop
  endfacet
  facet normal 0.997893 -0 0.0648735
    outer loop
      vertex -218.8 -5 11.175
      vertex -218.772 0 10.7443
      vertex -218.8 0 11.175
    endloop
  endfacet
  facet normal 0.997893 0 0.0648735
    outer loop
      vertex -218.772 0 10.7443
      vertex -218.8 -5 11.175
      vertex -218.772 -5 10.7443
    endloop
  endfacet
  facet normal -0.980882 0 -0.194601
    outer loop
      vertex -212.228 -5 15.0057
      vertex -212.312 0 15.4291
      vertex -212.228 0 15.0057
    endloop
  endfacet
  facet normal -0.980882 -0 -0.194601
    outer loop
      vertex -212.312 0 15.4291
      vertex -212.228 -5 15.0057
      vertex -212.312 -5 15.4291
    endloop
  endfacet
  facet normal -0.997893 0 0.0648735
    outer loop
      vertex -212.228 -5 10.7443
      vertex -212.2 0 11.175
      vertex -212.228 0 10.7443
    endloop
  endfacet
  facet normal -0.997893 0 0.0648735
    outer loop
      vertex -212.2 0 11.175
      vertex -212.228 -5 10.7443
      vertex -212.2 -5 11.175
    endloop
  endfacet
  facet normal 0.660079 0 -0.751196
    outer loop
      vertex -217.833 -5 16.9084
      vertex -217.509 0 17.1931
      vertex -217.509 -5 17.1931
    endloop
  endfacet
  facet normal 0.660079 0 -0.751196
    outer loop
      vertex -217.509 0 17.1931
      vertex -217.833 -5 16.9084
      vertex -217.833 0 16.9084
    endloop
  endfacet
  facet normal -0.321155 0 -0.947026
    outer loop
      vertex -214.646 -5 17.7625
      vertex -214.237 0 17.6238
      vertex -214.237 -5 17.6238
    endloop
  endfacet
  facet normal -0.321155 0 -0.947026
    outer loop
      vertex -214.237 0 17.6238
      vertex -214.646 -5 17.7625
      vertex -214.646 0 17.7625
    endloop
  endfacet
  facet normal -0.751356 0 -0.659897
    outer loop
      vertex -212.882 -5 16.5839
      vertex -213.167 0 16.9084
      vertex -212.882 0 16.5839
    endloop
  endfacet
  facet normal -0.751356 -0 -0.659897
    outer loop
      vertex -213.167 0 16.9084
      vertex -212.882 -5 16.5839
      vertex -213.167 -5 16.9084
    endloop
  endfacet
  facet normal -0.831266 0 -0.555876
    outer loop
      vertex -212.642 -5 16.225
      vertex -212.882 0 16.5839
      vertex -212.642 0 16.225
    endloop
  endfacet
  facet normal -0.831266 -0 -0.555876
    outer loop
      vertex -212.882 0 16.5839
      vertex -212.642 -5 16.225
      vertex -212.882 -5 16.5839
    endloop
  endfacet
  facet normal -0.751397 0 0.659851
    outer loop
      vertex -213.167 -5 8.84155
      vertex -212.882 0 9.16609
      vertex -213.167 0 8.84155
    endloop
  endfacet
  facet normal -0.751397 0 0.659851
    outer loop
      vertex -212.882 0 9.16609
      vertex -213.167 -5 8.84155
      vertex -212.882 -5 9.16609
    endloop
  endfacet
  facet normal 0.946743 0 -0.32199
    outer loop
      vertex -218.549 -5 15.8378
      vertex -218.688 0 15.4291
      vertex -218.549 0 15.8378
    endloop
  endfacet
  facet normal 0.946743 0 -0.32199
    outer loop
      vertex -218.688 0 15.4291
      vertex -218.549 -5 15.8378
      vertex -218.688 -5 15.4291
    endloop
  endfacet
  facet normal 0.946753 -0 0.321962
    outer loop
      vertex -218.688 -5 10.3209
      vertex -218.549 0 9.91216
      vertex -218.688 0 10.3209
    endloop
  endfacet
  facet normal 0.946753 0 0.321962
    outer loop
      vertex -218.549 0 9.91216
      vertex -218.688 -5 10.3209
      vertex -218.549 -5 9.91216
    endloop
  endfacet
  facet normal 0.980882 -0 0.194601
    outer loop
      vertex -218.772 -5 10.7443
      vertex -218.688 0 10.3209
      vertex -218.772 0 10.7443
    endloop
  endfacet
  facet normal 0.980882 0 0.194601
    outer loop
      vertex -218.688 0 10.3209
      vertex -218.772 -5 10.7443
      vertex -218.688 -5 10.3209
    endloop
  endfacet
  facet normal 0.195269 0 0.98075
    outer loop
      vertex -216.354 0 7.98746
      vertex -215.931 -5 7.90324
      vertex -215.931 0 7.90324
    endloop
  endfacet
  facet normal 0.195269 0 0.98075
    outer loop
      vertex -215.931 -5 7.90324
      vertex -216.354 0 7.98746
      vertex -216.354 -5 7.98746
    endloop
  endfacet
  facet normal -0.195447 0 -0.980714
    outer loop
      vertex -215.069 -5 17.8468
      vertex -214.646 0 17.7625
      vertex -214.646 -5 17.7625
    endloop
  endfacet
  facet normal -0.195447 0 -0.980714
    outer loop
      vertex -214.646 0 17.7625
      vertex -215.069 -5 17.8468
      vertex -215.069 0 17.8468
    endloop
  endfacet
  facet normal 0.321259 0 0.946991
    outer loop
      vertex -216.763 0 8.12621
      vertex -216.354 -5 7.98746
      vertex -216.354 0 7.98746
    endloop
  endfacet
  facet normal 0.321259 0 0.946991
    outer loop
      vertex -216.354 -5 7.98746
      vertex -216.763 0 8.12621
      vertex -216.763 -5 8.12621
    endloop
  endfacet
  facet normal 0.83128 -0 0.555854
    outer loop
      vertex -218.358 -5 9.52501
      vertex -218.118 0 9.16609
      vertex -218.358 0 9.52501
    endloop
  endfacet
  facet normal 0.83128 0 0.555854
    outer loop
      vertex -218.118 0 9.16609
      vertex -218.358 -5 9.52501
      vertex -218.118 -5 9.16609
    endloop
  endfacet
  facet normal 0.751397 -0 0.659851
    outer loop
      vertex -218.118 -5 9.16609
      vertex -217.833 0 8.84155
      vertex -218.118 0 9.16609
    endloop
  endfacet
  facet normal 0.751397 0 0.659851
    outer loop
      vertex -217.833 0 8.84155
      vertex -218.118 -5 9.16609
      vertex -217.833 -5 8.84155
    endloop
  endfacet
  facet normal 0.442406 0 0.896815
    outer loop
      vertex -217.15 0 8.31712
      vertex -216.763 -5 8.12621
      vertex -216.763 0 8.12621
    endloop
  endfacet
  facet normal 0.442406 0 0.896815
    outer loop
      vertex -216.763 -5 8.12621
      vertex -217.15 0 8.31712
      vertex -217.15 -5 8.31712
    endloop
  endfacet
  facet normal 0.751356 0 -0.659897
    outer loop
      vertex -217.833 -5 16.9084
      vertex -218.118 0 16.5839
      vertex -217.833 0 16.9084
    endloop
  endfacet
  facet normal 0.751356 0 -0.659897
    outer loop
      vertex -218.118 0 16.5839
      vertex -217.833 -5 16.9084
      vertex -218.118 -5 16.5839
    endloop
  endfacet
  facet normal 0.0653818 0 0.99786
    outer loop
      vertex -215.931 0 7.90324
      vertex -215.5 -5 7.875
      vertex -215.5 0 7.875
    endloop
  endfacet
  facet normal 0.0653818 0 0.99786
    outer loop
      vertex -215.5 -5 7.875
      vertex -215.931 0 7.90324
      vertex -215.931 -5 7.90324
    endloop
  endfacet
  facet normal -0.980779 -0.195122 0
    outer loop
      vertex -3.31454 46.2219 0
      vertex -3.35793 46.44 3.4
      vertex -3.35793 46.44 0
    endloop
  endfacet
  facet normal -0.980779 -0.195122 0
    outer loop
      vertex -3.35793 46.44 3.4
      vertex -3.31454 46.2219 0
      vertex -3.31454 46.2219 3.4
    endloop
  endfacet
  facet normal -0.99786 -0.0653848 0
    outer loop
      vertex -3.3 46 0
      vertex -3.31454 46.2219 3.4
      vertex -3.31454 46.2219 0
    endloop
  endfacet
  facet normal -0.99786 -0.0653848 0
    outer loop
      vertex -3.31454 46.2219 3.4
      vertex -3.3 46 0
      vertex -3.3 46 3.4
    endloop
  endfacet
  facet normal -0.0652086 0.997872 0
    outer loop
      vertex -4.77811 44.3145 0
      vertex -5 44.3 3.4
      vertex -4.77811 44.3145 3.4
    endloop
  endfacet
  facet normal -0.0652086 0.997872 0
    outer loop
      vertex -5 44.3 3.4
      vertex -4.77811 44.3145 0
      vertex -5 44.3 0
    endloop
  endfacet
  facet normal 0.659291 -0.751888 0
    outer loop
      vertex -6.20208 47.2021 0
      vertex -6.03489 47.3487 3.4
      vertex -6.20208 47.2021 3.4
    endloop
  endfacet
  facet normal 0.659291 -0.751888 0
    outer loop
      vertex -6.03489 47.3487 3.4
      vertex -6.20208 47.2021 0
      vertex -6.03489 47.3487 0
    endloop
  endfacet
  facet normal 0.831483 0.555551 0
    outer loop
      vertex -6.3487 44.9651 3.4
      vertex -6.47224 45.15 0
      vertex -6.47224 45.15 3.4
    endloop
  endfacet
  facet normal 0.831483 0.555551 0
    outer loop
      vertex -6.47224 45.15 0
      vertex -6.3487 44.9651 3.4
      vertex -6.3487 44.9651 0
    endloop
  endfacet
  facet normal 0.195165 0.98077 -0
    outer loop
      vertex -5.22189 44.3145 0
      vertex -5.43999 44.3579 3.4
      vertex -5.22189 44.3145 3.4
    endloop
  endfacet
  facet normal 0.195165 0.98077 0
    outer loop
      vertex -5.43999 44.3579 3.4
      vertex -5.22189 44.3145 0
      vertex -5.43999 44.3579 0
    endloop
  endfacet
  facet normal -0.659291 -0.751888 0
    outer loop
      vertex -3.96511 47.3487 0
      vertex -3.79792 47.2021 3.4
      vertex -3.96511 47.3487 3.4
    endloop
  endfacet
  facet normal -0.659291 -0.751888 -0
    outer loop
      vertex -3.79792 47.2021 3.4
      vertex -3.96511 47.3487 0
      vertex -3.79792 47.2021 0
    endloop
  endfacet
  facet normal -0.946943 0.321403 0
    outer loop
      vertex -3.42941 45.3494 0
      vertex -3.35793 45.56 3.4
      vertex -3.35793 45.56 0
    endloop
  endfacet
  facet normal -0.946943 0.321403 0
    outer loop
      vertex -3.35793 45.56 3.4
      vertex -3.42941 45.3494 0
      vertex -3.42941 45.3494 3.4
    endloop
  endfacet
  facet normal -0.751863 0.659319 0
    outer loop
      vertex -3.79792 44.7979 0
      vertex -3.6513 44.9651 3.4
      vertex -3.6513 44.9651 0
    endloop
  endfacet
  facet normal -0.751863 0.659319 0
    outer loop
      vertex -3.6513 44.9651 3.4
      vertex -3.79792 44.7979 0
      vertex -3.79792 44.7979 3.4
    endloop
  endfacet
  facet normal -0.751863 -0.659319 0
    outer loop
      vertex -3.6513 47.0349 0
      vertex -3.79792 47.2021 3.4
      vertex -3.79792 47.2021 0
    endloop
  endfacet
  facet normal -0.751863 -0.659319 0
    outer loop
      vertex -3.79792 47.2021 3.4
      vertex -3.6513 47.0349 0
      vertex -3.6513 47.0349 3.4
    endloop
  endfacet
  facet normal 0.946943 0.321403 0
    outer loop
      vertex -6.57059 45.3494 3.4
      vertex -6.64207 45.56 0
      vertex -6.64207 45.56 3.4
    endloop
  endfacet
  facet normal 0.946943 0.321403 0
    outer loop
      vertex -6.64207 45.56 0
      vertex -6.57059 45.3494 3.4
      vertex -6.57059 45.3494 0
    endloop
  endfacet
  facet normal -0.321525 0.946901 0
    outer loop
      vertex -4.34944 44.4294 0
      vertex -4.56001 44.3579 3.4
      vertex -4.34944 44.4294 3.4
    endloop
  endfacet
  facet normal -0.321525 0.946901 0
    outer loop
      vertex -4.56001 44.3579 3.4
      vertex -4.34944 44.4294 0
      vertex -4.56001 44.3579 0
    endloop
  endfacet
  facet normal 0.0652086 0.997872 -0
    outer loop
      vertex -5 44.3 0
      vertex -5.22189 44.3145 3.4
      vertex -5 44.3 3.4
    endloop
  endfacet
  facet normal 0.0652086 0.997872 0
    outer loop
      vertex -5.22189 44.3145 3.4
      vertex -5 44.3 0
      vertex -5.22189 44.3145 0
    endloop
  endfacet
  facet normal 0.321525 -0.946901 0
    outer loop
      vertex -5.65056 47.5706 0
      vertex -5.43999 47.6421 3.4
      vertex -5.65056 47.5706 3.4
    endloop
  endfacet
  facet normal 0.321525 -0.946901 0
    outer loop
      vertex -5.43999 47.6421 3.4
      vertex -5.65056 47.5706 0
      vertex -5.43999 47.6421 0
    endloop
  endfacet
  facet normal -0.946943 -0.321403 0
    outer loop
      vertex -3.35793 46.44 0
      vertex -3.42941 46.6506 3.4
      vertex -3.42941 46.6506 0
    endloop
  endfacet
  facet normal -0.946943 -0.321403 0
    outer loop
      vertex -3.42941 46.6506 3.4
      vertex -3.35793 46.44 0
      vertex -3.35793 46.44 3.4
    endloop
  endfacet
  facet normal 0.751863 -0.659319 0
    outer loop
      vertex -6.3487 47.0349 3.4
      vertex -6.20208 47.2021 0
      vertex -6.20208 47.2021 3.4
    endloop
  endfacet
  facet normal 0.751863 -0.659319 0
    outer loop
      vertex -6.20208 47.2021 0
      vertex -6.3487 47.0349 3.4
      vertex -6.3487 47.0349 0
    endloop
  endfacet
  facet normal 0.442459 0.896789 -0
    outer loop
      vertex -5.65056 44.4294 0
      vertex -5.85 44.5278 3.4
      vertex -5.65056 44.4294 3.4
    endloop
  endfacet
  facet normal 0.442459 0.896789 0
    outer loop
      vertex -5.85 44.5278 3.4
      vertex -5.65056 44.4294 0
      vertex -5.85 44.5278 0
    endloop
  endfacet
  facet normal 0.0652086 -0.997872 0
    outer loop
      vertex -5.22189 47.6855 0
      vertex -5 47.7 3.4
      vertex -5.22189 47.6855 3.4
    endloop
  endfacet
  facet normal 0.0652086 -0.997872 0
    outer loop
      vertex -5 47.7 3.4
      vertex -5.22189 47.6855 0
      vertex -5 47.7 0
    endloop
  endfacet
  facet normal -0.896843 0.442349 0
    outer loop
      vertex -3.52776 45.15 0
      vertex -3.42941 45.3494 3.4
      vertex -3.42941 45.3494 0
    endloop
  endfacet
  facet normal -0.896843 0.442349 0
    outer loop
      vertex -3.42941 45.3494 3.4
      vertex -3.52776 45.15 0
      vertex -3.52776 45.15 3.4
    endloop
  endfacet
  facet normal -0.555447 0.831552 0
    outer loop
      vertex -3.96511 44.6513 0
      vertex -4.15 44.5278 3.4
      vertex -3.96511 44.6513 3.4
    endloop
  endfacet
  facet normal -0.555447 0.831552 0
    outer loop
      vertex -4.15 44.5278 3.4
      vertex -3.96511 44.6513 0
      vertex -4.15 44.5278 0
    endloop
  endfacet
  facet normal 0.980779 0.195122 0
    outer loop
      vertex -6.64207 45.56 3.4
      vertex -6.68546 45.7781 0
      vertex -6.68546 45.7781 3.4
    endloop
  endfacet
  facet normal 0.980779 0.195122 0
    outer loop
      vertex -6.68546 45.7781 0
      vertex -6.64207 45.56 3.4
      vertex -6.64207 45.56 0
    endloop
  endfacet
  facet normal -0.195165 -0.98077 0
    outer loop
      vertex -4.77811 47.6855 0
      vertex -4.56001 47.6421 3.4
      vertex -4.77811 47.6855 3.4
    endloop
  endfacet
  facet normal -0.195165 -0.98077 -0
    outer loop
      vertex -4.56001 47.6421 3.4
      vertex -4.77811 47.6855 0
      vertex -4.56001 47.6421 0
    endloop
  endfacet
  facet normal -0.831483 -0.555551 0
    outer loop
      vertex -3.52776 46.85 0
      vertex -3.6513 47.0349 3.4
      vertex -3.6513 47.0349 0
    endloop
  endfacet
  facet normal -0.831483 -0.555551 0
    outer loop
      vertex -3.6513 47.0349 3.4
      vertex -3.52776 46.85 0
      vertex -3.52776 46.85 3.4
    endloop
  endfacet
  facet normal -0.99786 0.0653848 0
    outer loop
      vertex -3.31454 45.7781 0
      vertex -3.3 46 3.4
      vertex -3.3 46 0
    endloop
  endfacet
  facet normal -0.99786 0.0653848 0
    outer loop
      vertex -3.3 46 3.4
      vertex -3.31454 45.7781 0
      vertex -3.31454 45.7781 3.4
    endloop
  endfacet
  facet normal -0.321525 -0.946901 0
    outer loop
      vertex -4.56001 47.6421 0
      vertex -4.34944 47.5706 3.4
      vertex -4.56001 47.6421 3.4
    endloop
  endfacet
  facet normal -0.321525 -0.946901 -0
    outer loop
      vertex -4.34944 47.5706 3.4
      vertex -4.56001 47.6421 0
      vertex -4.34944 47.5706 0
    endloop
  endfacet
  facet normal -0.555447 -0.831552 0
    outer loop
      vertex -4.15 47.4722 0
      vertex -3.96511 47.3487 3.4
      vertex -4.15 47.4722 3.4
    endloop
  endfacet
  facet normal -0.555447 -0.831552 -0
    outer loop
      vertex -3.96511 47.3487 3.4
      vertex -4.15 47.4722 0
      vertex -3.96511 47.3487 0
    endloop
  endfacet
  facet normal 0.195165 -0.98077 0
    outer loop
      vertex -5.43999 47.6421 0
      vertex -5.22189 47.6855 3.4
      vertex -5.43999 47.6421 3.4
    endloop
  endfacet
  facet normal 0.195165 -0.98077 0
    outer loop
      vertex -5.22189 47.6855 3.4
      vertex -5.43999 47.6421 0
      vertex -5.22189 47.6855 0
    endloop
  endfacet
  facet normal -0.659291 0.751888 0
    outer loop
      vertex -3.79792 44.7979 0
      vertex -3.96511 44.6513 3.4
      vertex -3.79792 44.7979 3.4
    endloop
  endfacet
  facet normal -0.659291 0.751888 0
    outer loop
      vertex -3.96511 44.6513 3.4
      vertex -3.79792 44.7979 0
      vertex -3.96511 44.6513 0
    endloop
  endfacet
  facet normal 0.896843 -0.442349 0
    outer loop
      vertex -6.57059 46.6506 3.4
      vertex -6.47224 46.85 0
      vertex -6.47224 46.85 3.4
    endloop
  endfacet
  facet normal 0.896843 -0.442349 0
    outer loop
      vertex -6.47224 46.85 0
      vertex -6.57059 46.6506 3.4
      vertex -6.57059 46.6506 0
    endloop
  endfacet
  facet normal -0.980779 0.195122 0
    outer loop
      vertex -3.35793 45.56 0
      vertex -3.31454 45.7781 3.4
      vertex -3.31454 45.7781 0
    endloop
  endfacet
  facet normal -0.980779 0.195122 0
    outer loop
      vertex -3.31454 45.7781 3.4
      vertex -3.35793 45.56 0
      vertex -3.35793 45.56 3.4
    endloop
  endfacet
  facet normal -0.195165 0.98077 0
    outer loop
      vertex -4.56001 44.3579 0
      vertex -4.77811 44.3145 3.4
      vertex -4.56001 44.3579 3.4
    endloop
  endfacet
  facet normal -0.195165 0.98077 0
    outer loop
      vertex -4.77811 44.3145 3.4
      vertex -4.56001 44.3579 0
      vertex -4.77811 44.3145 0
    endloop
  endfacet
  facet normal 0.659291 0.751888 -0
    outer loop
      vertex -6.03489 44.6513 0
      vertex -6.20208 44.7979 3.4
      vertex -6.03489 44.6513 3.4
    endloop
  endfacet
  facet normal 0.659291 0.751888 0
    outer loop
      vertex -6.20208 44.7979 3.4
      vertex -6.03489 44.6513 0
      vertex -6.20208 44.7979 0
    endloop
  endfacet
  facet normal 0.751863 0.659319 0
    outer loop
      vertex -6.20208 44.7979 3.4
      vertex -6.3487 44.9651 0
      vertex -6.3487 44.9651 3.4
    endloop
  endfacet
  facet normal 0.751863 0.659319 0
    outer loop
      vertex -6.3487 44.9651 0
      vertex -6.20208 44.7979 3.4
      vertex -6.20208 44.7979 0
    endloop
  endfacet
  facet normal -0.0652086 -0.997872 0
    outer loop
      vertex -5 47.7 0
      vertex -4.77811 47.6855 3.4
      vertex -5 47.7 3.4
    endloop
  endfacet
  facet normal -0.0652086 -0.997872 -0
    outer loop
      vertex -4.77811 47.6855 3.4
      vertex -5 47.7 0
      vertex -4.77811 47.6855 0
    endloop
  endfacet
  facet normal -0.442459 -0.896789 0
    outer loop
      vertex -4.34944 47.5706 0
      vertex -4.15 47.4722 3.4
      vertex -4.34944 47.5706 3.4
    endloop
  endfacet
  facet normal -0.442459 -0.896789 -0
    outer loop
      vertex -4.15 47.4722 3.4
      vertex -4.34944 47.5706 0
      vertex -4.15 47.4722 0
    endloop
  endfacet
  facet normal -0.831483 0.555551 0
    outer loop
      vertex -3.6513 44.9651 0
      vertex -3.52776 45.15 3.4
      vertex -3.52776 45.15 0
    endloop
  endfacet
  facet normal -0.831483 0.555551 0
    outer loop
      vertex -3.52776 45.15 3.4
      vertex -3.6513 44.9651 0
      vertex -3.6513 44.9651 3.4
    endloop
  endfacet
  facet normal 0.99786 0.0653848 0
    outer loop
      vertex -6.68546 45.7781 3.4
      vertex -6.7 46 0
      vertex -6.7 46 3.4
    endloop
  endfacet
  facet normal 0.99786 0.0653848 0
    outer loop
      vertex -6.7 46 0
      vertex -6.68546 45.7781 3.4
      vertex -6.68546 45.7781 0
    endloop
  endfacet
  facet normal -0.442459 0.896789 0
    outer loop
      vertex -4.15 44.5278 0
      vertex -4.34944 44.4294 3.4
      vertex -4.15 44.5278 3.4
    endloop
  endfacet
  facet normal -0.442459 0.896789 0
    outer loop
      vertex -4.34944 44.4294 3.4
      vertex -4.15 44.5278 0
      vertex -4.34944 44.4294 0
    endloop
  endfacet
  facet normal 0.980779 -0.195122 0
    outer loop
      vertex -6.68546 46.2219 3.4
      vertex -6.64207 46.44 0
      vertex -6.64207 46.44 3.4
    endloop
  endfacet
  facet normal 0.980779 -0.195122 0
    outer loop
      vertex -6.64207 46.44 0
      vertex -6.68546 46.2219 3.4
      vertex -6.68546 46.2219 0
    endloop
  endfacet
  facet normal 0.896843 0.442349 0
    outer loop
      vertex -6.47224 45.15 3.4
      vertex -6.57059 45.3494 0
      vertex -6.57059 45.3494 3.4
    endloop
  endfacet
  facet normal 0.896843 0.442349 0
    outer loop
      vertex -6.57059 45.3494 0
      vertex -6.47224 45.15 3.4
      vertex -6.47224 45.15 0
    endloop
  endfacet
  facet normal 0.946943 -0.321403 0
    outer loop
      vertex -6.64207 46.44 3.4
      vertex -6.57059 46.6506 0
      vertex -6.57059 46.6506 3.4
    endloop
  endfacet
  facet normal 0.946943 -0.321403 0
    outer loop
      vertex -6.57059 46.6506 0
      vertex -6.64207 46.44 3.4
      vertex -6.64207 46.44 0
    endloop
  endfacet
  facet normal 0.555447 -0.831552 0
    outer loop
      vertex -6.03489 47.3487 0
      vertex -5.85 47.4722 3.4
      vertex -6.03489 47.3487 3.4
    endloop
  endfacet
  facet normal 0.555447 -0.831552 0
    outer loop
      vertex -5.85 47.4722 3.4
      vertex -6.03489 47.3487 0
      vertex -5.85 47.4722 0
    endloop
  endfacet
  facet normal -0.896843 -0.442349 0
    outer loop
      vertex -3.42941 46.6506 0
      vertex -3.52776 46.85 3.4
      vertex -3.52776 46.85 0
    endloop
  endfacet
  facet normal -0.896843 -0.442349 0
    outer loop
      vertex -3.52776 46.85 3.4
      vertex -3.42941 46.6506 0
      vertex -3.42941 46.6506 3.4
    endloop
  endfacet
  facet normal 0.99786 -0.0653848 0
    outer loop
      vertex -6.7 46 3.4
      vertex -6.68546 46.2219 0
      vertex -6.68546 46.2219 3.4
    endloop
  endfacet
  facet normal 0.99786 -0.0653848 0
    outer loop
      vertex -6.68546 46.2219 0
      vertex -6.7 46 3.4
      vertex -6.7 46 0
    endloop
  endfacet
  facet normal 0.321525 0.946901 -0
    outer loop
      vertex -5.43999 44.3579 0
      vertex -5.65056 44.4294 3.4
      vertex -5.43999 44.3579 3.4
    endloop
  endfacet
  facet normal 0.321525 0.946901 0
    outer loop
      vertex -5.65056 44.4294 3.4
      vertex -5.43999 44.3579 0
      vertex -5.65056 44.4294 0
    endloop
  endfacet
  facet normal 0.442459 -0.896789 0
    outer loop
      vertex -5.85 47.4722 0
      vertex -5.65056 47.5706 3.4
      vertex -5.85 47.4722 3.4
    endloop
  endfacet
  facet normal 0.442459 -0.896789 0
    outer loop
      vertex -5.65056 47.5706 3.4
      vertex -5.85 47.4722 0
      vertex -5.65056 47.5706 0
    endloop
  endfacet
  facet normal 0.831483 -0.555551 0
    outer loop
      vertex -6.47224 46.85 3.4
      vertex -6.3487 47.0349 0
      vertex -6.3487 47.0349 3.4
    endloop
  endfacet
  facet normal 0.831483 -0.555551 0
    outer loop
      vertex -6.3487 47.0349 0
      vertex -6.47224 46.85 3.4
      vertex -6.47224 46.85 0
    endloop
  endfacet
  facet normal 0.555447 0.831552 -0
    outer loop
      vertex -5.85 44.5278 0
      vertex -6.03489 44.6513 3.4
      vertex -5.85 44.5278 3.4
    endloop
  endfacet
  facet normal 0.555447 0.831552 0
    outer loop
      vertex -6.03489 44.6513 3.4
      vertex -5.85 44.5278 0
      vertex -6.03489 44.6513 0
    endloop
  endfacet
  facet normal -0.708542 -0.0464251 0.70414
    outer loop
      vertex -1.73799 46.4281 5
      vertex -3.3 46 3.4
      vertex -1.70994 46 5
    endloop
  endfacet
  facet normal 0.636823 0.314074 0.704141
    outer loop
      vertex -7.84989 44.3562 5
      vertex -6.57059 45.3494 3.4
      vertex -8.03962 44.7409 5
    endloop
  endfacet
  facet normal -0.5249 -0.477659 0.704502
    outer loop
      vertex -3.79792 47.2021 3.4
      vertex -2.67266 48.3254 5
      vertex -2.67357 48.3264 5
    endloop
  endfacet
  facet normal -0.533869 -0.468157 0.704139
    outer loop
      vertex -2.67266 48.3254 5
      vertex -3.79792 47.2021 3.4
      vertex -3.6513 47.0349 3.4
    endloop
  endfacet
  facet normal 0.138382 0.696447 0.704139
    outer loop
      vertex -5.43079 42.7384 5
      vertex -5.43999 44.3579 3.4
      vertex -5.85153 42.822 5
    endloop
  endfacet
  facet normal -0.464756 0.537052 0.703972
    outer loop
      vertex -3.79792 44.7979 3.4
      vertex -2.67461 43.6727 5
      vertex -2.67357 43.6736 5
    endloop
  endfacet
  facet normal -0.468143 0.533894 0.70413
    outer loop
      vertex -2.67461 43.6727 5
      vertex -3.79792 44.7979 3.4
      vertex -3.96511 44.6513 3.4
    endloop
  endfacet
  facet normal -0.468221 0.533811 0.704141
    outer loop
      vertex -2.67461 43.6727 5
      vertex -3.96511 44.6513 3.4
      vertex -2.99714 43.3898 5
    endloop
  endfacet
  facet normal 0.314166 -0.636761 0.704155
    outer loop
      vertex -6.64379 48.8499 5
      vertex -5.85 47.4722 3.4
      vertex -5.65056 47.5706 3.4
    endloop
  endfacet
  facet normal 0.309349 -0.639321 0.703969
    outer loop
      vertex -5.85 47.4722 3.4
      vertex -6.64379 48.8499 5
      vertex -6.64503 48.8493 5
    endloop
  endfacet
  facet normal 0.228256 -0.67237 0.704143
    outer loop
      vertex -6.25774 49.0401 5
      vertex -5.43999 47.6421 3.4
      vertex -5.85153 49.178 5
    endloop
  endfacet
  facet normal -0.138382 0.696447 0.704139
    outer loop
      vertex -4.14847 42.822 5
      vertex -4.56001 44.3579 3.4
      vertex -4.56921 42.7384 5
    endloop
  endfacet
  facet normal 0.314166 0.636761 0.704155
    outer loop
      vertex -5.85 44.5278 3.4
      vertex -6.64379 43.1501 5
      vertex -5.65056 44.4294 3.4
    endloop
  endfacet
  facet normal 0.309349 0.639321 0.703969
    outer loop
      vertex -6.64379 43.1501 5
      vertex -5.85 44.5278 3.4
      vertex -6.64503 43.1507 5
    endloop
  endfacet
  facet normal -0.533869 0.468157 0.704139
    outer loop
      vertex -3.79792 44.7979 3.4
      vertex -2.67266 43.6746 5
      vertex -3.6513 44.9651 3.4
    endloop
  endfacet
  facet normal -0.5249 0.477659 0.704502
    outer loop
      vertex -2.67266 43.6746 5
      vertex -3.79792 44.7979 3.4
      vertex -2.67357 43.6736 5
    endloop
  endfacet
  facet normal -0.154167 -0.693753 0.703519
    outer loop
      vertex -4.77811 47.6855 3.4
      vertex -4.56921 49.2616 5
      vertex -4.57056 49.2619 5
    endloop
  endfacet
  facet normal -0.138583 -0.696428 0.704119
    outer loop
      vertex -4.56921 49.2616 5
      vertex -4.77811 47.6855 3.4
      vertex -4.56001 47.6421 3.4
    endloop
  endfacet
  facet normal -0.252982 0.662812 0.704755
    outer loop
      vertex -4.34944 44.4294 3.4
      vertex -3.74226 42.9599 5
      vertex -3.74095 42.9604 5
    endloop
  endfacet
  facet normal -0.2283 0.67235 0.704148
    outer loop
      vertex -3.74226 42.9599 5
      vertex -4.34944 44.4294 3.4
      vertex -4.56001 44.3579 3.4
    endloop
  endfacet
  facet normal 0.590399 -0.394476 0.704143
    outer loop
      vertex -7.84851 47.6462 5
      vertex -6.3487 47.0349 3.4
      vertex -7.61018 48.0029 5
    endloop
  endfacet
  facet normal -0.464756 -0.537052 0.703972
    outer loop
      vertex -2.67461 48.3273 5
      vertex -3.79792 47.2021 3.4
      vertex -2.67357 48.3264 5
    endloop
  endfacet
  facet normal -0.468143 -0.533894 0.70413
    outer loop
      vertex -3.79792 47.2021 3.4
      vertex -2.67461 48.3273 5
      vertex -3.96511 47.3487 3.4
    endloop
  endfacet
  facet normal -0.138382 -0.696447 0.704139
    outer loop
      vertex -4.56921 49.2616 5
      vertex -4.56001 47.6421 3.4
      vertex -4.14847 49.178 5
    endloop
  endfacet
  facet normal 0.0463031 0.708565 0.704125
    outer loop
      vertex -5.22189 44.3145 3.4
      vertex -5.42806 42.738 5
      vertex -5 44.3 3.4
    endloop
  endfacet
  facet normal 0.0513092 0.708067 0.704279
    outer loop
      vertex -5.42806 42.738 5
      vertex -5.22189 44.3145 3.4
      vertex -5.42944 42.7381 5
    endloop
  endfacet
  facet normal -0.31401 0.636859 0.704136
    outer loop
      vertex -3.35621 43.1501 5
      vertex -4.34944 44.4294 3.4
      vertex -3.74095 42.9604 5
    endloop
  endfacet
  facet normal 0.394458 -0.590412 0.704143
    outer loop
      vertex -7.00286 48.6102 5
      vertex -6.03489 47.3487 3.4
      vertex -6.64618 48.8485 5
    endloop
  endfacet
  facet normal -0.597305 0.38327 0.704508
    outer loop
      vertex -3.52776 45.15 3.4
      vertex -2.15149 44.3538 5
      vertex -2.15072 44.355 5
    endloop
  endfacet
  facet normal -0.5904 0.394473 0.704144
    outer loop
      vertex -2.15149 44.3538 5
      vertex -3.52776 45.15 3.4
      vertex -3.6513 44.9651 3.4
    endloop
  endfacet
  facet normal 0.468221 -0.533811 0.704141
    outer loop
      vertex -7.32539 48.3273 5
      vertex -6.03489 47.3487 3.4
      vertex -7.00286 48.6102 5
    endloop
  endfacet
  facet normal -0.468221 -0.533811 0.704141
    outer loop
      vertex -2.99714 48.6102 5
      vertex -3.96511 47.3487 3.4
      vertex -2.67461 48.3273 5
    endloop
  endfacet
  facet normal 0.676398 -0.217414 0.703716
    outer loop
      vertex -8.04007 47.2577 5
      vertex -6.57059 46.6506 3.4
      vertex -8.03962 47.2591 5
    endloop
  endfacet
  facet normal 0.672392 -0.228217 0.704135
    outer loop
      vertex -6.57059 46.6506 3.4
      vertex -8.04007 47.2577 5
      vertex -6.64207 46.44 3.4
    endloop
  endfacet
  facet normal -0.708542 0.0464251 0.70414
    outer loop
      vertex -1.70994 46 5
      vertex -3.3 46 3.4
      vertex -1.73799 45.5719 5
    endloop
  endfacet
  facet normal -0.636823 -0.314074 0.704141
    outer loop
      vertex -2.15011 47.6438 5
      vertex -3.42941 46.6506 3.4
      vertex -1.96038 47.2591 5
    endloop
  endfacet
  facet normal -0.636823 0.314074 0.704141
    outer loop
      vertex -1.96038 44.7409 5
      vertex -3.42941 45.3494 3.4
      vertex -2.15011 44.3562 5
    endloop
  endfacet
  facet normal 0.2283 -0.67235 0.704148
    outer loop
      vertex -6.25774 49.0401 5
      vertex -5.65056 47.5706 3.4
      vertex -5.43999 47.6421 3.4
    endloop
  endfacet
  facet normal 0.252982 -0.662812 0.704755
    outer loop
      vertex -5.65056 47.5706 3.4
      vertex -6.25774 49.0401 5
      vertex -6.25905 49.0396 5
    endloop
  endfacet
  facet normal -0.0465115 -0.70853 0.704146
    outer loop
      vertex -5 49.2901 5
      vertex -5 47.7 3.4
      vertex -4.57194 49.262 5
    endloop
  endfacet
  facet normal 0.228256 0.67237 0.704143
    outer loop
      vertex -5.85153 42.822 5
      vertex -5.43999 44.3579 3.4
      vertex -6.25774 42.9599 5
    endloop
  endfacet
  facet normal -0.590399 0.394476 0.704143
    outer loop
      vertex -2.15149 44.3538 5
      vertex -3.6513 44.9651 3.4
      vertex -2.38982 43.9971 5
    endloop
  endfacet
  facet normal -0.228256 -0.67237 0.704143
    outer loop
      vertex -4.14847 49.178 5
      vertex -4.56001 47.6421 3.4
      vertex -3.74226 49.0401 5
    endloop
  endfacet
  facet normal -0.590399 -0.394476 0.704143
    outer loop
      vertex -2.38982 48.0029 5
      vertex -3.6513 47.0349 3.4
      vertex -2.15149 47.6462 5
    endloop
  endfacet
  facet normal -0.533837 -0.468187 0.704144
    outer loop
      vertex -2.67266 48.3254 5
      vertex -3.6513 47.0349 3.4
      vertex -2.38982 48.0029 5
    endloop
  endfacet
  facet normal 0.590399 0.394476 0.704143
    outer loop
      vertex -7.61018 43.9971 5
      vertex -6.3487 44.9651 3.4
      vertex -7.84851 44.3538 5
    endloop
  endfacet
  facet normal -0.0465115 0.70853 0.704146
    outer loop
      vertex -4.57194 42.738 5
      vertex -5 44.3 3.4
      vertex -5 42.7099 5
    endloop
  endfacet
  facet normal 0.533837 -0.468187 0.704144
    outer loop
      vertex -7.61018 48.0029 5
      vertex -6.3487 47.0349 3.4
      vertex -7.32734 48.3254 5
    endloop
  endfacet
  facet normal 0.696414 -0.138548 0.704139
    outer loop
      vertex -8.26165 46.4308 5
      vertex -6.68546 46.2219 3.4
      vertex -6.64207 46.44 3.4
    endloop
  endfacet
  facet normal 0.697089 -0.134439 0.704268
    outer loop
      vertex -6.68546 46.2219 3.4
      vertex -8.26165 46.4308 5
      vertex -8.26192 46.4294 5
    endloop
  endfacet
  facet normal 0.405766 -0.583289 0.703653
    outer loop
      vertex -6.64618 48.8485 5
      vertex -5.85 47.4722 3.4
      vertex -6.64503 48.8493 5
    endloop
  endfacet
  facet normal 0.394396 -0.590445 0.70415
    outer loop
      vertex -5.85 47.4722 3.4
      vertex -6.64618 48.8485 5
      vertex -6.03489 47.3487 3.4
    endloop
  endfacet
  facet normal 0.672392 0.228217 0.704135
    outer loop
      vertex -8.04007 44.7423 5
      vertex -6.57059 45.3494 3.4
      vertex -6.64207 45.56 3.4
    endloop
  endfacet
  facet normal 0.676398 0.217414 0.703716
    outer loop
      vertex -6.57059 45.3494 3.4
      vertex -8.04007 44.7423 5
      vertex -8.03962 44.7409 5
    endloop
  endfacet
  facet normal -0.533837 0.468187 0.704144
    outer loop
      vertex -2.38982 43.9971 5
      vertex -3.6513 44.9651 3.4
      vertex -2.67266 43.6746 5
    endloop
  endfacet
  facet normal 0.468221 0.533811 0.704141
    outer loop
      vertex -7.00286 43.3898 5
      vertex -6.03489 44.6513 3.4
      vertex -7.32539 43.6727 5
    endloop
  endfacet
  facet normal 0.696415 0.138538 0.70414
    outer loop
      vertex -8.17796 45.1485 5
      vertex -6.64207 45.56 3.4
      vertex -8.26165 45.5692 5
    endloop
  endfacet
  facet normal -0.0463031 -0.708565 0.704125
    outer loop
      vertex -4.77811 47.6855 3.4
      vertex -4.57194 49.262 5
      vertex -5 47.7 3.4
    endloop
  endfacet
  facet normal -0.0513092 -0.708067 0.704279
    outer loop
      vertex -4.57194 49.262 5
      vertex -4.77811 47.6855 3.4
      vertex -4.57056 49.2619 5
    endloop
  endfacet
  facet normal 0.5249 -0.477659 0.704502
    outer loop
      vertex -7.32734 48.3254 5
      vertex -6.20208 47.2021 3.4
      vertex -7.32643 48.3264 5
    endloop
  endfacet
  facet normal 0.533869 -0.468157 0.704139
    outer loop
      vertex -6.20208 47.2021 3.4
      vertex -7.32734 48.3254 5
      vertex -6.3487 47.0349 3.4
    endloop
  endfacet
  facet normal 0.468143 -0.533894 0.70413
    outer loop
      vertex -7.32539 48.3273 5
      vertex -6.20208 47.2021 3.4
      vertex -6.03489 47.3487 3.4
    endloop
  endfacet
  facet normal 0.464756 -0.537052 0.703972
    outer loop
      vertex -6.20208 47.2021 3.4
      vertex -7.32539 48.3273 5
      vertex -7.32643 48.3264 5
    endloop
  endfacet
  facet normal 0.708542 -0.0464251 0.70414
    outer loop
      vertex -8.29006 46 5
      vertex -6.7 46 3.4
      vertex -8.26201 46.4281 5
    endloop
  endfacet
  facet normal 0.696414 0.138548 0.704139
    outer loop
      vertex -6.68546 45.7781 3.4
      vertex -8.26165 45.5692 5
      vertex -6.64207 45.56 3.4
    endloop
  endfacet
  facet normal 0.697089 0.134439 0.704268
    outer loop
      vertex -8.26165 45.5692 5
      vertex -6.68546 45.7781 3.4
      vertex -8.26192 45.5706 5
    endloop
  endfacet
  facet normal -0.632749 -0.321648 0.704394
    outer loop
      vertex -3.52776 46.85 3.4
      vertex -2.15011 47.6438 5
      vertex -2.15072 47.645 5
    endloop
  endfacet
  facet normal -0.63681 -0.314094 0.704143
    outer loop
      vertex -2.15011 47.6438 5
      vertex -3.52776 46.85 3.4
      vertex -3.42941 46.6506 3.4
    endloop
  endfacet
  facet normal 0.154167 0.693753 0.703519
    outer loop
      vertex -5.22189 44.3145 3.4
      vertex -5.43079 42.7384 5
      vertex -5.42944 42.7381 5
    endloop
  endfacet
  facet normal 0.138583 0.696428 0.704119
    outer loop
      vertex -5.43079 42.7384 5
      vertex -5.22189 44.3145 3.4
      vertex -5.43999 44.3579 3.4
    endloop
  endfacet
  facet normal -0.394458 -0.590412 0.704143
    outer loop
      vertex -3.35382 48.8485 5
      vertex -3.96511 47.3487 3.4
      vertex -2.99714 48.6102 5
    endloop
  endfacet
  facet normal -0.676398 -0.217414 0.703716
    outer loop
      vertex -3.42941 46.6506 3.4
      vertex -1.95993 47.2577 5
      vertex -1.96038 47.2591 5
    endloop
  endfacet
  facet normal -0.672392 -0.228217 0.704135
    outer loop
      vertex -1.95993 47.2577 5
      vertex -3.42941 46.6506 3.4
      vertex -3.35793 46.44 3.4
    endloop
  endfacet
  facet normal 0.636823 -0.314074 0.704141
    outer loop
      vertex -8.03962 47.2591 5
      vertex -6.57059 46.6506 3.4
      vertex -7.84989 47.6438 5
    endloop
  endfacet
  facet normal 0.31401 0.636859 0.704136
    outer loop
      vertex -6.25905 42.9604 5
      vertex -5.65056 44.4294 3.4
      vertex -6.64379 43.1501 5
    endloop
  endfacet
  facet normal -0.252982 -0.662812 0.704755
    outer loop
      vertex -3.74226 49.0401 5
      vertex -4.34944 47.5706 3.4
      vertex -3.74095 49.0396 5
    endloop
  endfacet
  facet normal -0.2283 -0.67235 0.704148
    outer loop
      vertex -4.34944 47.5706 3.4
      vertex -3.74226 49.0401 5
      vertex -4.56001 47.6421 3.4
    endloop
  endfacet
  facet normal 0.5904 0.394473 0.704144
    outer loop
      vertex -6.47224 45.15 3.4
      vertex -7.84851 44.3538 5
      vertex -6.3487 44.9651 3.4
    endloop
  endfacet
  facet normal 0.597305 0.38327 0.704508
    outer loop
      vertex -7.84851 44.3538 5
      vertex -6.47224 45.15 3.4
      vertex -7.84928 44.355 5
    endloop
  endfacet
  facet normal -0.309349 -0.639321 0.703969
    outer loop
      vertex -3.35621 48.8499 5
      vertex -4.15 47.4722 3.4
      vertex -3.35497 48.8493 5
    endloop
  endfacet
  facet normal -0.314166 -0.636761 0.704155
    outer loop
      vertex -4.15 47.4722 3.4
      vertex -3.35621 48.8499 5
      vertex -4.34944 47.5706 3.4
    endloop
  endfacet
  facet normal 0.394396 0.590445 0.70415
    outer loop
      vertex -6.64618 43.1515 5
      vertex -5.85 44.5278 3.4
      vertex -6.03489 44.6513 3.4
    endloop
  endfacet
  facet normal 0.405766 0.583289 0.703653
    outer loop
      vertex -5.85 44.5278 3.4
      vertex -6.64618 43.1515 5
      vertex -6.64503 43.1507 5
    endloop
  endfacet
  facet normal -0.31401 -0.636859 0.704136
    outer loop
      vertex -3.74095 49.0396 5
      vertex -4.34944 47.5706 3.4
      vertex -3.35621 48.8499 5
    endloop
  endfacet
  facet normal -0.597305 -0.38327 0.704508
    outer loop
      vertex -2.15149 47.6462 5
      vertex -3.52776 46.85 3.4
      vertex -2.15072 47.645 5
    endloop
  endfacet
  facet normal -0.5904 -0.394473 0.704144
    outer loop
      vertex -3.52776 46.85 3.4
      vertex -2.15149 47.6462 5
      vertex -3.6513 47.0349 3.4
    endloop
  endfacet
  facet normal 0.672378 -0.228248 0.704139
    outer loop
      vertex -8.17796 46.8515 5
      vertex -6.64207 46.44 3.4
      vertex -8.04007 47.2577 5
    endloop
  endfacet
  facet normal 0.533837 0.468187 0.704144
    outer loop
      vertex -7.32734 43.6746 5
      vertex -6.3487 44.9651 3.4
      vertex -7.61018 43.9971 5
    endloop
  endfacet
  facet normal 0.5904 -0.394473 0.704144
    outer loop
      vertex -7.84851 47.6462 5
      vertex -6.47224 46.85 3.4
      vertex -6.3487 47.0349 3.4
    endloop
  endfacet
  facet normal 0.597305 -0.38327 0.704508
    outer loop
      vertex -6.47224 46.85 3.4
      vertex -7.84851 47.6462 5
      vertex -7.84928 47.645 5
    endloop
  endfacet
  facet normal -0.696415 0.138538 0.70414
    outer loop
      vertex -1.73835 45.5692 5
      vertex -3.35793 45.56 3.4
      vertex -1.82204 45.1485 5
    endloop
  endfacet
  facet normal -0.672378 0.228248 0.704139
    outer loop
      vertex -1.82204 45.1485 5
      vertex -3.35793 45.56 3.4
      vertex -1.95993 44.7423 5
    endloop
  endfacet
  facet normal 0.2283 0.67235 0.704148
    outer loop
      vertex -5.65056 44.4294 3.4
      vertex -6.25774 42.9599 5
      vertex -5.43999 44.3579 3.4
    endloop
  endfacet
  facet normal 0.252982 0.662812 0.704755
    outer loop
      vertex -6.25774 42.9599 5
      vertex -5.65056 44.4294 3.4
      vertex -6.25905 42.9604 5
    endloop
  endfacet
  facet normal -0.696415 -0.138538 0.70414
    outer loop
      vertex -1.82204 46.8515 5
      vertex -3.35793 46.44 3.4
      vertex -1.73835 46.4308 5
    endloop
  endfacet
  facet normal -0.672378 -0.228248 0.704139
    outer loop
      vertex -1.95993 47.2577 5
      vertex -3.35793 46.44 3.4
      vertex -1.82204 46.8515 5
    endloop
  endfacet
  facet normal 0.708541 0.0464272 0.70414
    outer loop
      vertex -8.26201 45.5719 5
      vertex -6.68546 45.7781 3.4
      vertex -6.7 46 3.4
    endloop
  endfacet
  facet normal 0.708284 0.049035 0.704223
    outer loop
      vertex -6.68546 45.7781 3.4
      vertex -8.26201 45.5719 5
      vertex -8.26192 45.5706 5
    endloop
  endfacet
  facet normal -0.708284 -0.049035 0.704223
    outer loop
      vertex -3.31454 46.2219 3.4
      vertex -1.73799 46.4281 5
      vertex -1.73808 46.4294 5
    endloop
  endfacet
  facet normal -0.708541 -0.0464272 0.70414
    outer loop
      vertex -1.73799 46.4281 5
      vertex -3.31454 46.2219 3.4
      vertex -3.3 46 3.4
    endloop
  endfacet
  facet normal -0.672392 0.228217 0.704135
    outer loop
      vertex -3.42941 45.3494 3.4
      vertex -1.95993 44.7423 5
      vertex -3.35793 45.56 3.4
    endloop
  endfacet
  facet normal -0.676398 0.217414 0.703716
    outer loop
      vertex -1.95993 44.7423 5
      vertex -3.42941 45.3494 3.4
      vertex -1.96038 44.7409 5
    endloop
  endfacet
  facet normal 0.63681 0.314094 0.704143
    outer loop
      vertex -7.84989 44.3562 5
      vertex -6.47224 45.15 3.4
      vertex -6.57059 45.3494 3.4
    endloop
  endfacet
  facet normal 0.632749 0.321648 0.704394
    outer loop
      vertex -6.47224 45.15 3.4
      vertex -7.84989 44.3562 5
      vertex -7.84928 44.355 5
    endloop
  endfacet
  facet normal 0.138382 -0.696447 0.704139
    outer loop
      vertex -5.85153 49.178 5
      vertex -5.43999 47.6421 3.4
      vertex -5.43079 49.2616 5
    endloop
  endfacet
  facet normal -0.697089 0.134439 0.704268
    outer loop
      vertex -3.31454 45.7781 3.4
      vertex -1.73835 45.5692 5
      vertex -1.73808 45.5706 5
    endloop
  endfacet
  facet normal -0.696414 0.138548 0.704139
    outer loop
      vertex -1.73835 45.5692 5
      vertex -3.31454 45.7781 3.4
      vertex -3.35793 45.56 3.4
    endloop
  endfacet
  facet normal -0.708541 0.0464272 0.70414
    outer loop
      vertex -3.31454 45.7781 3.4
      vertex -1.73799 45.5719 5
      vertex -3.3 46 3.4
    endloop
  endfacet
  facet normal -0.708284 0.049035 0.704223
    outer loop
      vertex -1.73799 45.5719 5
      vertex -3.31454 45.7781 3.4
      vertex -1.73808 45.5706 5
    endloop
  endfacet
  facet normal 0.533869 0.468157 0.704139
    outer loop
      vertex -7.32734 43.6746 5
      vertex -6.20208 44.7979 3.4
      vertex -6.3487 44.9651 3.4
    endloop
  endfacet
  facet normal 0.5249 0.477659 0.704502
    outer loop
      vertex -6.20208 44.7979 3.4
      vertex -7.32734 43.6746 5
      vertex -7.32643 43.6736 5
    endloop
  endfacet
  facet normal 0.31401 -0.636859 0.704136
    outer loop
      vertex -6.64379 48.8499 5
      vertex -5.65056 47.5706 3.4
      vertex -6.25905 49.0396 5
    endloop
  endfacet
  facet normal 0.696415 -0.138538 0.70414
    outer loop
      vertex -8.26165 46.4308 5
      vertex -6.64207 46.44 3.4
      vertex -8.17796 46.8515 5
    endloop
  endfacet
  facet normal 0.708284 -0.049035 0.704223
    outer loop
      vertex -8.26201 46.4281 5
      vertex -6.68546 46.2219 3.4
      vertex -8.26192 46.4294 5
    endloop
  endfacet
  facet normal 0.708541 -0.0464272 0.70414
    outer loop
      vertex -6.68546 46.2219 3.4
      vertex -8.26201 46.4281 5
      vertex -6.7 46 3.4
    endloop
  endfacet
  facet normal 0.708542 0.0464251 0.70414
    outer loop
      vertex -8.26201 45.5719 5
      vertex -6.7 46 3.4
      vertex -8.29006 46 5
    endloop
  endfacet
  facet normal 0.632749 -0.321648 0.704394
    outer loop
      vertex -7.84989 47.6438 5
      vertex -6.47224 46.85 3.4
      vertex -7.84928 47.645 5
    endloop
  endfacet
  facet normal 0.63681 -0.314094 0.704143
    outer loop
      vertex -6.47224 46.85 3.4
      vertex -7.84989 47.6438 5
      vertex -6.57059 46.6506 3.4
    endloop
  endfacet
  facet normal -0.405766 -0.583289 0.703653
    outer loop
      vertex -4.15 47.4722 3.4
      vertex -3.35382 48.8485 5
      vertex -3.35497 48.8493 5
    endloop
  endfacet
  facet normal -0.394396 -0.590445 0.70415
    outer loop
      vertex -3.35382 48.8485 5
      vertex -4.15 47.4722 3.4
      vertex -3.96511 47.3487 3.4
    endloop
  endfacet
  facet normal 0.0465115 0.70853 0.704146
    outer loop
      vertex -5 42.7099 5
      vertex -5 44.3 3.4
      vertex -5.42806 42.738 5
    endloop
  endfacet
  facet normal -0.63681 0.314094 0.704143
    outer loop
      vertex -3.52776 45.15 3.4
      vertex -2.15011 44.3562 5
      vertex -3.42941 45.3494 3.4
    endloop
  endfacet
  facet normal -0.632749 0.321648 0.704394
    outer loop
      vertex -2.15011 44.3562 5
      vertex -3.52776 45.15 3.4
      vertex -2.15072 44.355 5
    endloop
  endfacet
  facet normal 0.0465115 -0.70853 0.704146
    outer loop
      vertex -5.42806 49.262 5
      vertex -5 47.7 3.4
      vertex -5 49.2901 5
    endloop
  endfacet
  facet normal -0.394458 0.590412 0.704143
    outer loop
      vertex -2.99714 43.3898 5
      vertex -3.96511 44.6513 3.4
      vertex -3.35382 43.1515 5
    endloop
  endfacet
  facet normal -0.394396 0.590445 0.70415
    outer loop
      vertex -4.15 44.5278 3.4
      vertex -3.35382 43.1515 5
      vertex -3.96511 44.6513 3.4
    endloop
  endfacet
  facet normal -0.405766 0.583289 0.703653
    outer loop
      vertex -3.35382 43.1515 5
      vertex -4.15 44.5278 3.4
      vertex -3.35497 43.1507 5
    endloop
  endfacet
  facet normal -0.309349 0.639321 0.703969
    outer loop
      vertex -4.15 44.5278 3.4
      vertex -3.35621 43.1501 5
      vertex -3.35497 43.1507 5
    endloop
  endfacet
  facet normal -0.314166 0.636761 0.704155
    outer loop
      vertex -3.35621 43.1501 5
      vertex -4.15 44.5278 3.4
      vertex -4.34944 44.4294 3.4
    endloop
  endfacet
  facet normal 0.672378 0.228248 0.704139
    outer loop
      vertex -8.04007 44.7423 5
      vertex -6.64207 45.56 3.4
      vertex -8.17796 45.1485 5
    endloop
  endfacet
  facet normal -0.228256 0.67237 0.704143
    outer loop
      vertex -3.74226 42.9599 5
      vertex -4.56001 44.3579 3.4
      vertex -4.14847 42.822 5
    endloop
  endfacet
  facet normal 0.154167 -0.693753 0.703519
    outer loop
      vertex -5.43079 49.2616 5
      vertex -5.22189 47.6855 3.4
      vertex -5.42944 49.2619 5
    endloop
  endfacet
  facet normal 0.138583 -0.696428 0.704119
    outer loop
      vertex -5.22189 47.6855 3.4
      vertex -5.43079 49.2616 5
      vertex -5.43999 47.6421 3.4
    endloop
  endfacet
  facet normal 0.468143 0.533894 0.70413
    outer loop
      vertex -6.20208 44.7979 3.4
      vertex -7.32539 43.6727 5
      vertex -6.03489 44.6513 3.4
    endloop
  endfacet
  facet normal 0.464756 0.537052 0.703972
    outer loop
      vertex -7.32539 43.6727 5
      vertex -6.20208 44.7979 3.4
      vertex -7.32643 43.6736 5
    endloop
  endfacet
  facet normal -0.697089 -0.134439 0.704268
    outer loop
      vertex -1.73835 46.4308 5
      vertex -3.31454 46.2219 3.4
      vertex -1.73808 46.4294 5
    endloop
  endfacet
  facet normal -0.696414 -0.138548 0.704139
    outer loop
      vertex -3.31454 46.2219 3.4
      vertex -1.73835 46.4308 5
      vertex -3.35793 46.44 3.4
    endloop
  endfacet
  facet normal 0.394458 0.590412 0.704143
    outer loop
      vertex -6.64618 43.1515 5
      vertex -6.03489 44.6513 3.4
      vertex -7.00286 43.3898 5
    endloop
  endfacet
  facet normal 0.0513092 -0.708067 0.704279
    outer loop
      vertex -5.22189 47.6855 3.4
      vertex -5.42806 49.262 5
      vertex -5.42944 49.2619 5
    endloop
  endfacet
  facet normal 0.0463031 -0.708565 0.704125
    outer loop
      vertex -5.42806 49.262 5
      vertex -5.22189 47.6855 3.4
      vertex -5 47.7 3.4
    endloop
  endfacet
  facet normal -0.0513092 0.708067 0.704279
    outer loop
      vertex -4.77811 44.3145 3.4
      vertex -4.57194 42.738 5
      vertex -4.57056 42.7381 5
    endloop
  endfacet
  facet normal -0.0463031 0.708565 0.704125
    outer loop
      vertex -4.57194 42.738 5
      vertex -4.77811 44.3145 3.4
      vertex -5 44.3 3.4
    endloop
  endfacet
  facet normal -0.138583 0.696428 0.704119
    outer loop
      vertex -4.77811 44.3145 3.4
      vertex -4.56921 42.7384 5
      vertex -4.56001 44.3579 3.4
    endloop
  endfacet
  facet normal -0.154167 0.693753 0.703519
    outer loop
      vertex -4.56921 42.7384 5
      vertex -4.77811 44.3145 3.4
      vertex -4.57056 42.7381 5
    endloop
  endfacet
  facet normal -0.980762 -0.195208 0
    outer loop
      vertex -3.31454 100.222 0
      vertex -3.35793 100.44 3.4
      vertex -3.35793 100.44 0
    endloop
  endfacet
  facet normal -0.980762 -0.195208 0
    outer loop
      vertex -3.35793 100.44 3.4
      vertex -3.31454 100.222 0
      vertex -3.31454 100.222 3.4
    endloop
  endfacet
  facet normal -0.997862 -0.0653555 0
    outer loop
      vertex -3.3 100 0
      vertex -3.31454 100.222 3.4
      vertex -3.31454 100.222 0
    endloop
  endfacet
  facet normal -0.997862 -0.0653555 0
    outer loop
      vertex -3.31454 100.222 3.4
      vertex -3.3 100 0
      vertex -3.3 100 3.4
    endloop
  endfacet
  facet normal -0.0652086 0.997872 0
    outer loop
      vertex -4.77811 98.3145 0
      vertex -5 98.3 3.4
      vertex -4.77811 98.3145 3.4
    endloop
  endfacet
  facet normal -0.0652086 0.997872 0
    outer loop
      vertex -5 98.3 3.4
      vertex -4.77811 98.3145 0
      vertex -5 98.3 0
    endloop
  endfacet
  facet normal 0.660306 -0.750997 0
    outer loop
      vertex -6.20208 101.202 0
      vertex -6.03489 101.349 3.4
      vertex -6.20208 101.202 3.4
    endloop
  endfacet
  facet normal 0.660306 -0.750997 0
    outer loop
      vertex -6.03489 101.349 3.4
      vertex -6.20208 101.202 0
      vertex -6.03489 101.349 0
    endloop
  endfacet
  facet normal 0.831483 0.555551 0
    outer loop
      vertex -6.3487 98.9651 3.4
      vertex -6.47224 99.15 0
      vertex -6.47224 99.15 3.4
    endloop
  endfacet
  facet normal 0.831483 0.555551 0
    outer loop
      vertex -6.47224 99.15 0
      vertex -6.3487 98.9651 3.4
      vertex -6.3487 98.9651 0
    endloop
  endfacet
  facet normal 0.195165 0.98077 -0
    outer loop
      vertex -5.22189 98.3145 0
      vertex -5.43999 98.3579 3.4
      vertex -5.22189 98.3145 3.4
    endloop
  endfacet
  facet normal 0.195165 0.98077 0
    outer loop
      vertex -5.43999 98.3579 3.4
      vertex -5.22189 98.3145 0
      vertex -5.43999 98.3579 0
    endloop
  endfacet
  facet normal -0.660306 -0.750997 0
    outer loop
      vertex -3.96511 101.349 0
      vertex -3.79792 101.202 3.4
      vertex -3.96511 101.349 3.4
    endloop
  endfacet
  facet normal -0.660306 -0.750997 -0
    outer loop
      vertex -3.79792 101.202 3.4
      vertex -3.96511 101.349 0
      vertex -3.79792 101.202 0
    endloop
  endfacet
  facet normal -0.946943 0.321403 0
    outer loop
      vertex -3.42941 99.3494 0
      vertex -3.35793 99.56 3.4
      vertex -3.35793 99.56 0
    endloop
  endfacet
  facet normal -0.946943 0.321403 0
    outer loop
      vertex -3.35793 99.56 3.4
      vertex -3.42941 99.3494 0
      vertex -3.42941 99.3494 3.4
    endloop
  endfacet
  facet normal -0.751863 0.659319 0
    outer loop
      vertex -3.79792 98.7979 0
      vertex -3.6513 98.9651 3.4
      vertex -3.6513 98.9651 0
    endloop
  endfacet
  facet normal -0.751863 0.659319 0
    outer loop
      vertex -3.6513 98.9651 3.4
      vertex -3.79792 98.7979 0
      vertex -3.79792 98.7979 3.4
    endloop
  endfacet
  facet normal -0.751472 -0.659765 0
    outer loop
      vertex -3.6513 101.035 0
      vertex -3.79792 101.202 3.4
      vertex -3.79792 101.202 0
    endloop
  endfacet
  facet normal -0.751472 -0.659765 0
    outer loop
      vertex -3.79792 101.202 3.4
      vertex -3.6513 101.035 0
      vertex -3.6513 101.035 3.4
    endloop
  endfacet
  facet normal 0.946943 0.321403 0
    outer loop
      vertex -6.57059 99.3494 3.4
      vertex -6.64207 99.56 0
      vertex -6.64207 99.56 3.4
    endloop
  endfacet
  facet normal 0.946943 0.321403 0
    outer loop
      vertex -6.64207 99.56 0
      vertex -6.57059 99.3494 3.4
      vertex -6.57059 99.3494 0
    endloop
  endfacet
  facet normal -0.321525 0.946901 0
    outer loop
      vertex -4.34944 98.4294 0
      vertex -4.56001 98.3579 3.4
      vertex -4.34944 98.4294 3.4
    endloop
  endfacet
  facet normal -0.321525 0.946901 0
    outer loop
      vertex -4.56001 98.3579 3.4
      vertex -4.34944 98.4294 0
      vertex -4.56001 98.3579 0
    endloop
  endfacet
  facet normal 0.0652086 0.997872 -0
    outer loop
      vertex -5 98.3 0
      vertex -5.22189 98.3145 3.4
      vertex -5 98.3 3.4
    endloop
  endfacet
  facet normal 0.0652086 0.997872 0
    outer loop
      vertex -5.22189 98.3145 3.4
      vertex -5 98.3 0
      vertex -5.22189 98.3145 0
    endloop
  endfacet
  facet normal 0.319506 -0.947584 0
    outer loop
      vertex -5.65056 101.571 0
      vertex -5.43999 101.642 3.4
      vertex -5.65056 101.571 3.4
    endloop
  endfacet
  facet normal 0.319506 -0.947584 0
    outer loop
      vertex -5.43999 101.642 3.4
      vertex -5.65056 101.571 0
      vertex -5.43999 101.642 0
    endloop
  endfacet
  facet normal -0.947128 -0.320856 0
    outer loop
      vertex -3.35793 100.44 0
      vertex -3.42941 100.651 3.4
      vertex -3.42941 100.651 0
    endloop
  endfacet
  facet normal -0.947128 -0.320856 0
    outer loop
      vertex -3.42941 100.651 3.4
      vertex -3.35793 100.44 0
      vertex -3.35793 100.44 3.4
    endloop
  endfacet
  facet normal 0.751472 -0.659765 0
    outer loop
      vertex -6.3487 101.035 3.4
      vertex -6.20208 101.202 0
      vertex -6.20208 101.202 3.4
    endloop
  endfacet
  facet normal 0.751472 -0.659765 0
    outer loop
      vertex -6.20208 101.202 0
      vertex -6.3487 101.035 3.4
      vertex -6.3487 101.035 0
    endloop
  endfacet
  facet normal 0.442459 0.896789 -0
    outer loop
      vertex -5.65056 98.4294 0
      vertex -5.85 98.5278 3.4
      vertex -5.65056 98.4294 3.4
    endloop
  endfacet
  facet normal 0.442459 0.896789 0
    outer loop
      vertex -5.85 98.5278 3.4
      vertex -5.65056 98.4294 0
      vertex -5.85 98.5278 0
    endloop
  endfacet
  facet normal 0.0674471 -0.997723 0
    outer loop
      vertex -5.22189 101.685 0
      vertex -5 101.7 3.4
      vertex -5.22189 101.685 3.4
    endloop
  endfacet
  facet normal 0.0674471 -0.997723 0
    outer loop
      vertex -5 101.7 3.4
      vertex -5.22189 101.685 0
      vertex -5 101.7 0
    endloop
  endfacet
  facet normal -0.896843 0.442349 0
    outer loop
      vertex -3.52776 99.15 0
      vertex -3.42941 99.3494 3.4
      vertex -3.42941 99.3494 0
    endloop
  endfacet
  facet normal -0.896843 0.442349 0
    outer loop
      vertex -3.42941 99.3494 3.4
      vertex -3.52776 99.15 0
      vertex -3.52776 99.15 3.4
    endloop
  endfacet
  facet normal -0.555447 0.831552 0
    outer loop
      vertex -3.96511 98.6513 0
      vertex -4.15 98.5278 3.4
      vertex -3.96511 98.6513 3.4
    endloop
  endfacet
  facet normal -0.555447 0.831552 0
    outer loop
      vertex -4.15 98.5278 3.4
      vertex -3.96511 98.6513 0
      vertex -4.15 98.5278 0
    endloop
  endfacet
  facet normal 0.980779 0.195122 0
    outer loop
      vertex -6.64207 99.56 3.4
      vertex -6.68546 99.7781 0
      vertex -6.68546 99.7781 3.4
    endloop
  endfacet
  facet normal 0.980779 0.195122 0
    outer loop
      vertex -6.68546 99.7781 0
      vertex -6.64207 99.56 3.4
      vertex -6.64207 99.56 0
    endloop
  endfacet
  facet normal -0.193434 -0.981113 0
    outer loop
      vertex -4.77811 101.685 0
      vertex -4.56001 101.642 3.4
      vertex -4.77811 101.685 3.4
    endloop
  endfacet
  facet normal -0.193434 -0.981113 -0
    outer loop
      vertex -4.56001 101.642 3.4
      vertex -4.77811 101.685 0
      vertex -4.56001 101.642 0
    endloop
  endfacet
  facet normal -0.831621 -0.555343 0
    outer loop
      vertex -3.52776 100.85 0
      vertex -3.6513 101.035 3.4
      vertex -3.6513 101.035 0
    endloop
  endfacet
  facet normal -0.831621 -0.555343 0
    outer loop
      vertex -3.6513 101.035 3.4
      vertex -3.52776 100.85 0
      vertex -3.52776 100.85 3.4
    endloop
  endfacet
  facet normal -0.99786 0.0653848 0
    outer loop
      vertex -3.31454 99.7781 0
      vertex -3.3 100 3.4
      vertex -3.3 100 0
    endloop
  endfacet
  facet normal -0.99786 0.0653848 0
    outer loop
      vertex -3.3 100 3.4
      vertex -3.31454 99.7781 0
      vertex -3.31454 99.7781 3.4
    endloop
  endfacet
  facet normal -0.319506 -0.947584 0
    outer loop
      vertex -4.56001 101.642 0
      vertex -4.34944 101.571 3.4
      vertex -4.56001 101.642 3.4
    endloop
  endfacet
  facet normal -0.319506 -0.947584 -0
    outer loop
      vertex -4.34944 101.571 3.4
      vertex -4.56001 101.642 0
      vertex -4.34944 101.571 0
    endloop
  endfacet
  facet normal -0.553889 -0.83259 0
    outer loop
      vertex -4.15 101.472 0
      vertex -3.96511 101.349 3.4
      vertex -4.15 101.472 3.4
    endloop
  endfacet
  facet normal -0.553889 -0.83259 -0
    outer loop
      vertex -3.96511 101.349 3.4
      vertex -4.15 101.472 0
      vertex -3.96511 101.349 0
    endloop
  endfacet
  facet normal 0.193434 -0.981113 0
    outer loop
      vertex -5.43999 101.642 0
      vertex -5.22189 101.685 3.4
      vertex -5.43999 101.642 3.4
    endloop
  endfacet
  facet normal 0.193434 -0.981113 0
    outer loop
      vertex -5.22189 101.685 3.4
      vertex -5.43999 101.642 0
      vertex -5.22189 101.685 0
    endloop
  endfacet
  facet normal -0.659291 0.751888 0
    outer loop
      vertex -3.79792 98.7979 0
      vertex -3.96511 98.6513 3.4
      vertex -3.79792 98.7979 3.4
    endloop
  endfacet
  facet normal -0.659291 0.751888 0
    outer loop
      vertex -3.96511 98.6513 3.4
      vertex -3.79792 98.7979 0
      vertex -3.96511 98.6513 0
    endloop
  endfacet
  facet normal 0.89649 -0.443064 0
    outer loop
      vertex -6.57059 100.651 3.4
      vertex -6.47224 100.85 0
      vertex -6.47224 100.85 3.4
    endloop
  endfacet
  facet normal 0.89649 -0.443064 0
    outer loop
      vertex -6.47224 100.85 0
      vertex -6.57059 100.651 3.4
      vertex -6.57059 100.651 0
    endloop
  endfacet
  facet normal -0.980779 0.195122 0
    outer loop
      vertex -3.35793 99.56 0
      vertex -3.31454 99.7781 3.4
      vertex -3.31454 99.7781 0
    endloop
  endfacet
  facet normal -0.980779 0.195122 0
    outer loop
      vertex -3.31454 99.7781 3.4
      vertex -3.35793 99.56 0
      vertex -3.35793 99.56 3.4
    endloop
  endfacet
  facet normal -0.195165 0.98077 0
    outer loop
      vertex -4.56001 98.3579 0
      vertex -4.77811 98.3145 3.4
      vertex -4.56001 98.3579 3.4
    endloop
  endfacet
  facet normal -0.195165 0.98077 0
    outer loop
      vertex -4.77811 98.3145 3.4
      vertex -4.56001 98.3579 0
      vertex -4.77811 98.3145 0
    endloop
  endfacet
  facet normal 0.659291 0.751888 -0
    outer loop
      vertex -6.03489 98.6513 0
      vertex -6.20208 98.7979 3.4
      vertex -6.03489 98.6513 3.4
    endloop
  endfacet
  facet normal 0.659291 0.751888 0
    outer loop
      vertex -6.20208 98.7979 3.4
      vertex -6.03489 98.6513 0
      vertex -6.20208 98.7979 0
    endloop
  endfacet
  facet normal 0.751863 0.659319 0
    outer loop
      vertex -6.20208 98.7979 3.4
      vertex -6.3487 98.9651 0
      vertex -6.3487 98.9651 3.4
    endloop
  endfacet
  facet normal 0.751863 0.659319 0
    outer loop
      vertex -6.3487 98.9651 0
      vertex -6.20208 98.7979 3.4
      vertex -6.20208 98.7979 0
    endloop
  endfacet
  facet normal -0.0674471 -0.997723 0
    outer loop
      vertex -5 101.7 0
      vertex -4.77811 101.685 3.4
      vertex -5 101.7 3.4
    endloop
  endfacet
  facet normal -0.0674471 -0.997723 -0
    outer loop
      vertex -4.77811 101.685 3.4
      vertex -5 101.7 0
      vertex -4.77811 101.685 0
    endloop
  endfacet
  facet normal -0.444625 -0.895717 0
    outer loop
      vertex -4.34944 101.571 0
      vertex -4.15 101.472 3.4
      vertex -4.34944 101.571 3.4
    endloop
  endfacet
  facet normal -0.444625 -0.895717 -0
    outer loop
      vertex -4.15 101.472 3.4
      vertex -4.34944 101.571 0
      vertex -4.15 101.472 0
    endloop
  endfacet
  facet normal -0.831483 0.555551 0
    outer loop
      vertex -3.6513 98.9651 0
      vertex -3.52776 99.15 3.4
      vertex -3.52776 99.15 0
    endloop
  endfacet
  facet normal -0.831483 0.555551 0
    outer loop
      vertex -3.52776 99.15 3.4
      vertex -3.6513 98.9651 0
      vertex -3.6513 98.9651 3.4
    endloop
  endfacet
  facet normal 0.99786 0.0653848 0
    outer loop
      vertex -6.68546 99.7781 3.4
      vertex -6.7 100 0
      vertex -6.7 100 3.4
    endloop
  endfacet
  facet normal 0.99786 0.0653848 0
    outer loop
      vertex -6.7 100 0
      vertex -6.68546 99.7781 3.4
      vertex -6.68546 99.7781 0
    endloop
  endfacet
  facet normal -0.442459 0.896789 0
    outer loop
      vertex -4.15 98.5278 0
      vertex -4.34944 98.4294 3.4
      vertex -4.15 98.5278 3.4
    endloop
  endfacet
  facet normal -0.442459 0.896789 0
    outer loop
      vertex -4.34944 98.4294 3.4
      vertex -4.15 98.5278 0
      vertex -4.34944 98.4294 0
    endloop
  endfacet
  facet normal 0.980762 -0.195208 0
    outer loop
      vertex -6.68546 100.222 3.4
      vertex -6.64207 100.44 0
      vertex -6.64207 100.44 3.4
    endloop
  endfacet
  facet normal 0.980762 -0.195208 0
    outer loop
      vertex -6.64207 100.44 0
      vertex -6.68546 100.222 3.4
      vertex -6.68546 100.222 0
    endloop
  endfacet
  facet normal 0.896843 0.442349 0
    outer loop
      vertex -6.47224 99.15 3.4
      vertex -6.57059 99.3494 0
      vertex -6.57059 99.3494 3.4
    endloop
  endfacet
  facet normal 0.896843 0.442349 0
    outer loop
      vertex -6.57059 99.3494 0
      vertex -6.47224 99.15 3.4
      vertex -6.47224 99.15 0
    endloop
  endfacet
  facet normal 0.947128 -0.320856 0
    outer loop
      vertex -6.64207 100.44 3.4
      vertex -6.57059 100.651 0
      vertex -6.57059 100.651 3.4
    endloop
  endfacet
  facet normal 0.947128 -0.320856 0
    outer loop
      vertex -6.57059 100.651 0
      vertex -6.64207 100.44 3.4
      vertex -6.64207 100.44 0
    endloop
  endfacet
  facet normal 0.553889 -0.83259 0
    outer loop
      vertex -6.03489 101.349 0
      vertex -5.85 101.472 3.4
      vertex -6.03489 101.349 3.4
    endloop
  endfacet
  facet normal 0.553889 -0.83259 0
    outer loop
      vertex -5.85 101.472 3.4
      vertex -6.03489 101.349 0
      vertex -5.85 101.472 0
    endloop
  endfacet
  facet normal -0.89649 -0.443064 0
    outer loop
      vertex -3.42941 100.651 0
      vertex -3.52776 100.85 3.4
      vertex -3.52776 100.85 0
    endloop
  endfacet
  facet normal -0.89649 -0.443064 0
    outer loop
      vertex -3.52776 100.85 3.4
      vertex -3.42941 100.651 0
      vertex -3.42941 100.651 3.4
    endloop
  endfacet
  facet normal 0.997862 -0.0653555 0
    outer loop
      vertex -6.7 100 3.4
      vertex -6.68546 100.222 0
      vertex -6.68546 100.222 3.4
    endloop
  endfacet
  facet normal 0.997862 -0.0653555 0
    outer loop
      vertex -6.68546 100.222 0
      vertex -6.7 100 3.4
      vertex -6.7 100 0
    endloop
  endfacet
  facet normal 0.321525 0.946901 -0
    outer loop
      vertex -5.43999 98.3579 0
      vertex -5.65056 98.4294 3.4
      vertex -5.43999 98.3579 3.4
    endloop
  endfacet
  facet normal 0.321525 0.946901 0
    outer loop
      vertex -5.65056 98.4294 3.4
      vertex -5.43999 98.3579 0
      vertex -5.65056 98.4294 0
    endloop
  endfacet
  facet normal 0.444625 -0.895717 0
    outer loop
      vertex -5.85 101.472 0
      vertex -5.65056 101.571 3.4
      vertex -5.85 101.472 3.4
    endloop
  endfacet
  facet normal 0.444625 -0.895717 0
    outer loop
      vertex -5.65056 101.571 3.4
      vertex -5.85 101.472 0
      vertex -5.65056 101.571 0
    endloop
  endfacet
  facet normal 0.831621 -0.555343 0
    outer loop
      vertex -6.47224 100.85 3.4
      vertex -6.3487 101.035 0
      vertex -6.3487 101.035 3.4
    endloop
  endfacet
  facet normal 0.831621 -0.555343 0
    outer loop
      vertex -6.3487 101.035 0
      vertex -6.47224 100.85 3.4
      vertex -6.47224 100.85 0
    endloop
  endfacet
  facet normal 0.555447 0.831552 -0
    outer loop
      vertex -5.85 98.5278 0
      vertex -6.03489 98.6513 3.4
      vertex -5.85 98.5278 3.4
    endloop
  endfacet
  facet normal 0.555447 0.831552 0
    outer loop
      vertex -6.03489 98.6513 3.4
      vertex -5.85 98.5278 0
      vertex -6.03489 98.6513 0
    endloop
  endfacet
  facet normal -0.708541 -0.046436 0.70414
    outer loop
      vertex -1.73799 100.428 5
      vertex -3.3 100 3.4
      vertex -1.70994 100 5
    endloop
  endfacet
  facet normal 0.636862 0.314012 0.704133
    outer loop
      vertex -7.84989 98.3562 5
      vertex -6.57059 99.3494 3.4
      vertex -8.03962 98.741 5
    endloop
  endfacet
  facet normal -0.524933 -0.477689 0.704457
    outer loop
      vertex -3.79792 101.202 3.4
      vertex -2.67266 102.325 5
      vertex -2.67357 102.326 5
    endloop
  endfacet
  facet normal -0.533614 -0.468494 0.704109
    outer loop
      vertex -2.67266 102.325 5
      vertex -3.79792 101.202 3.4
      vertex -3.6513 101.035 3.4
    endloop
  endfacet
  facet normal 0.138382 0.696447 0.704139
    outer loop
      vertex -5.43079 96.7384 5
      vertex -5.43999 98.3579 3.4
      vertex -5.85153 96.822 5
    endloop
  endfacet
  facet normal -0.464756 0.537052 0.703972
    outer loop
      vertex -3.79792 98.7979 3.4
      vertex -2.67461 97.6727 5
      vertex -2.67357 97.6736 5
    endloop
  endfacet
  facet normal -0.468143 0.533894 0.70413
    outer loop
      vertex -2.67461 97.6727 5
      vertex -3.79792 98.7979 3.4
      vertex -3.96511 98.6513 3.4
    endloop
  endfacet
  facet normal -0.468221 0.533811 0.704141
    outer loop
      vertex -2.67461 97.6727 5
      vertex -3.96511 98.6513 3.4
      vertex -2.99714 97.3898 5
    endloop
  endfacet
  facet normal 0.315654 -0.635899 0.70427
    outer loop
      vertex -6.64379 102.85 5
      vertex -5.85 101.472 3.4
      vertex -5.65056 101.571 3.4
    endloop
  endfacet
  facet normal 0.447935 -0.555439 0.700601
    outer loop
      vertex -5.85 101.472 3.4
      vertex -6.64379 102.85 5
      vertex -6.64503 102.849 5
    endloop
  endfacet
  facet normal 0.228399 -0.672304 0.704159
    outer loop
      vertex -6.25774 103.04 5
      vertex -5.43999 101.642 3.4
      vertex -5.85153 103.178 5
    endloop
  endfacet
  facet normal -0.138382 0.696447 0.704139
    outer loop
      vertex -4.14847 96.822 5
      vertex -4.56001 98.3579 3.4
      vertex -4.56921 96.7384 5
    endloop
  endfacet
  facet normal 0.314166 0.636761 0.704155
    outer loop
      vertex -5.85 98.5278 3.4
      vertex -6.64379 97.1501 5
      vertex -5.65056 98.4294 3.4
    endloop
  endfacet
  facet normal 0.309349 0.639321 0.703969
    outer loop
      vertex -6.64379 97.1501 5
      vertex -5.85 98.5278 3.4
      vertex -6.64503 97.1507 5
    endloop
  endfacet
  facet normal -0.533869 0.468157 0.704139
    outer loop
      vertex -3.79792 98.7979 3.4
      vertex -2.67266 97.6746 5
      vertex -3.6513 98.9651 3.4
    endloop
  endfacet
  facet normal -0.5249 0.477659 0.704502
    outer loop
      vertex -2.67266 97.6746 5
      vertex -3.79792 98.7979 3.4
      vertex -2.67357 97.6736 5
    endloop
  endfacet
  facet normal 0 -0.712207 0.701969
    outer loop
      vertex -4.77811 101.685 3.4
      vertex -4.56921 103.262 5
      vertex -4.57056 103.262 5
    endloop
  endfacet
  facet normal -0.137308 -0.69644 0.704356
    outer loop
      vertex -4.56921 103.262 5
      vertex -4.77811 101.685 3.4
      vertex -4.56001 101.642 3.4
    endloop
  endfacet
  facet normal -0.252982 0.662812 0.704755
    outer loop
      vertex -4.34944 98.4294 3.4
      vertex -3.74226 96.9599 5
      vertex -3.74095 96.9604 5
    endloop
  endfacet
  facet normal -0.2283 0.67235 0.704148
    outer loop
      vertex -3.74226 96.9599 5
      vertex -4.34944 98.4294 3.4
      vertex -4.56001 98.3579 3.4
    endloop
  endfacet
  facet normal 0.590559 -0.394252 0.704134
    outer loop
      vertex -7.84851 101.646 5
      vertex -6.3487 101.035 3.4
      vertex -7.61018 102.003 5
    endloop
  endfacet
  facet normal -0.491711 -0.511379 0.704778
    outer loop
      vertex -2.67461 102.327 5
      vertex -3.79792 101.202 3.4
      vertex -2.67357 102.326 5
    endloop
  endfacet
  facet normal -0.468866 -0.533263 0.704127
    outer loop
      vertex -3.79792 101.202 3.4
      vertex -2.67461 102.327 5
      vertex -3.96511 101.349 3.4
    endloop
  endfacet
  facet normal -0.139011 -0.696278 0.704182
    outer loop
      vertex -4.56921 103.262 5
      vertex -4.56001 101.642 3.4
      vertex -4.14847 103.178 5
    endloop
  endfacet
  facet normal 0.0463031 0.708565 0.704125
    outer loop
      vertex -5.22189 98.3145 3.4
      vertex -5.42806 96.738 5
      vertex -5 98.3 3.4
    endloop
  endfacet
  facet normal 0.0513092 0.708067 0.704279
    outer loop
      vertex -5.42806 96.738 5
      vertex -5.22189 98.3145 3.4
      vertex -5.42944 96.7381 5
    endloop
  endfacet
  facet normal -0.31401 0.636859 0.704136
    outer loop
      vertex -3.35621 97.1501 5
      vertex -4.34944 98.4294 3.4
      vertex -3.74095 96.9604 5
    endloop
  endfacet
  facet normal 0.395292 -0.589928 0.704081
    outer loop
      vertex -7.00286 102.61 5
      vertex -6.03489 101.349 3.4
      vertex -6.64618 102.849 5
    endloop
  endfacet
  facet normal -0.597305 0.38327 0.704508
    outer loop
      vertex -3.52776 99.15 3.4
      vertex -2.15149 98.3538 5
      vertex -2.15072 98.355 5
    endloop
  endfacet
  facet normal -0.5904 0.394473 0.704144
    outer loop
      vertex -2.15149 98.3538 5
      vertex -3.52776 99.15 3.4
      vertex -3.6513 98.9651 3.4
    endloop
  endfacet
  facet normal 0.468372 -0.533795 0.704053
    outer loop
      vertex -7.32539 102.327 5
      vertex -6.03489 101.349 3.4
      vertex -7.00286 102.61 5
    endloop
  endfacet
  facet normal -0.468372 -0.533795 0.704053
    outer loop
      vertex -2.99714 102.61 5
      vertex -3.96511 101.349 3.4
      vertex -2.67461 102.327 5
    endloop
  endfacet
  facet normal 0.647018 -0.291158 0.704695
    outer loop
      vertex -8.04007 101.258 5
      vertex -6.57059 100.651 3.4
      vertex -8.03962 101.259 5
    endloop
  endfacet
  facet normal 0.672542 -0.227836 0.704115
    outer loop
      vertex -6.57059 100.651 3.4
      vertex -8.04007 101.258 5
      vertex -6.64207 100.44 3.4
    endloop
  endfacet
  facet normal -0.708542 0.0464251 0.70414
    outer loop
      vertex -1.70994 100 5
      vertex -3.3 100 3.4
      vertex -1.73799 99.5719 5
    endloop
  endfacet
  facet normal -0.636957 -0.313896 0.704099
    outer loop
      vertex -2.15011 101.644 5
      vertex -3.42941 100.651 3.4
      vertex -1.96038 101.259 5
    endloop
  endfacet
  facet normal -0.636862 0.314012 0.704133
    outer loop
      vertex -1.96038 98.741 5
      vertex -3.42941 99.3494 3.4
      vertex -2.15011 98.3562 5
    endloop
  endfacet
  facet normal 0.226916 -0.672981 0.703993
    outer loop
      vertex -6.25774 103.04 5
      vertex -5.65056 101.571 3.4
      vertex -5.43999 101.642 3.4
    endloop
  endfacet
  facet normal 0 -0.736619 0.676308
    outer loop
      vertex -5.65056 101.571 3.4
      vertex -6.25774 103.04 5
      vertex -6.25905 103.04 5
    endloop
  endfacet
  facet normal -0.0463477 -0.708558 0.704129
    outer loop
      vertex -5 103.29 5
      vertex -5 101.7 3.4
      vertex -4.57194 103.262 5
    endloop
  endfacet
  facet normal 0.228256 0.67237 0.704143
    outer loop
      vertex -5.85153 96.822 5
      vertex -5.43999 98.3579 3.4
      vertex -6.25774 96.9599 5
    endloop
  endfacet
  facet normal -0.590399 0.394476 0.704143
    outer loop
      vertex -2.15149 98.3538 5
      vertex -3.6513 98.9651 3.4
      vertex -2.38982 97.9971 5
    endloop
  endfacet
  facet normal -0.228399 -0.672304 0.704159
    outer loop
      vertex -4.14847 103.178 5
      vertex -4.56001 101.642 3.4
      vertex -3.74226 103.04 5
    endloop
  endfacet
  facet normal -0.590559 -0.394252 0.704134
    outer loop
      vertex -2.38982 102.003 5
      vertex -3.6513 101.035 3.4
      vertex -2.15149 101.646 5
    endloop
  endfacet
  facet normal -0.53349 -0.46861 0.704126
    outer loop
      vertex -2.67266 102.325 5
      vertex -3.6513 101.035 3.4
      vertex -2.38982 102.003 5
    endloop
  endfacet
  facet normal 0.590399 0.394476 0.704143
    outer loop
      vertex -7.61018 97.9971 5
      vertex -6.3487 98.9651 3.4
      vertex -7.84851 98.3538 5
    endloop
  endfacet
  facet normal -0.0465115 0.70853 0.704146
    outer loop
      vertex -4.57194 96.738 5
      vertex -5 98.3 3.4
      vertex -5 96.7099 5
    endloop
  endfacet
  facet normal 0.53349 -0.46861 0.704126
    outer loop
      vertex -7.61018 102.003 5
      vertex -6.3487 101.035 3.4
      vertex -7.32734 102.325 5
    endloop
  endfacet
  facet normal 0.696399 -0.138609 0.704142
    outer loop
      vertex -8.26165 100.431 5
      vertex -6.68546 100.222 3.4
      vertex -6.64207 100.44 3.4
    endloop
  endfacet
  facet normal 0.702947 -0.0948979 0.704883
    outer loop
      vertex -6.68546 100.222 3.4
      vertex -8.26165 100.431 5
      vertex -8.26192 100.429 5
    endloop
  endfacet
  facet normal 0 -0.757951 0.652312
    outer loop
      vertex -6.64618 102.849 5
      vertex -5.85 101.472 3.4
      vertex -6.64503 102.849 5
    endloop
  endfacet
  facet normal 0.393195 -0.59104 0.704322
    outer loop
      vertex -5.85 101.472 3.4
      vertex -6.64618 102.849 5
      vertex -6.03489 101.349 3.4
    endloop
  endfacet
  facet normal 0.672392 0.228217 0.704135
    outer loop
      vertex -8.04007 98.7423 5
      vertex -6.57059 99.3494 3.4
      vertex -6.64207 99.56 3.4
    endloop
  endfacet
  facet normal 0.670879 0.232227 0.704267
    outer loop
      vertex -6.57059 99.3494 3.4
      vertex -8.04007 98.7423 5
      vertex -8.03962 98.741 5
    endloop
  endfacet
  facet normal -0.533837 0.468187 0.704144
    outer loop
      vertex -2.38982 97.9971 5
      vertex -3.6513 98.9651 3.4
      vertex -2.67266 97.6746 5
    endloop
  endfacet
  facet normal 0.468221 0.533811 0.704141
    outer loop
      vertex -7.00286 97.3898 5
      vertex -6.03489 98.6513 3.4
      vertex -7.32539 97.6727 5
    endloop
  endfacet
  facet normal 0.696415 0.138538 0.70414
    outer loop
      vertex -8.17796 99.1485 5
      vertex -6.64207 99.56 3.4
      vertex -8.26165 99.5692 5
    endloop
  endfacet
  facet normal -0.0478818 -0.708299 0.704287
    outer loop
      vertex -4.77811 101.685 3.4
      vertex -4.57194 103.262 5
      vertex -5 101.7 3.4
    endloop
  endfacet
  facet normal 0 -0.712207 0.701969
    outer loop
      vertex -4.57194 103.262 5
      vertex -4.77811 101.685 3.4
      vertex -4.57056 103.262 5
    endloop
  endfacet
  facet normal 0.524933 -0.477689 0.704457
    outer loop
      vertex -7.32734 102.325 5
      vertex -6.20208 101.202 3.4
      vertex -7.32643 102.326 5
    endloop
  endfacet
  facet normal 0.533614 -0.468494 0.704109
    outer loop
      vertex -6.20208 101.202 3.4
      vertex -7.32734 102.325 5
      vertex -6.3487 101.035 3.4
    endloop
  endfacet
  facet normal 0.468866 -0.533263 0.704127
    outer loop
      vertex -7.32539 102.327 5
      vertex -6.20208 101.202 3.4
      vertex -6.03489 101.349 3.4
    endloop
  endfacet
  facet normal 0.491711 -0.511379 0.704778
    outer loop
      vertex -6.20208 101.202 3.4
      vertex -7.32539 102.327 5
      vertex -7.32643 102.326 5
    endloop
  endfacet
  facet normal 0.708541 -0.046436 0.70414
    outer loop
      vertex -8.29006 100 5
      vertex -6.7 100 3.4
      vertex -8.26201 100.428 5
    endloop
  endfacet
  facet normal 0.696414 0.138548 0.704139
    outer loop
      vertex -6.68546 99.7781 3.4
      vertex -8.26165 99.5692 5
      vertex -6.64207 99.56 3.4
    endloop
  endfacet
  facet normal 0.697089 0.134439 0.704268
    outer loop
      vertex -8.26165 99.5692 5
      vertex -6.68546 99.7781 3.4
      vertex -8.26192 99.5706 5
    endloop
  endfacet
  facet normal -0.605627 -0.369432 0.704795
    outer loop
      vertex -3.52776 100.85 3.4
      vertex -2.15011 101.644 5
      vertex -2.15072 101.645 5
    endloop
  endfacet
  facet normal -0.636526 -0.314585 0.704181
    outer loop
      vertex -2.15011 101.644 5
      vertex -3.52776 100.85 3.4
      vertex -3.42941 100.651 3.4
    endloop
  endfacet
  facet normal 0.154167 0.693753 0.703519
    outer loop
      vertex -5.22189 98.3145 3.4
      vertex -5.43079 96.7384 5
      vertex -5.42944 96.7381 5
    endloop
  endfacet
  facet normal 0.138583 0.696428 0.704119
    outer loop
      vertex -5.43079 96.7384 5
      vertex -5.22189 98.3145 3.4
      vertex -5.43999 98.3579 3.4
    endloop
  endfacet
  facet normal -0.395292 -0.589928 0.704081
    outer loop
      vertex -3.35382 102.849 5
      vertex -3.96511 101.349 3.4
      vertex -2.99714 102.61 5
    endloop
  endfacet
  facet normal -0.647018 -0.291158 0.704695
    outer loop
      vertex -3.42941 100.651 3.4
      vertex -1.95993 101.258 5
      vertex -1.96038 101.259 5
    endloop
  endfacet
  facet normal -0.672542 -0.227836 0.704115
    outer loop
      vertex -1.95993 101.258 5
      vertex -3.42941 100.651 3.4
      vertex -3.35793 100.44 3.4
    endloop
  endfacet
  facet normal 0.636957 -0.313896 0.704099
    outer loop
      vertex -8.03962 101.259 5
      vertex -6.57059 100.651 3.4
      vertex -7.84989 101.644 5
    endloop
  endfacet
  facet normal 0.31401 0.636859 0.704136
    outer loop
      vertex -6.25905 96.9604 5
      vertex -5.65056 98.4294 3.4
      vertex -6.64379 97.1501 5
    endloop
  endfacet
  facet normal 0 -0.736619 0.676308
    outer loop
      vertex -3.74226 103.04 5
      vertex -4.34944 101.571 3.4
      vertex -3.74095 103.04 5
    endloop
  endfacet
  facet normal -0.226916 -0.672981 0.703993
    outer loop
      vertex -4.34944 101.571 3.4
      vertex -3.74226 103.04 5
      vertex -4.56001 101.642 3.4
    endloop
  endfacet
  facet normal 0.5904 0.394473 0.704144
    outer loop
      vertex -6.47224 99.15 3.4
      vertex -7.84851 98.3538 5
      vertex -6.3487 98.9651 3.4
    endloop
  endfacet
  facet normal 0.597305 0.38327 0.704508
    outer loop
      vertex -7.84851 98.3538 5
      vertex -6.47224 99.15 3.4
      vertex -7.84928 98.355 5
    endloop
  endfacet
  facet normal -0.447935 -0.555439 0.700601
    outer loop
      vertex -3.35621 102.85 5
      vertex -4.15 101.472 3.4
      vertex -3.35497 102.849 5
    endloop
  endfacet
  facet normal -0.315654 -0.635899 0.70427
    outer loop
      vertex -4.15 101.472 3.4
      vertex -3.35621 102.85 5
      vertex -4.34944 101.571 3.4
    endloop
  endfacet
  facet normal 0.394396 0.590445 0.70415
    outer loop
      vertex -6.64618 97.1515 5
      vertex -5.85 98.5278 3.4
      vertex -6.03489 98.6513 3.4
    endloop
  endfacet
  facet normal 0.405766 0.583289 0.703653
    outer loop
      vertex -5.85 98.5278 3.4
      vertex -6.64618 97.1515 5
      vertex -6.64503 97.1507 5
    endloop
  endfacet
  facet normal -0.314416 -0.636675 0.704122
    outer loop
      vertex -3.74095 103.04 5
      vertex -4.34944 101.571 3.4
      vertex -3.35621 102.85 5
    endloop
  endfacet
  facet normal -0.564463 -0.434636 0.701765
    outer loop
      vertex -2.15149 101.646 5
      vertex -3.52776 100.85 3.4
      vertex -2.15072 101.645 5
    endloop
  endfacet
  facet normal -0.590515 -0.394336 0.704125
    outer loop
      vertex -3.52776 100.85 3.4
      vertex -2.15149 101.646 5
      vertex -3.6513 101.035 3.4
    endloop
  endfacet
  facet normal 0.672313 -0.228338 0.704171
    outer loop
      vertex -8.17796 100.852 5
      vertex -6.64207 100.44 3.4
      vertex -8.04007 101.258 5
    endloop
  endfacet
  facet normal 0.533837 0.468187 0.704144
    outer loop
      vertex -7.32734 97.6746 5
      vertex -6.3487 98.9651 3.4
      vertex -7.61018 97.9971 5
    endloop
  endfacet
  facet normal 0.590515 -0.394336 0.704125
    outer loop
      vertex -7.84851 101.646 5
      vertex -6.47224 100.85 3.4
      vertex -6.3487 101.035 3.4
    endloop
  endfacet
  facet normal 0.564463 -0.434636 0.701765
    outer loop
      vertex -6.47224 100.85 3.4
      vertex -7.84851 101.646 5
      vertex -7.84928 101.645 5
    endloop
  endfacet
  facet normal -0.696415 0.138538 0.70414
    outer loop
      vertex -1.73835 99.5692 5
      vertex -3.35793 99.56 3.4
      vertex -1.82204 99.1485 5
    endloop
  endfacet
  facet normal -0.672378 0.228248 0.704139
    outer loop
      vertex -1.82204 99.1485 5
      vertex -3.35793 99.56 3.4
      vertex -1.95993 98.7423 5
    endloop
  endfacet
  facet normal 0.2283 0.67235 0.704148
    outer loop
      vertex -5.65056 98.4294 3.4
      vertex -6.25774 96.9599 5
      vertex -5.43999 98.3579 3.4
    endloop
  endfacet
  facet normal 0.252982 0.662812 0.704755
    outer loop
      vertex -6.25774 96.9599 5
      vertex -5.65056 98.4294 3.4
      vertex -6.25905 96.9604 5
    endloop
  endfacet
  facet normal -0.696415 -0.138439 0.704159
    outer loop
      vertex -1.82204 100.852 5
      vertex -3.35793 100.44 3.4
      vertex -1.73835 100.431 5
    endloop
  endfacet
  facet normal -0.672313 -0.228338 0.704171
    outer loop
      vertex -1.95993 101.258 5
      vertex -3.35793 100.44 3.4
      vertex -1.82204 100.852 5
    endloop
  endfacet
  facet normal 0.708541 0.0464272 0.70414
    outer loop
      vertex -8.26201 99.5719 5
      vertex -6.68546 99.7781 3.4
      vertex -6.7 100 3.4
    endloop
  endfacet
  facet normal 0.708284 0.049035 0.704223
    outer loop
      vertex -6.68546 99.7781 3.4
      vertex -8.26201 99.5719 5
      vertex -8.26192 99.5706 5
    endloop
  endfacet
  facet normal -0.706758 -0.0636083 0.70459
    outer loop
      vertex -3.31454 100.222 3.4
      vertex -1.73799 100.428 5
      vertex -1.73808 100.429 5
    endloop
  endfacet
  facet normal -0.708546 -0.0464066 0.704137
    outer loop
      vertex -1.73799 100.428 5
      vertex -3.31454 100.222 3.4
      vertex -3.3 100 3.4
    endloop
  endfacet
  facet normal -0.672392 0.228217 0.704135
    outer loop
      vertex -3.42941 99.3494 3.4
      vertex -1.95993 98.7423 5
      vertex -3.35793 99.56 3.4
    endloop
  endfacet
  facet normal -0.670879 0.232227 0.704267
    outer loop
      vertex -1.95993 98.7423 5
      vertex -3.42941 99.3494 3.4
      vertex -1.96038 98.741 5
    endloop
  endfacet
  facet normal 0.63681 0.314094 0.704143
    outer loop
      vertex -7.84989 98.3562 5
      vertex -6.47224 99.15 3.4
      vertex -6.57059 99.3494 3.4
    endloop
  endfacet
  facet normal 0.632749 0.321648 0.704394
    outer loop
      vertex -6.47224 99.15 3.4
      vertex -7.84989 98.3562 5
      vertex -7.84928 98.355 5
    endloop
  endfacet
  facet normal 0.139011 -0.696278 0.704182
    outer loop
      vertex -5.85153 103.178 5
      vertex -5.43999 101.642 3.4
      vertex -5.43079 103.262 5
    endloop
  endfacet
  facet normal -0.697089 0.134439 0.704268
    outer loop
      vertex -3.31454 99.7781 3.4
      vertex -1.73835 99.5692 5
      vertex -1.73808 99.5706 5
    endloop
  endfacet
  facet normal -0.696414 0.138548 0.704139
    outer loop
      vertex -1.73835 99.5692 5
      vertex -3.31454 99.7781 3.4
      vertex -3.35793 99.56 3.4
    endloop
  endfacet
  facet normal -0.708541 0.0464272 0.70414
    outer loop
      vertex -3.31454 99.7781 3.4
      vertex -1.73799 99.5719 5
      vertex -3.3 100 3.4
    endloop
  endfacet
  facet normal -0.708284 0.049035 0.704223
    outer loop
      vertex -1.73799 99.5719 5
      vertex -3.31454 99.7781 3.4
      vertex -1.73808 99.5706 5
    endloop
  endfacet
  facet normal 0.533869 0.468157 0.704139
    outer loop
      vertex -7.32734 97.6746 5
      vertex -6.20208 98.7979 3.4
      vertex -6.3487 98.9651 3.4
    endloop
  endfacet
  facet normal 0.5249 0.477659 0.704502
    outer loop
      vertex -6.20208 98.7979 3.4
      vertex -7.32734 97.6746 5
      vertex -7.32643 97.6736 5
    endloop
  endfacet
  facet normal 0.314416 -0.636675 0.704122
    outer loop
      vertex -6.64379 102.85 5
      vertex -5.65056 101.571 3.4
      vertex -6.25905 103.04 5
    endloop
  endfacet
  facet normal 0.696415 -0.138439 0.704159
    outer loop
      vertex -8.26165 100.431 5
      vertex -6.64207 100.44 3.4
      vertex -8.17796 100.852 5
    endloop
  endfacet
  facet normal 0.706758 -0.0636083 0.70459
    outer loop
      vertex -8.26201 100.428 5
      vertex -6.68546 100.222 3.4
      vertex -8.26192 100.429 5
    endloop
  endfacet
  facet normal 0.708546 -0.0464066 0.704137
    outer loop
      vertex -6.68546 100.222 3.4
      vertex -8.26201 100.428 5
      vertex -6.7 100 3.4
    endloop
  endfacet
  facet normal 0.708542 0.0464251 0.70414
    outer loop
      vertex -8.26201 99.5719 5
      vertex -6.7 100 3.4
      vertex -8.29006 100 5
    endloop
  endfacet
  facet normal 0.605627 -0.369432 0.704795
    outer loop
      vertex -7.84989 101.644 5
      vertex -6.47224 100.85 3.4
      vertex -7.84928 101.645 5
    endloop
  endfacet
  facet normal 0.636526 -0.314585 0.704181
    outer loop
      vertex -6.47224 100.85 3.4
      vertex -7.84989 101.644 5
      vertex -6.57059 100.651 3.4
    endloop
  endfacet
  facet normal 0 -0.757951 0.652312
    outer loop
      vertex -4.15 101.472 3.4
      vertex -3.35382 102.849 5
      vertex -3.35497 102.849 5
    endloop
  endfacet
  facet normal -0.393195 -0.59104 0.704322
    outer loop
      vertex -3.35382 102.849 5
      vertex -4.15 101.472 3.4
      vertex -3.96511 101.349 3.4
    endloop
  endfacet
  facet normal 0.0465115 0.70853 0.704146
    outer loop
      vertex -5 96.7099 5
      vertex -5 98.3 3.4
      vertex -5.42806 96.738 5
    endloop
  endfacet
  facet normal -0.63681 0.314094 0.704143
    outer loop
      vertex -3.52776 99.15 3.4
      vertex -2.15011 98.3562 5
      vertex -3.42941 99.3494 3.4
    endloop
  endfacet
  facet normal -0.632749 0.321648 0.704394
    outer loop
      vertex -2.15011 98.3562 5
      vertex -3.52776 99.15 3.4
      vertex -2.15072 98.355 5
    endloop
  endfacet
  facet normal 0.0463477 -0.708558 0.704129
    outer loop
      vertex -5.42806 103.262 5
      vertex -5 101.7 3.4
      vertex -5 103.29 5
    endloop
  endfacet
  facet normal -0.394458 0.590412 0.704143
    outer loop
      vertex -2.99714 97.3898 5
      vertex -3.96511 98.6513 3.4
      vertex -3.35382 97.1515 5
    endloop
  endfacet
  facet normal -0.394396 0.590445 0.70415
    outer loop
      vertex -4.15 98.5278 3.4
      vertex -3.35382 97.1515 5
      vertex -3.96511 98.6513 3.4
    endloop
  endfacet
  facet normal -0.405766 0.583289 0.703653
    outer loop
      vertex -3.35382 97.1515 5
      vertex -4.15 98.5278 3.4
      vertex -3.35497 97.1507 5
    endloop
  endfacet
  facet normal -0.309349 0.639321 0.703969
    outer loop
      vertex -4.15 98.5278 3.4
      vertex -3.35621 97.1501 5
      vertex -3.35497 97.1507 5
    endloop
  endfacet
  facet normal -0.314166 0.636761 0.704155
    outer loop
      vertex -3.35621 97.1501 5
      vertex -4.15 98.5278 3.4
      vertex -4.34944 98.4294 3.4
    endloop
  endfacet
  facet normal 0.672378 0.228248 0.704139
    outer loop
      vertex -8.04007 98.7423 5
      vertex -6.64207 99.56 3.4
      vertex -8.17796 99.1485 5
    endloop
  endfacet
  facet normal -0.228256 0.67237 0.704143
    outer loop
      vertex -3.74226 96.9599 5
      vertex -4.56001 98.3579 3.4
      vertex -4.14847 96.822 5
    endloop
  endfacet
  facet normal 0 -0.712207 0.701969
    outer loop
      vertex -5.43079 103.262 5
      vertex -5.22189 101.685 3.4
      vertex -5.42944 103.262 5
    endloop
  endfacet
  facet normal 0.137308 -0.69644 0.704356
    outer loop
      vertex -5.22189 101.685 3.4
      vertex -5.43079 103.262 5
      vertex -5.43999 101.642 3.4
    endloop
  endfacet
  facet normal 0.468143 0.533894 0.70413
    outer loop
      vertex -6.20208 98.7979 3.4
      vertex -7.32539 97.6727 5
      vertex -6.03489 98.6513 3.4
    endloop
  endfacet
  facet normal 0.464756 0.537052 0.703972
    outer loop
      vertex -7.32539 97.6727 5
      vertex -6.20208 98.7979 3.4
      vertex -7.32643 97.6736 5
    endloop
  endfacet
  facet normal -0.702947 -0.0948979 0.704883
    outer loop
      vertex -1.73835 100.431 5
      vertex -3.31454 100.222 3.4
      vertex -1.73808 100.429 5
    endloop
  endfacet
  facet normal -0.696399 -0.138609 0.704142
    outer loop
      vertex -3.31454 100.222 3.4
      vertex -1.73835 100.431 5
      vertex -3.35793 100.44 3.4
    endloop
  endfacet
  facet normal 0.394458 0.590412 0.704143
    outer loop
      vertex -6.64618 97.1515 5
      vertex -6.03489 98.6513 3.4
      vertex -7.00286 97.3898 5
    endloop
  endfacet
  facet normal 0 -0.712207 0.701969
    outer loop
      vertex -5.22189 101.685 3.4
      vertex -5.42806 103.262 5
      vertex -5.42944 103.262 5
    endloop
  endfacet
  facet normal 0.0478818 -0.708299 0.704287
    outer loop
      vertex -5.42806 103.262 5
      vertex -5.22189 101.685 3.4
      vertex -5 101.7 3.4
    endloop
  endfacet
  facet normal -0.0513092 0.708067 0.704279
    outer loop
      vertex -4.77811 98.3145 3.4
      vertex -4.57194 96.738 5
      vertex -4.57056 96.7381 5
    endloop
  endfacet
  facet normal -0.0463031 0.708565 0.704125
    outer loop
      vertex -4.57194 96.738 5
      vertex -4.77811 98.3145 3.4
      vertex -5 98.3 3.4
    endloop
  endfacet
  facet normal -0.138583 0.696428 0.704119
    outer loop
      vertex -4.77811 98.3145 3.4
      vertex -4.56921 96.7384 5
      vertex -4.56001 98.3579 3.4
    endloop
  endfacet
  facet normal -0.154167 0.693753 0.703519
    outer loop
      vertex -4.56921 96.7384 5
      vertex -4.77811 98.3145 3.4
      vertex -4.57056 96.7381 5
    endloop
  endfacet
  facet normal -0.980762 -0.195208 0
    outer loop
      vertex -3.31454 147.222 0
      vertex -3.35793 147.44 3.4
      vertex -3.35793 147.44 0
    endloop
  endfacet
  facet normal -0.980762 -0.195208 0
    outer loop
      vertex -3.35793 147.44 3.4
      vertex -3.31454 147.222 0
      vertex -3.31454 147.222 3.4
    endloop
  endfacet
  facet normal -0.997862 -0.0653555 0
    outer loop
      vertex -3.3 147 0
      vertex -3.31454 147.222 3.4
      vertex -3.31454 147.222 0
    endloop
  endfacet
  facet normal -0.997862 -0.0653555 0
    outer loop
      vertex -3.31454 147.222 3.4
      vertex -3.3 147 0
      vertex -3.3 147 3.4
    endloop
  endfacet
  facet normal -0.0674471 0.997723 0
    outer loop
      vertex -4.77811 145.315 0
      vertex -5 145.3 3.4
      vertex -4.77811 145.315 3.4
    endloop
  endfacet
  facet normal -0.0674471 0.997723 0
    outer loop
      vertex -5 145.3 3.4
      vertex -4.77811 145.315 0
      vertex -5 145.3 0
    endloop
  endfacet
  facet normal 0.660306 -0.750997 0
    outer loop
      vertex -6.20208 148.202 0
      vertex -6.03489 148.349 3.4
      vertex -6.20208 148.202 3.4
    endloop
  endfacet
  facet normal 0.660306 -0.750997 0
    outer loop
      vertex -6.03489 148.349 3.4
      vertex -6.20208 148.202 0
      vertex -6.03489 148.349 0
    endloop
  endfacet
  facet normal 0.831621 0.555343 0
    outer loop
      vertex -6.3487 145.965 3.4
      vertex -6.47224 146.15 0
      vertex -6.47224 146.15 3.4
    endloop
  endfacet
  facet normal 0.831621 0.555343 0
    outer loop
      vertex -6.47224 146.15 0
      vertex -6.3487 145.965 3.4
      vertex -6.3487 145.965 0
    endloop
  endfacet
  facet normal 0.193434 0.981113 -0
    outer loop
      vertex -5.22189 145.315 0
      vertex -5.43999 145.358 3.4
      vertex -5.22189 145.315 3.4
    endloop
  endfacet
  facet normal 0.193434 0.981113 0
    outer loop
      vertex -5.43999 145.358 3.4
      vertex -5.22189 145.315 0
      vertex -5.43999 145.358 0
    endloop
  endfacet
  facet normal -0.660306 -0.750997 0
    outer loop
      vertex -3.96511 148.349 0
      vertex -3.79792 148.202 3.4
      vertex -3.96511 148.349 3.4
    endloop
  endfacet
  facet normal -0.660306 -0.750997 -0
    outer loop
      vertex -3.79792 148.202 3.4
      vertex -3.96511 148.349 0
      vertex -3.79792 148.202 0
    endloop
  endfacet
  facet normal -0.947128 0.320856 0
    outer loop
      vertex -3.42941 146.349 0
      vertex -3.35793 146.56 3.4
      vertex -3.35793 146.56 0
    endloop
  endfacet
  facet normal -0.947128 0.320856 0
    outer loop
      vertex -3.35793 146.56 3.4
      vertex -3.42941 146.349 0
      vertex -3.42941 146.349 3.4
    endloop
  endfacet
  facet normal -0.751472 0.659765 0
    outer loop
      vertex -3.79792 145.798 0
      vertex -3.6513 145.965 3.4
      vertex -3.6513 145.965 0
    endloop
  endfacet
  facet normal -0.751472 0.659765 0
    outer loop
      vertex -3.6513 145.965 3.4
      vertex -3.79792 145.798 0
      vertex -3.79792 145.798 3.4
    endloop
  endfacet
  facet normal -0.751472 -0.659765 0
    outer loop
      vertex -3.6513 148.035 0
      vertex -3.79792 148.202 3.4
      vertex -3.79792 148.202 0
    endloop
  endfacet
  facet normal -0.751472 -0.659765 0
    outer loop
      vertex -3.79792 148.202 3.4
      vertex -3.6513 148.035 0
      vertex -3.6513 148.035 3.4
    endloop
  endfacet
  facet normal 0.947128 0.320856 0
    outer loop
      vertex -6.57059 146.349 3.4
      vertex -6.64207 146.56 0
      vertex -6.64207 146.56 3.4
    endloop
  endfacet
  facet normal 0.947128 0.320856 0
    outer loop
      vertex -6.64207 146.56 0
      vertex -6.57059 146.349 3.4
      vertex -6.57059 146.349 0
    endloop
  endfacet
  facet normal -0.319506 0.947584 0
    outer loop
      vertex -4.34944 145.429 0
      vertex -4.56001 145.358 3.4
      vertex -4.34944 145.429 3.4
    endloop
  endfacet
  facet normal -0.319506 0.947584 0
    outer loop
      vertex -4.56001 145.358 3.4
      vertex -4.34944 145.429 0
      vertex -4.56001 145.358 0
    endloop
  endfacet
  facet normal 0.0674471 0.997723 -0
    outer loop
      vertex -5 145.3 0
      vertex -5.22189 145.315 3.4
      vertex -5 145.3 3.4
    endloop
  endfacet
  facet normal 0.0674471 0.997723 0
    outer loop
      vertex -5.22189 145.315 3.4
      vertex -5 145.3 0
      vertex -5.22189 145.315 0
    endloop
  endfacet
  facet normal 0.319506 -0.947584 0
    outer loop
      vertex -5.65056 148.571 0
      vertex -5.43999 148.642 3.4
      vertex -5.65056 148.571 3.4
    endloop
  endfacet
  facet normal 0.319506 -0.947584 0
    outer loop
      vertex -5.43999 148.642 3.4
      vertex -5.65056 148.571 0
      vertex -5.43999 148.642 0
    endloop
  endfacet
  facet normal -0.947128 -0.320856 0
    outer loop
      vertex -3.35793 147.44 0
      vertex -3.42941 147.651 3.4
      vertex -3.42941 147.651 0
    endloop
  endfacet
  facet normal -0.947128 -0.320856 0
    outer loop
      vertex -3.42941 147.651 3.4
      vertex -3.35793 147.44 0
      vertex -3.35793 147.44 3.4
    endloop
  endfacet
  facet normal 0.751472 -0.659765 0
    outer loop
      vertex -6.3487 148.035 3.4
      vertex -6.20208 148.202 0
      vertex -6.20208 148.202 3.4
    endloop
  endfacet
  facet normal 0.751472 -0.659765 0
    outer loop
      vertex -6.20208 148.202 0
      vertex -6.3487 148.035 3.4
      vertex -6.3487 148.035 0
    endloop
  endfacet
  facet normal 0.444625 0.895717 -0
    outer loop
      vertex -5.65056 145.429 0
      vertex -5.85 145.528 3.4
      vertex -5.65056 145.429 3.4
    endloop
  endfacet
  facet normal 0.444625 0.895717 0
    outer loop
      vertex -5.85 145.528 3.4
      vertex -5.65056 145.429 0
      vertex -5.85 145.528 0
    endloop
  endfacet
  facet normal 0.0674471 -0.997723 0
    outer loop
      vertex -5.22189 148.685 0
      vertex -5 148.7 3.4
      vertex -5.22189 148.685 3.4
    endloop
  endfacet
  facet normal 0.0674471 -0.997723 0
    outer loop
      vertex -5 148.7 3.4
      vertex -5.22189 148.685 0
      vertex -5 148.7 0
    endloop
  endfacet
  facet normal -0.89649 0.443064 0
    outer loop
      vertex -3.52776 146.15 0
      vertex -3.42941 146.349 3.4
      vertex -3.42941 146.349 0
    endloop
  endfacet
  facet normal -0.89649 0.443064 0
    outer loop
      vertex -3.42941 146.349 3.4
      vertex -3.52776 146.15 0
      vertex -3.52776 146.15 3.4
    endloop
  endfacet
  facet normal -0.553889 0.83259 0
    outer loop
      vertex -3.96511 145.651 0
      vertex -4.15 145.528 3.4
      vertex -3.96511 145.651 3.4
    endloop
  endfacet
  facet normal -0.553889 0.83259 0
    outer loop
      vertex -4.15 145.528 3.4
      vertex -3.96511 145.651 0
      vertex -4.15 145.528 0
    endloop
  endfacet
  facet normal 0.980762 0.195208 0
    outer loop
      vertex -6.64207 146.56 3.4
      vertex -6.68546 146.778 0
      vertex -6.68546 146.778 3.4
    endloop
  endfacet
  facet normal 0.980762 0.195208 0
    outer loop
      vertex -6.68546 146.778 0
      vertex -6.64207 146.56 3.4
      vertex -6.64207 146.56 0
    endloop
  endfacet
  facet normal -0.193434 -0.981113 0
    outer loop
      vertex -4.77811 148.685 0
      vertex -4.56001 148.642 3.4
      vertex -4.77811 148.685 3.4
    endloop
  endfacet
  facet normal -0.193434 -0.981113 -0
    outer loop
      vertex -4.56001 148.642 3.4
      vertex -4.77811 148.685 0
      vertex -4.56001 148.642 0
    endloop
  endfacet
  facet normal -0.831621 -0.555343 0
    outer loop
      vertex -3.52776 147.85 0
      vertex -3.6513 148.035 3.4
      vertex -3.6513 148.035 0
    endloop
  endfacet
  facet normal -0.831621 -0.555343 0
    outer loop
      vertex -3.6513 148.035 3.4
      vertex -3.52776 147.85 0
      vertex -3.52776 147.85 3.4
    endloop
  endfacet
  facet normal -0.997862 0.0653555 0
    outer loop
      vertex -3.31454 146.778 0
      vertex -3.3 147 3.4
      vertex -3.3 147 0
    endloop
  endfacet
  facet normal -0.997862 0.0653555 0
    outer loop
      vertex -3.3 147 3.4
      vertex -3.31454 146.778 0
      vertex -3.31454 146.778 3.4
    endloop
  endfacet
  facet normal -0.319506 -0.947584 0
    outer loop
      vertex -4.56001 148.642 0
      vertex -4.34944 148.571 3.4
      vertex -4.56001 148.642 3.4
    endloop
  endfacet
  facet normal -0.319506 -0.947584 -0
    outer loop
      vertex -4.34944 148.571 3.4
      vertex -4.56001 148.642 0
      vertex -4.34944 148.571 0
    endloop
  endfacet
  facet normal -0.553889 -0.83259 0
    outer loop
      vertex -4.15 148.472 0
      vertex -3.96511 148.349 3.4
      vertex -4.15 148.472 3.4
    endloop
  endfacet
  facet normal -0.553889 -0.83259 -0
    outer loop
      vertex -3.96511 148.349 3.4
      vertex -4.15 148.472 0
      vertex -3.96511 148.349 0
    endloop
  endfacet
  facet normal 0.193434 -0.981113 0
    outer loop
      vertex -5.43999 148.642 0
      vertex -5.22189 148.685 3.4
      vertex -5.43999 148.642 3.4
    endloop
  endfacet
  facet normal 0.193434 -0.981113 0
    outer loop
      vertex -5.22189 148.685 3.4
      vertex -5.43999 148.642 0
      vertex -5.22189 148.685 0
    endloop
  endfacet
  facet normal -0.660306 0.750997 0
    outer loop
      vertex -3.79792 145.798 0
      vertex -3.96511 145.651 3.4
      vertex -3.79792 145.798 3.4
    endloop
  endfacet
  facet normal -0.660306 0.750997 0
    outer loop
      vertex -3.96511 145.651 3.4
      vertex -3.79792 145.798 0
      vertex -3.96511 145.651 0
    endloop
  endfacet
  facet normal 0.89649 -0.443064 0
    outer loop
      vertex -6.57059 147.651 3.4
      vertex -6.47224 147.85 0
      vertex -6.47224 147.85 3.4
    endloop
  endfacet
  facet normal 0.89649 -0.443064 0
    outer loop
      vertex -6.47224 147.85 0
      vertex -6.57059 147.651 3.4
      vertex -6.57059 147.651 0
    endloop
  endfacet
  facet normal -0.980762 0.195208 0
    outer loop
      vertex -3.35793 146.56 0
      vertex -3.31454 146.778 3.4
      vertex -3.31454 146.778 0
    endloop
  endfacet
  facet normal -0.980762 0.195208 0
    outer loop
      vertex -3.31454 146.778 3.4
      vertex -3.35793 146.56 0
      vertex -3.35793 146.56 3.4
    endloop
  endfacet
  facet normal -0.193434 0.981113 0
    outer loop
      vertex -4.56001 145.358 0
      vertex -4.77811 145.315 3.4
      vertex -4.56001 145.358 3.4
    endloop
  endfacet
  facet normal -0.193434 0.981113 0
    outer loop
      vertex -4.77811 145.315 3.4
      vertex -4.56001 145.358 0
      vertex -4.77811 145.315 0
    endloop
  endfacet
  facet normal 0.660306 0.750997 -0
    outer loop
      vertex -6.03489 145.651 0
      vertex -6.20208 145.798 3.4
      vertex -6.03489 145.651 3.4
    endloop
  endfacet
  facet normal 0.660306 0.750997 0
    outer loop
      vertex -6.20208 145.798 3.4
      vertex -6.03489 145.651 0
      vertex -6.20208 145.798 0
    endloop
  endfacet
  facet normal 0.751472 0.659765 0
    outer loop
      vertex -6.20208 145.798 3.4
      vertex -6.3487 145.965 0
      vertex -6.3487 145.965 3.4
    endloop
  endfacet
  facet normal 0.751472 0.659765 0
    outer loop
      vertex -6.3487 145.965 0
      vertex -6.20208 145.798 3.4
      vertex -6.20208 145.798 0
    endloop
  endfacet
  facet normal -0.0674471 -0.997723 0
    outer loop
      vertex -5 148.7 0
      vertex -4.77811 148.685 3.4
      vertex -5 148.7 3.4
    endloop
  endfacet
  facet normal -0.0674471 -0.997723 -0
    outer loop
      vertex -4.77811 148.685 3.4
      vertex -5 148.7 0
      vertex -4.77811 148.685 0
    endloop
  endfacet
  facet normal -0.444625 -0.895717 0
    outer loop
      vertex -4.34944 148.571 0
      vertex -4.15 148.472 3.4
      vertex -4.34944 148.571 3.4
    endloop
  endfacet
  facet normal -0.444625 -0.895717 -0
    outer loop
      vertex -4.15 148.472 3.4
      vertex -4.34944 148.571 0
      vertex -4.15 148.472 0
    endloop
  endfacet
  facet normal -0.831621 0.555343 0
    outer loop
      vertex -3.6513 145.965 0
      vertex -3.52776 146.15 3.4
      vertex -3.52776 146.15 0
    endloop
  endfacet
  facet normal -0.831621 0.555343 0
    outer loop
      vertex -3.52776 146.15 3.4
      vertex -3.6513 145.965 0
      vertex -3.6513 145.965 3.4
    endloop
  endfacet
  facet normal 0.997862 0.0653555 0
    outer loop
      vertex -6.68546 146.778 3.4
      vertex -6.7 147 0
      vertex -6.7 147 3.4
    endloop
  endfacet
  facet normal 0.997862 0.0653555 0
    outer loop
      vertex -6.7 147 0
      vertex -6.68546 146.778 3.4
      vertex -6.68546 146.778 0
    endloop
  endfacet
  facet normal -0.444625 0.895717 0
    outer loop
      vertex -4.15 145.528 0
      vertex -4.34944 145.429 3.4
      vertex -4.15 145.528 3.4
    endloop
  endfacet
  facet normal -0.444625 0.895717 0
    outer loop
      vertex -4.34944 145.429 3.4
      vertex -4.15 145.528 0
      vertex -4.34944 145.429 0
    endloop
  endfacet
  facet normal 0.980762 -0.195208 0
    outer loop
      vertex -6.68546 147.222 3.4
      vertex -6.64207 147.44 0
      vertex -6.64207 147.44 3.4
    endloop
  endfacet
  facet normal 0.980762 -0.195208 0
    outer loop
      vertex -6.64207 147.44 0
      vertex -6.68546 147.222 3.4
      vertex -6.68546 147.222 0
    endloop
  endfacet
  facet normal 0.89649 0.443064 0
    outer loop
      vertex -6.47224 146.15 3.4
      vertex -6.57059 146.349 0
      vertex -6.57059 146.349 3.4
    endloop
  endfacet
  facet normal 0.89649 0.443064 0
    outer loop
      vertex -6.57059 146.349 0
      vertex -6.47224 146.15 3.4
      vertex -6.47224 146.15 0
    endloop
  endfacet
  facet normal 0.947128 -0.320856 0
    outer loop
      vertex -6.64207 147.44 3.4
      vertex -6.57059 147.651 0
      vertex -6.57059 147.651 3.4
    endloop
  endfacet
  facet normal 0.947128 -0.320856 0
    outer loop
      vertex -6.57059 147.651 0
      vertex -6.64207 147.44 3.4
      vertex -6.64207 147.44 0
    endloop
  endfacet
  facet normal 0.553889 -0.83259 0
    outer loop
      vertex -6.03489 148.349 0
      vertex -5.85 148.472 3.4
      vertex -6.03489 148.349 3.4
    endloop
  endfacet
  facet normal 0.553889 -0.83259 0
    outer loop
      vertex -5.85 148.472 3.4
      vertex -6.03489 148.349 0
      vertex -5.85 148.472 0
    endloop
  endfacet
  facet normal -0.89649 -0.443064 0
    outer loop
      vertex -3.42941 147.651 0
      vertex -3.52776 147.85 3.4
      vertex -3.52776 147.85 0
    endloop
  endfacet
  facet normal -0.89649 -0.443064 0
    outer loop
      vertex -3.52776 147.85 3.4
      vertex -3.42941 147.651 0
      vertex -3.42941 147.651 3.4
    endloop
  endfacet
  facet normal 0.997862 -0.0653555 0
    outer loop
      vertex -6.7 147 3.4
      vertex -6.68546 147.222 0
      vertex -6.68546 147.222 3.4
    endloop
  endfacet
  facet normal 0.997862 -0.0653555 0
    outer loop
      vertex -6.68546 147.222 0
      vertex -6.7 147 3.4
      vertex -6.7 147 0
    endloop
  endfacet
  facet normal 0.319506 0.947584 -0
    outer loop
      vertex -5.43999 145.358 0
      vertex -5.65056 145.429 3.4
      vertex -5.43999 145.358 3.4
    endloop
  endfacet
  facet normal 0.319506 0.947584 0
    outer loop
      vertex -5.65056 145.429 3.4
      vertex -5.43999 145.358 0
      vertex -5.65056 145.429 0
    endloop
  endfacet
  facet normal 0.444625 -0.895717 0
    outer loop
      vertex -5.85 148.472 0
      vertex -5.65056 148.571 3.4
      vertex -5.85 148.472 3.4
    endloop
  endfacet
  facet normal 0.444625 -0.895717 0
    outer loop
      vertex -5.65056 148.571 3.4
      vertex -5.85 148.472 0
      vertex -5.65056 148.571 0
    endloop
  endfacet
  facet normal 0.831621 -0.555343 0
    outer loop
      vertex -6.47224 147.85 3.4
      vertex -6.3487 148.035 0
      vertex -6.3487 148.035 3.4
    endloop
  endfacet
  facet normal 0.831621 -0.555343 0
    outer loop
      vertex -6.3487 148.035 0
      vertex -6.47224 147.85 3.4
      vertex -6.47224 147.85 0
    endloop
  endfacet
  facet normal 0.553889 0.83259 -0
    outer loop
      vertex -5.85 145.528 0
      vertex -6.03489 145.651 3.4
      vertex -5.85 145.528 3.4
    endloop
  endfacet
  facet normal 0.553889 0.83259 0
    outer loop
      vertex -6.03489 145.651 3.4
      vertex -5.85 145.528 0
      vertex -6.03489 145.651 0
    endloop
  endfacet
  facet normal -0.708541 -0.046436 0.70414
    outer loop
      vertex -1.73799 147.428 5
      vertex -3.3 147 3.4
      vertex -1.70994 147 5
    endloop
  endfacet
  facet normal 0.636957 0.313896 0.704099
    outer loop
      vertex -7.84989 145.356 5
      vertex -6.57059 146.349 3.4
      vertex -8.03962 145.741 5
    endloop
  endfacet
  facet normal -0.524933 -0.477689 0.704457
    outer loop
      vertex -3.79792 148.202 3.4
      vertex -2.67266 149.325 5
      vertex -2.67357 149.326 5
    endloop
  endfacet
  facet normal -0.533614 -0.468494 0.704109
    outer loop
      vertex -2.67266 149.325 5
      vertex -3.79792 148.202 3.4
      vertex -3.6513 148.035 3.4
    endloop
  endfacet
  facet normal 0.139011 0.696278 0.704182
    outer loop
      vertex -5.43079 143.738 5
      vertex -5.43999 145.358 3.4
      vertex -5.85153 143.822 5
    endloop
  endfacet
  facet normal -0.491711 0.511379 0.704778
    outer loop
      vertex -3.79792 145.798 3.4
      vertex -2.67461 144.673 5
      vertex -2.67357 144.674 5
    endloop
  endfacet
  facet normal -0.468866 0.533263 0.704127
    outer loop
      vertex -2.67461 144.673 5
      vertex -3.79792 145.798 3.4
      vertex -3.96511 145.651 3.4
    endloop
  endfacet
  facet normal -0.468372 0.533795 0.704053
    outer loop
      vertex -2.67461 144.673 5
      vertex -3.96511 145.651 3.4
      vertex -2.99714 144.39 5
    endloop
  endfacet
  facet normal 0.315654 -0.635899 0.70427
    outer loop
      vertex -6.64379 149.85 5
      vertex -5.85 148.472 3.4
      vertex -5.65056 148.571 3.4
    endloop
  endfacet
  facet normal 0.447935 -0.555439 0.700601
    outer loop
      vertex -5.85 148.472 3.4
      vertex -6.64379 149.85 5
      vertex -6.64503 149.849 5
    endloop
  endfacet
  facet normal 0.228399 -0.672304 0.704159
    outer loop
      vertex -6.25774 150.04 5
      vertex -5.43999 148.642 3.4
      vertex -5.85153 150.178 5
    endloop
  endfacet
  facet normal -0.139011 0.696278 0.704182
    outer loop
      vertex -4.14847 143.822 5
      vertex -4.56001 145.358 3.4
      vertex -4.56921 143.738 5
    endloop
  endfacet
  facet normal 0.315654 0.635899 0.70427
    outer loop
      vertex -5.85 145.528 3.4
      vertex -6.64379 144.15 5
      vertex -5.65056 145.429 3.4
    endloop
  endfacet
  facet normal 0.447935 0.555439 0.700601
    outer loop
      vertex -6.64379 144.15 5
      vertex -5.85 145.528 3.4
      vertex -6.64503 144.151 5
    endloop
  endfacet
  facet normal -0.533614 0.468494 0.704109
    outer loop
      vertex -3.79792 145.798 3.4
      vertex -2.67266 144.675 5
      vertex -3.6513 145.965 3.4
    endloop
  endfacet
  facet normal -0.524933 0.477689 0.704457
    outer loop
      vertex -2.67266 144.675 5
      vertex -3.79792 145.798 3.4
      vertex -2.67357 144.674 5
    endloop
  endfacet
  facet normal 0 -0.712207 0.701969
    outer loop
      vertex -4.77811 148.685 3.4
      vertex -4.56921 150.262 5
      vertex -4.57056 150.262 5
    endloop
  endfacet
  facet normal -0.137308 -0.69644 0.704356
    outer loop
      vertex -4.56921 150.262 5
      vertex -4.77811 148.685 3.4
      vertex -4.56001 148.642 3.4
    endloop
  endfacet
  facet normal 0 0.736619 0.676308
    outer loop
      vertex -4.34944 145.429 3.4
      vertex -3.74226 143.96 5
      vertex -3.74095 143.96 5
    endloop
  endfacet
  facet normal -0.226916 0.672981 0.703993
    outer loop
      vertex -3.74226 143.96 5
      vertex -4.34944 145.429 3.4
      vertex -4.56001 145.358 3.4
    endloop
  endfacet
  facet normal 0.590559 -0.394252 0.704134
    outer loop
      vertex -7.84851 148.646 5
      vertex -6.3487 148.035 3.4
      vertex -7.61018 149.003 5
    endloop
  endfacet
  facet normal -0.491711 -0.511379 0.704778
    outer loop
      vertex -2.67461 149.327 5
      vertex -3.79792 148.202 3.4
      vertex -2.67357 149.326 5
    endloop
  endfacet
  facet normal -0.468866 -0.533263 0.704127
    outer loop
      vertex -3.79792 148.202 3.4
      vertex -2.67461 149.327 5
      vertex -3.96511 148.349 3.4
    endloop
  endfacet
  facet normal -0.139011 -0.696278 0.704182
    outer loop
      vertex -4.56921 150.262 5
      vertex -4.56001 148.642 3.4
      vertex -4.14847 150.178 5
    endloop
  endfacet
  facet normal 0.0478818 0.708299 0.704287
    outer loop
      vertex -5.22189 145.315 3.4
      vertex -5.42806 143.738 5
      vertex -5 145.3 3.4
    endloop
  endfacet
  facet normal 0 0.712207 0.701969
    outer loop
      vertex -5.42806 143.738 5
      vertex -5.22189 145.315 3.4
      vertex -5.42944 143.738 5
    endloop
  endfacet
  facet normal -0.314416 0.636675 0.704122
    outer loop
      vertex -3.35621 144.15 5
      vertex -4.34944 145.429 3.4
      vertex -3.74095 143.96 5
    endloop
  endfacet
  facet normal 0.395292 -0.589928 0.704081
    outer loop
      vertex -7.00286 149.61 5
      vertex -6.03489 148.349 3.4
      vertex -6.64618 149.849 5
    endloop
  endfacet
  facet normal -0.564463 0.434636 0.701765
    outer loop
      vertex -3.52776 146.15 3.4
      vertex -2.15149 145.354 5
      vertex -2.15072 145.355 5
    endloop
  endfacet
  facet normal -0.590515 0.394336 0.704125
    outer loop
      vertex -2.15149 145.354 5
      vertex -3.52776 146.15 3.4
      vertex -3.6513 145.965 3.4
    endloop
  endfacet
  facet normal 0.468372 -0.533795 0.704053
    outer loop
      vertex -7.32539 149.327 5
      vertex -6.03489 148.349 3.4
      vertex -7.00286 149.61 5
    endloop
  endfacet
  facet normal -0.468372 -0.533795 0.704053
    outer loop
      vertex -2.99714 149.61 5
      vertex -3.96511 148.349 3.4
      vertex -2.67461 149.327 5
    endloop
  endfacet
  facet normal 0.647018 -0.291158 0.704695
    outer loop
      vertex -8.04007 148.258 5
      vertex -6.57059 147.651 3.4
      vertex -8.03962 148.259 5
    endloop
  endfacet
  facet normal 0.672542 -0.227836 0.704115
    outer loop
      vertex -6.57059 147.651 3.4
      vertex -8.04007 148.258 5
      vertex -6.64207 147.44 3.4
    endloop
  endfacet
  facet normal -0.708541 0.046436 0.70414
    outer loop
      vertex -1.70994 147 5
      vertex -3.3 147 3.4
      vertex -1.73799 146.572 5
    endloop
  endfacet
  facet normal -0.636957 -0.313896 0.704099
    outer loop
      vertex -2.15011 148.644 5
      vertex -3.42941 147.651 3.4
      vertex -1.96038 148.259 5
    endloop
  endfacet
  facet normal -0.636957 0.313896 0.704099
    outer loop
      vertex -1.96038 145.741 5
      vertex -3.42941 146.349 3.4
      vertex -2.15011 145.356 5
    endloop
  endfacet
  facet normal 0.226916 -0.672981 0.703993
    outer loop
      vertex -6.25774 150.04 5
      vertex -5.65056 148.571 3.4
      vertex -5.43999 148.642 3.4
    endloop
  endfacet
  facet normal 0 -0.736619 0.676308
    outer loop
      vertex -5.65056 148.571 3.4
      vertex -6.25774 150.04 5
      vertex -6.25905 150.04 5
    endloop
  endfacet
  facet normal -0.0463477 -0.708558 0.704129
    outer loop
      vertex -5 150.29 5
      vertex -5 148.7 3.4
      vertex -4.57194 150.262 5
    endloop
  endfacet
  facet normal 0.228399 0.672304 0.704159
    outer loop
      vertex -5.85153 143.822 5
      vertex -5.43999 145.358 3.4
      vertex -6.25774 143.96 5
    endloop
  endfacet
  facet normal -0.590559 0.394252 0.704134
    outer loop
      vertex -2.15149 145.354 5
      vertex -3.6513 145.965 3.4
      vertex -2.38982 144.997 5
    endloop
  endfacet
  facet normal -0.228399 -0.672304 0.704159
    outer loop
      vertex -4.14847 150.178 5
      vertex -4.56001 148.642 3.4
      vertex -3.74226 150.04 5
    endloop
  endfacet
  facet normal -0.590559 -0.394252 0.704134
    outer loop
      vertex -2.38982 149.003 5
      vertex -3.6513 148.035 3.4
      vertex -2.15149 148.646 5
    endloop
  endfacet
  facet normal -0.53349 -0.46861 0.704126
    outer loop
      vertex -2.67266 149.325 5
      vertex -3.6513 148.035 3.4
      vertex -2.38982 149.003 5
    endloop
  endfacet
  facet normal 0.590559 0.394252 0.704134
    outer loop
      vertex -7.61018 144.997 5
      vertex -6.3487 145.965 3.4
      vertex -7.84851 145.354 5
    endloop
  endfacet
  facet normal -0.0463477 0.708558 0.704129
    outer loop
      vertex -4.57194 143.738 5
      vertex -5 145.3 3.4
      vertex -5 143.71 5
    endloop
  endfacet
  facet normal 0.53349 -0.46861 0.704126
    outer loop
      vertex -7.61018 149.003 5
      vertex -6.3487 148.035 3.4
      vertex -7.32734 149.325 5
    endloop
  endfacet
  facet normal 0.696399 -0.138609 0.704142
    outer loop
      vertex -8.26165 147.431 5
      vertex -6.68546 147.222 3.4
      vertex -6.64207 147.44 3.4
    endloop
  endfacet
  facet normal 0.702947 -0.0948979 0.704883
    outer loop
      vertex -6.68546 147.222 3.4
      vertex -8.26165 147.431 5
      vertex -8.26192 147.429 5
    endloop
  endfacet
  facet normal 0 -0.757951 0.652312
    outer loop
      vertex -6.64618 149.849 5
      vertex -5.85 148.472 3.4
      vertex -6.64503 149.849 5
    endloop
  endfacet
  facet normal 0.393195 -0.59104 0.704322
    outer loop
      vertex -5.85 148.472 3.4
      vertex -6.64618 149.849 5
      vertex -6.03489 148.349 3.4
    endloop
  endfacet
  facet normal 0.672542 0.227836 0.704115
    outer loop
      vertex -8.04007 145.742 5
      vertex -6.57059 146.349 3.4
      vertex -6.64207 146.56 3.4
    endloop
  endfacet
  facet normal 0.647018 0.291158 0.704695
    outer loop
      vertex -6.57059 146.349 3.4
      vertex -8.04007 145.742 5
      vertex -8.03962 145.741 5
    endloop
  endfacet
  facet normal -0.53349 0.46861 0.704126
    outer loop
      vertex -2.38982 144.997 5
      vertex -3.6513 145.965 3.4
      vertex -2.67266 144.675 5
    endloop
  endfacet
  facet normal 0.468372 0.533795 0.704053
    outer loop
      vertex -7.00286 144.39 5
      vertex -6.03489 145.651 3.4
      vertex -7.32539 144.673 5
    endloop
  endfacet
  facet normal 0.696415 0.138439 0.704159
    outer loop
      vertex -8.17796 146.148 5
      vertex -6.64207 146.56 3.4
      vertex -8.26165 146.569 5
    endloop
  endfacet
  facet normal -0.0478818 -0.708299 0.704287
    outer loop
      vertex -4.77811 148.685 3.4
      vertex -4.57194 150.262 5
      vertex -5 148.7 3.4
    endloop
  endfacet
  facet normal 0 -0.712207 0.701969
    outer loop
      vertex -4.57194 150.262 5
      vertex -4.77811 148.685 3.4
      vertex -4.57056 150.262 5
    endloop
  endfacet
  facet normal 0.524933 -0.477689 0.704457
    outer loop
      vertex -7.32734 149.325 5
      vertex -6.20208 148.202 3.4
      vertex -7.32643 149.326 5
    endloop
  endfacet
  facet normal 0.533614 -0.468494 0.704109
    outer loop
      vertex -6.20208 148.202 3.4
      vertex -7.32734 149.325 5
      vertex -6.3487 148.035 3.4
    endloop
  endfacet
  facet normal 0.468866 -0.533263 0.704127
    outer loop
      vertex -7.32539 149.327 5
      vertex -6.20208 148.202 3.4
      vertex -6.03489 148.349 3.4
    endloop
  endfacet
  facet normal 0.491711 -0.511379 0.704778
    outer loop
      vertex -6.20208 148.202 3.4
      vertex -7.32539 149.327 5
      vertex -7.32643 149.326 5
    endloop
  endfacet
  facet normal 0.708541 -0.046436 0.70414
    outer loop
      vertex -8.29006 147 5
      vertex -6.7 147 3.4
      vertex -8.26201 147.428 5
    endloop
  endfacet
  facet normal 0.696399 0.138609 0.704142
    outer loop
      vertex -6.68546 146.778 3.4
      vertex -8.26165 146.569 5
      vertex -6.64207 146.56 3.4
    endloop
  endfacet
  facet normal 0.702947 0.0948979 0.704883
    outer loop
      vertex -8.26165 146.569 5
      vertex -6.68546 146.778 3.4
      vertex -8.26192 146.571 5
    endloop
  endfacet
  facet normal -0.605627 -0.369432 0.704795
    outer loop
      vertex -3.52776 147.85 3.4
      vertex -2.15011 148.644 5
      vertex -2.15072 148.645 5
    endloop
  endfacet
  facet normal -0.636526 -0.314585 0.704181
    outer loop
      vertex -2.15011 148.644 5
      vertex -3.52776 147.85 3.4
      vertex -3.42941 147.651 3.4
    endloop
  endfacet
  facet normal 0 0.712207 0.701969
    outer loop
      vertex -5.22189 145.315 3.4
      vertex -5.43079 143.738 5
      vertex -5.42944 143.738 5
    endloop
  endfacet
  facet normal 0.137308 0.69644 0.704356
    outer loop
      vertex -5.43079 143.738 5
      vertex -5.22189 145.315 3.4
      vertex -5.43999 145.358 3.4
    endloop
  endfacet
  facet normal -0.395292 -0.589928 0.704081
    outer loop
      vertex -3.35382 149.849 5
      vertex -3.96511 148.349 3.4
      vertex -2.99714 149.61 5
    endloop
  endfacet
  facet normal -0.647018 -0.291158 0.704695
    outer loop
      vertex -3.42941 147.651 3.4
      vertex -1.95993 148.258 5
      vertex -1.96038 148.259 5
    endloop
  endfacet
  facet normal -0.672542 -0.227836 0.704115
    outer loop
      vertex -1.95993 148.258 5
      vertex -3.42941 147.651 3.4
      vertex -3.35793 147.44 3.4
    endloop
  endfacet
  facet normal 0.636957 -0.313896 0.704099
    outer loop
      vertex -8.03962 148.259 5
      vertex -6.57059 147.651 3.4
      vertex -7.84989 148.644 5
    endloop
  endfacet
  facet normal 0.314416 0.636675 0.704122
    outer loop
      vertex -6.25905 143.96 5
      vertex -5.65056 145.429 3.4
      vertex -6.64379 144.15 5
    endloop
  endfacet
  facet normal 0 -0.736619 0.676308
    outer loop
      vertex -3.74226 150.04 5
      vertex -4.34944 148.571 3.4
      vertex -3.74095 150.04 5
    endloop
  endfacet
  facet normal -0.226916 -0.672981 0.703993
    outer loop
      vertex -4.34944 148.571 3.4
      vertex -3.74226 150.04 5
      vertex -4.56001 148.642 3.4
    endloop
  endfacet
  facet normal 0.590515 0.394336 0.704125
    outer loop
      vertex -6.47224 146.15 3.4
      vertex -7.84851 145.354 5
      vertex -6.3487 145.965 3.4
    endloop
  endfacet
  facet normal 0.564463 0.434636 0.701765
    outer loop
      vertex -7.84851 145.354 5
      vertex -6.47224 146.15 3.4
      vertex -7.84928 145.355 5
    endloop
  endfacet
  facet normal -0.447935 -0.555439 0.700601
    outer loop
      vertex -3.35621 149.85 5
      vertex -4.15 148.472 3.4
      vertex -3.35497 149.849 5
    endloop
  endfacet
  facet normal -0.315654 -0.635899 0.70427
    outer loop
      vertex -4.15 148.472 3.4
      vertex -3.35621 149.85 5
      vertex -4.34944 148.571 3.4
    endloop
  endfacet
  facet normal 0.393195 0.59104 0.704322
    outer loop
      vertex -6.64618 144.151 5
      vertex -5.85 145.528 3.4
      vertex -6.03489 145.651 3.4
    endloop
  endfacet
  facet normal 0 0.757951 0.652312
    outer loop
      vertex -5.85 145.528 3.4
      vertex -6.64618 144.151 5
      vertex -6.64503 144.151 5
    endloop
  endfacet
  facet normal -0.314416 -0.636675 0.704122
    outer loop
      vertex -3.74095 150.04 5
      vertex -4.34944 148.571 3.4
      vertex -3.35621 149.85 5
    endloop
  endfacet
  facet normal -0.564463 -0.434636 0.701765
    outer loop
      vertex -2.15149 148.646 5
      vertex -3.52776 147.85 3.4
      vertex -2.15072 148.645 5
    endloop
  endfacet
  facet normal -0.590515 -0.394336 0.704125
    outer loop
      vertex -3.52776 147.85 3.4
      vertex -2.15149 148.646 5
      vertex -3.6513 148.035 3.4
    endloop
  endfacet
  facet normal 0.672313 -0.228338 0.704171
    outer loop
      vertex -8.17796 147.852 5
      vertex -6.64207 147.44 3.4
      vertex -8.04007 148.258 5
    endloop
  endfacet
  facet normal 0.53349 0.46861 0.704126
    outer loop
      vertex -7.32734 144.675 5
      vertex -6.3487 145.965 3.4
      vertex -7.61018 144.997 5
    endloop
  endfacet
  facet normal 0.590515 -0.394336 0.704125
    outer loop
      vertex -7.84851 148.646 5
      vertex -6.47224 147.85 3.4
      vertex -6.3487 148.035 3.4
    endloop
  endfacet
  facet normal 0.564463 -0.434636 0.701765
    outer loop
      vertex -6.47224 147.85 3.4
      vertex -7.84851 148.646 5
      vertex -7.84928 148.645 5
    endloop
  endfacet
  facet normal -0.696415 0.138439 0.704159
    outer loop
      vertex -1.73835 146.569 5
      vertex -3.35793 146.56 3.4
      vertex -1.82204 146.148 5
    endloop
  endfacet
  facet normal -0.672313 0.228338 0.704171
    outer loop
      vertex -1.82204 146.148 5
      vertex -3.35793 146.56 3.4
      vertex -1.95993 145.742 5
    endloop
  endfacet
  facet normal 0.226916 0.672981 0.703993
    outer loop
      vertex -5.65056 145.429 3.4
      vertex -6.25774 143.96 5
      vertex -5.43999 145.358 3.4
    endloop
  endfacet
  facet normal 0 0.736619 0.676308
    outer loop
      vertex -6.25774 143.96 5
      vertex -5.65056 145.429 3.4
      vertex -6.25905 143.96 5
    endloop
  endfacet
  facet normal -0.696415 -0.138439 0.704159
    outer loop
      vertex -1.82204 147.852 5
      vertex -3.35793 147.44 3.4
      vertex -1.73835 147.431 5
    endloop
  endfacet
  facet normal -0.672313 -0.228338 0.704171
    outer loop
      vertex -1.95993 148.258 5
      vertex -3.35793 147.44 3.4
      vertex -1.82204 147.852 5
    endloop
  endfacet
  facet normal 0.708546 0.0464066 0.704137
    outer loop
      vertex -8.26201 146.572 5
      vertex -6.68546 146.778 3.4
      vertex -6.7 147 3.4
    endloop
  endfacet
  facet normal 0.706758 0.0636083 0.70459
    outer loop
      vertex -6.68546 146.778 3.4
      vertex -8.26201 146.572 5
      vertex -8.26192 146.571 5
    endloop
  endfacet
  facet normal -0.706758 -0.0636083 0.70459
    outer loop
      vertex -3.31454 147.222 3.4
      vertex -1.73799 147.428 5
      vertex -1.73808 147.429 5
    endloop
  endfacet
  facet normal -0.708546 -0.0464066 0.704137
    outer loop
      vertex -1.73799 147.428 5
      vertex -3.31454 147.222 3.4
      vertex -3.3 147 3.4
    endloop
  endfacet
  facet normal -0.672542 0.227836 0.704115
    outer loop
      vertex -3.42941 146.349 3.4
      vertex -1.95993 145.742 5
      vertex -3.35793 146.56 3.4
    endloop
  endfacet
  facet normal -0.647018 0.291158 0.704695
    outer loop
      vertex -1.95993 145.742 5
      vertex -3.42941 146.349 3.4
      vertex -1.96038 145.741 5
    endloop
  endfacet
  facet normal 0.636526 0.314585 0.704181
    outer loop
      vertex -7.84989 145.356 5
      vertex -6.47224 146.15 3.4
      vertex -6.57059 146.349 3.4
    endloop
  endfacet
  facet normal 0.605627 0.369432 0.704795
    outer loop
      vertex -6.47224 146.15 3.4
      vertex -7.84989 145.356 5
      vertex -7.84928 145.355 5
    endloop
  endfacet
  facet normal 0.139011 -0.696278 0.704182
    outer loop
      vertex -5.85153 150.178 5
      vertex -5.43999 148.642 3.4
      vertex -5.43079 150.262 5
    endloop
  endfacet
  facet normal -0.702947 0.0948979 0.704883
    outer loop
      vertex -3.31454 146.778 3.4
      vertex -1.73835 146.569 5
      vertex -1.73808 146.571 5
    endloop
  endfacet
  facet normal -0.696399 0.138609 0.704142
    outer loop
      vertex -1.73835 146.569 5
      vertex -3.31454 146.778 3.4
      vertex -3.35793 146.56 3.4
    endloop
  endfacet
  facet normal -0.708546 0.0464066 0.704137
    outer loop
      vertex -3.31454 146.778 3.4
      vertex -1.73799 146.572 5
      vertex -3.3 147 3.4
    endloop
  endfacet
  facet normal -0.706758 0.0636083 0.70459
    outer loop
      vertex -1.73799 146.572 5
      vertex -3.31454 146.778 3.4
      vertex -1.73808 146.571 5
    endloop
  endfacet
  facet normal 0.533614 0.468494 0.704109
    outer loop
      vertex -7.32734 144.675 5
      vertex -6.20208 145.798 3.4
      vertex -6.3487 145.965 3.4
    endloop
  endfacet
  facet normal 0.524933 0.477689 0.704457
    outer loop
      vertex -6.20208 145.798 3.4
      vertex -7.32734 144.675 5
      vertex -7.32643 144.674 5
    endloop
  endfacet
  facet normal 0.314416 -0.636675 0.704122
    outer loop
      vertex -6.64379 149.85 5
      vertex -5.65056 148.571 3.4
      vertex -6.25905 150.04 5
    endloop
  endfacet
  facet normal 0.696415 -0.138439 0.704159
    outer loop
      vertex -8.26165 147.431 5
      vertex -6.64207 147.44 3.4
      vertex -8.17796 147.852 5
    endloop
  endfacet
  facet normal 0.706758 -0.0636083 0.70459
    outer loop
      vertex -8.26201 147.428 5
      vertex -6.68546 147.222 3.4
      vertex -8.26192 147.429 5
    endloop
  endfacet
  facet normal 0.708546 -0.0464066 0.704137
    outer loop
      vertex -6.68546 147.222 3.4
      vertex -8.26201 147.428 5
      vertex -6.7 147 3.4
    endloop
  endfacet
  facet normal 0.708541 0.046436 0.70414
    outer loop
      vertex -8.26201 146.572 5
      vertex -6.7 147 3.4
      vertex -8.29006 147 5
    endloop
  endfacet
  facet normal 0.605627 -0.369432 0.704795
    outer loop
      vertex -7.84989 148.644 5
      vertex -6.47224 147.85 3.4
      vertex -7.84928 148.645 5
    endloop
  endfacet
  facet normal 0.636526 -0.314585 0.704181
    outer loop
      vertex -6.47224 147.85 3.4
      vertex -7.84989 148.644 5
      vertex -6.57059 147.651 3.4
    endloop
  endfacet
  facet normal 0 -0.757951 0.652312
    outer loop
      vertex -4.15 148.472 3.4
      vertex -3.35382 149.849 5
      vertex -3.35497 149.849 5
    endloop
  endfacet
  facet normal -0.393195 -0.59104 0.704322
    outer loop
      vertex -3.35382 149.849 5
      vertex -4.15 148.472 3.4
      vertex -3.96511 148.349 3.4
    endloop
  endfacet
  facet normal 0.0463477 0.708558 0.704129
    outer loop
      vertex -5 143.71 5
      vertex -5 145.3 3.4
      vertex -5.42806 143.738 5
    endloop
  endfacet
  facet normal -0.636526 0.314585 0.704181
    outer loop
      vertex -3.52776 146.15 3.4
      vertex -2.15011 145.356 5
      vertex -3.42941 146.349 3.4
    endloop
  endfacet
  facet normal -0.605627 0.369432 0.704795
    outer loop
      vertex -2.15011 145.356 5
      vertex -3.52776 146.15 3.4
      vertex -2.15072 145.355 5
    endloop
  endfacet
  facet normal 0.0463477 -0.708558 0.704129
    outer loop
      vertex -5.42806 150.262 5
      vertex -5 148.7 3.4
      vertex -5 150.29 5
    endloop
  endfacet
  facet normal -0.395292 0.589928 0.704081
    outer loop
      vertex -2.99714 144.39 5
      vertex -3.96511 145.651 3.4
      vertex -3.35382 144.151 5
    endloop
  endfacet
  facet normal -0.393195 0.59104 0.704322
    outer loop
      vertex -4.15 145.528 3.4
      vertex -3.35382 144.151 5
      vertex -3.96511 145.651 3.4
    endloop
  endfacet
  facet normal 0 0.757951 0.652312
    outer loop
      vertex -3.35382 144.151 5
      vertex -4.15 145.528 3.4
      vertex -3.35497 144.151 5
    endloop
  endfacet
  facet normal -0.447935 0.555439 0.700601
    outer loop
      vertex -4.15 145.528 3.4
      vertex -3.35621 144.15 5
      vertex -3.35497 144.151 5
    endloop
  endfacet
  facet normal -0.315654 0.635899 0.70427
    outer loop
      vertex -3.35621 144.15 5
      vertex -4.15 145.528 3.4
      vertex -4.34944 145.429 3.4
    endloop
  endfacet
  facet normal 0.672313 0.228338 0.704171
    outer loop
      vertex -8.04007 145.742 5
      vertex -6.64207 146.56 3.4
      vertex -8.17796 146.148 5
    endloop
  endfacet
  facet normal -0.228399 0.672304 0.704159
    outer loop
      vertex -3.74226 143.96 5
      vertex -4.56001 145.358 3.4
      vertex -4.14847 143.822 5
    endloop
  endfacet
  facet normal 0 -0.712207 0.701969
    outer loop
      vertex -5.43079 150.262 5
      vertex -5.22189 148.685 3.4
      vertex -5.42944 150.262 5
    endloop
  endfacet
  facet normal 0.137308 -0.69644 0.704356
    outer loop
      vertex -5.22189 148.685 3.4
      vertex -5.43079 150.262 5
      vertex -5.43999 148.642 3.4
    endloop
  endfacet
  facet normal 0.468866 0.533263 0.704127
    outer loop
      vertex -6.20208 145.798 3.4
      vertex -7.32539 144.673 5
      vertex -6.03489 145.651 3.4
    endloop
  endfacet
  facet normal 0.491711 0.511379 0.704778
    outer loop
      vertex -7.32539 144.673 5
      vertex -6.20208 145.798 3.4
      vertex -7.32643 144.674 5
    endloop
  endfacet
  facet normal -0.702947 -0.0948979 0.704883
    outer loop
      vertex -1.73835 147.431 5
      vertex -3.31454 147.222 3.4
      vertex -1.73808 147.429 5
    endloop
  endfacet
  facet normal -0.696399 -0.138609 0.704142
    outer loop
      vertex -3.31454 147.222 3.4
      vertex -1.73835 147.431 5
      vertex -3.35793 147.44 3.4
    endloop
  endfacet
  facet normal 0.395292 0.589928 0.704081
    outer loop
      vertex -6.64618 144.151 5
      vertex -6.03489 145.651 3.4
      vertex -7.00286 144.39 5
    endloop
  endfacet
  facet normal 0 -0.712207 0.701969
    outer loop
      vertex -5.22189 148.685 3.4
      vertex -5.42806 150.262 5
      vertex -5.42944 150.262 5
    endloop
  endfacet
  facet normal 0.0478818 -0.708299 0.704287
    outer loop
      vertex -5.42806 150.262 5
      vertex -5.22189 148.685 3.4
      vertex -5 148.7 3.4
    endloop
  endfacet
  facet normal 0 0.712207 0.701969
    outer loop
      vertex -4.77811 145.315 3.4
      vertex -4.57194 143.738 5
      vertex -4.57056 143.738 5
    endloop
  endfacet
  facet normal -0.0478818 0.708299 0.704287
    outer loop
      vertex -4.57194 143.738 5
      vertex -4.77811 145.315 3.4
      vertex -5 145.3 3.4
    endloop
  endfacet
  facet normal -0.137308 0.69644 0.704356
    outer loop
      vertex -4.77811 145.315 3.4
      vertex -4.56921 143.738 5
      vertex -4.56001 145.358 3.4
    endloop
  endfacet
  facet normal 0 0.712207 0.701969
    outer loop
      vertex -4.56921 143.738 5
      vertex -4.77811 145.315 3.4
      vertex -4.57056 143.738 5
    endloop
  endfacet
  facet normal -0.980762 -0.195208 0
    outer loop
      vertex -3.31454 195.222 0
      vertex -3.35793 195.44 3.4
      vertex -3.35793 195.44 0
    endloop
  endfacet
  facet normal -0.980762 -0.195208 0
    outer loop
      vertex -3.35793 195.44 3.4
      vertex -3.31454 195.222 0
      vertex -3.31454 195.222 3.4
    endloop
  endfacet
  facet normal -0.997862 -0.0653555 0
    outer loop
      vertex -3.3 195 0
      vertex -3.31454 195.222 3.4
      vertex -3.31454 195.222 0
    endloop
  endfacet
  facet normal -0.997862 -0.0653555 0
    outer loop
      vertex -3.31454 195.222 3.4
      vertex -3.3 195 0
      vertex -3.3 195 3.4
    endloop
  endfacet
  facet normal -0.0674471 0.997723 0
    outer loop
      vertex -4.77811 193.315 0
      vertex -5 193.3 3.4
      vertex -4.77811 193.315 3.4
    endloop
  endfacet
  facet normal -0.0674471 0.997723 0
    outer loop
      vertex -5 193.3 3.4
      vertex -4.77811 193.315 0
      vertex -5 193.3 0
    endloop
  endfacet
  facet normal 0.660306 -0.750997 0
    outer loop
      vertex -6.20208 196.202 0
      vertex -6.03489 196.349 3.4
      vertex -6.20208 196.202 3.4
    endloop
  endfacet
  facet normal 0.660306 -0.750997 0
    outer loop
      vertex -6.03489 196.349 3.4
      vertex -6.20208 196.202 0
      vertex -6.03489 196.349 0
    endloop
  endfacet
  facet normal 0.831621 0.555343 0
    outer loop
      vertex -6.3487 193.965 3.4
      vertex -6.47224 194.15 0
      vertex -6.47224 194.15 3.4
    endloop
  endfacet
  facet normal 0.831621 0.555343 0
    outer loop
      vertex -6.47224 194.15 0
      vertex -6.3487 193.965 3.4
      vertex -6.3487 193.965 0
    endloop
  endfacet
  facet normal 0.193434 0.981113 -0
    outer loop
      vertex -5.22189 193.315 0
      vertex -5.43999 193.358 3.4
      vertex -5.22189 193.315 3.4
    endloop
  endfacet
  facet normal 0.193434 0.981113 0
    outer loop
      vertex -5.43999 193.358 3.4
      vertex -5.22189 193.315 0
      vertex -5.43999 193.358 0
    endloop
  endfacet
  facet normal -0.660306 -0.750997 0
    outer loop
      vertex -3.96511 196.349 0
      vertex -3.79792 196.202 3.4
      vertex -3.96511 196.349 3.4
    endloop
  endfacet
  facet normal -0.660306 -0.750997 -0
    outer loop
      vertex -3.79792 196.202 3.4
      vertex -3.96511 196.349 0
      vertex -3.79792 196.202 0
    endloop
  endfacet
  facet normal -0.947128 0.320856 0
    outer loop
      vertex -3.42941 194.349 0
      vertex -3.35793 194.56 3.4
      vertex -3.35793 194.56 0
    endloop
  endfacet
  facet normal -0.947128 0.320856 0
    outer loop
      vertex -3.35793 194.56 3.4
      vertex -3.42941 194.349 0
      vertex -3.42941 194.349 3.4
    endloop
  endfacet
  facet normal -0.751472 0.659765 0
    outer loop
      vertex -3.79792 193.798 0
      vertex -3.6513 193.965 3.4
      vertex -3.6513 193.965 0
    endloop
  endfacet
  facet normal -0.751472 0.659765 0
    outer loop
      vertex -3.6513 193.965 3.4
      vertex -3.79792 193.798 0
      vertex -3.79792 193.798 3.4
    endloop
  endfacet
  facet normal -0.751472 -0.659765 0
    outer loop
      vertex -3.6513 196.035 0
      vertex -3.79792 196.202 3.4
      vertex -3.79792 196.202 0
    endloop
  endfacet
  facet normal -0.751472 -0.659765 0
    outer loop
      vertex -3.79792 196.202 3.4
      vertex -3.6513 196.035 0
      vertex -3.6513 196.035 3.4
    endloop
  endfacet
  facet normal 0.947128 0.320856 0
    outer loop
      vertex -6.57059 194.349 3.4
      vertex -6.64207 194.56 0
      vertex -6.64207 194.56 3.4
    endloop
  endfacet
  facet normal 0.947128 0.320856 0
    outer loop
      vertex -6.64207 194.56 0
      vertex -6.57059 194.349 3.4
      vertex -6.57059 194.349 0
    endloop
  endfacet
  facet normal -0.319506 0.947584 0
    outer loop
      vertex -4.34944 193.429 0
      vertex -4.56001 193.358 3.4
      vertex -4.34944 193.429 3.4
    endloop
  endfacet
  facet normal -0.319506 0.947584 0
    outer loop
      vertex -4.56001 193.358 3.4
      vertex -4.34944 193.429 0
      vertex -4.56001 193.358 0
    endloop
  endfacet
  facet normal 0.0674471 0.997723 -0
    outer loop
      vertex -5 193.3 0
      vertex -5.22189 193.315 3.4
      vertex -5 193.3 3.4
    endloop
  endfacet
  facet normal 0.0674471 0.997723 0
    outer loop
      vertex -5.22189 193.315 3.4
      vertex -5 193.3 0
      vertex -5.22189 193.315 0
    endloop
  endfacet
  facet normal 0.319506 -0.947584 0
    outer loop
      vertex -5.65056 196.571 0
      vertex -5.43999 196.642 3.4
      vertex -5.65056 196.571 3.4
    endloop
  endfacet
  facet normal 0.319506 -0.947584 0
    outer loop
      vertex -5.43999 196.642 3.4
      vertex -5.65056 196.571 0
      vertex -5.43999 196.642 0
    endloop
  endfacet
  facet normal -0.947128 -0.320856 0
    outer loop
      vertex -3.35793 195.44 0
      vertex -3.42941 195.651 3.4
      vertex -3.42941 195.651 0
    endloop
  endfacet
  facet normal -0.947128 -0.320856 0
    outer loop
      vertex -3.42941 195.651 3.4
      vertex -3.35793 195.44 0
      vertex -3.35793 195.44 3.4
    endloop
  endfacet
  facet normal 0.751472 -0.659765 0
    outer loop
      vertex -6.3487 196.035 3.4
      vertex -6.20208 196.202 0
      vertex -6.20208 196.202 3.4
    endloop
  endfacet
  facet normal 0.751472 -0.659765 0
    outer loop
      vertex -6.20208 196.202 0
      vertex -6.3487 196.035 3.4
      vertex -6.3487 196.035 0
    endloop
  endfacet
  facet normal 0.444625 0.895717 -0
    outer loop
      vertex -5.65056 193.429 0
      vertex -5.85 193.528 3.4
      vertex -5.65056 193.429 3.4
    endloop
  endfacet
  facet normal 0.444625 0.895717 0
    outer loop
      vertex -5.85 193.528 3.4
      vertex -5.65056 193.429 0
      vertex -5.85 193.528 0
    endloop
  endfacet
  facet normal 0.0674471 -0.997723 0
    outer loop
      vertex -5.22189 196.685 0
      vertex -5 196.7 3.4
      vertex -5.22189 196.685 3.4
    endloop
  endfacet
  facet normal 0.0674471 -0.997723 0
    outer loop
      vertex -5 196.7 3.4
      vertex -5.22189 196.685 0
      vertex -5 196.7 0
    endloop
  endfacet
  facet normal -0.89649 0.443064 0
    outer loop
      vertex -3.52776 194.15 0
      vertex -3.42941 194.349 3.4
      vertex -3.42941 194.349 0
    endloop
  endfacet
  facet normal -0.89649 0.443064 0
    outer loop
      vertex -3.42941 194.349 3.4
      vertex -3.52776 194.15 0
      vertex -3.52776 194.15 3.4
    endloop
  endfacet
  facet normal -0.553889 0.83259 0
    outer loop
      vertex -3.96511 193.651 0
      vertex -4.15 193.528 3.4
      vertex -3.96511 193.651 3.4
    endloop
  endfacet
  facet normal -0.553889 0.83259 0
    outer loop
      vertex -4.15 193.528 3.4
      vertex -3.96511 193.651 0
      vertex -4.15 193.528 0
    endloop
  endfacet
  facet normal 0.980762 0.195208 0
    outer loop
      vertex -6.64207 194.56 3.4
      vertex -6.68546 194.778 0
      vertex -6.68546 194.778 3.4
    endloop
  endfacet
  facet normal 0.980762 0.195208 0
    outer loop
      vertex -6.68546 194.778 0
      vertex -6.64207 194.56 3.4
      vertex -6.64207 194.56 0
    endloop
  endfacet
  facet normal -0.193434 -0.981113 0
    outer loop
      vertex -4.77811 196.685 0
      vertex -4.56001 196.642 3.4
      vertex -4.77811 196.685 3.4
    endloop
  endfacet
  facet normal -0.193434 -0.981113 -0
    outer loop
      vertex -4.56001 196.642 3.4
      vertex -4.77811 196.685 0
      vertex -4.56001 196.642 0
    endloop
  endfacet
  facet normal -0.831621 -0.555343 0
    outer loop
      vertex -3.52776 195.85 0
      vertex -3.6513 196.035 3.4
      vertex -3.6513 196.035 0
    endloop
  endfacet
  facet normal -0.831621 -0.555343 0
    outer loop
      vertex -3.6513 196.035 3.4
      vertex -3.52776 195.85 0
      vertex -3.52776 195.85 3.4
    endloop
  endfacet
  facet normal -0.997862 0.0653555 0
    outer loop
      vertex -3.31454 194.778 0
      vertex -3.3 195 3.4
      vertex -3.3 195 0
    endloop
  endfacet
  facet normal -0.997862 0.0653555 0
    outer loop
      vertex -3.3 195 3.4
      vertex -3.31454 194.778 0
      vertex -3.31454 194.778 3.4
    endloop
  endfacet
  facet normal -0.319506 -0.947584 0
    outer loop
      vertex -4.56001 196.642 0
      vertex -4.34944 196.571 3.4
      vertex -4.56001 196.642 3.4
    endloop
  endfacet
  facet normal -0.319506 -0.947584 -0
    outer loop
      vertex -4.34944 196.571 3.4
      vertex -4.56001 196.642 0
      vertex -4.34944 196.571 0
    endloop
  endfacet
  facet normal -0.553889 -0.83259 0
    outer loop
      vertex -4.15 196.472 0
      vertex -3.96511 196.349 3.4
      vertex -4.15 196.472 3.4
    endloop
  endfacet
  facet normal -0.553889 -0.83259 -0
    outer loop
      vertex -3.96511 196.349 3.4
      vertex -4.15 196.472 0
      vertex -3.96511 196.349 0
    endloop
  endfacet
  facet normal 0.193434 -0.981113 0
    outer loop
      vertex -5.43999 196.642 0
      vertex -5.22189 196.685 3.4
      vertex -5.43999 196.642 3.4
    endloop
  endfacet
  facet normal 0.193434 -0.981113 0
    outer loop
      vertex -5.22189 196.685 3.4
      vertex -5.43999 196.642 0
      vertex -5.22189 196.685 0
    endloop
  endfacet
  facet normal -0.660306 0.750997 0
    outer loop
      vertex -3.79792 193.798 0
      vertex -3.96511 193.651 3.4
      vertex -3.79792 193.798 3.4
    endloop
  endfacet
  facet normal -0.660306 0.750997 0
    outer loop
      vertex -3.96511 193.651 3.4
      vertex -3.79792 193.798 0
      vertex -3.96511 193.651 0
    endloop
  endfacet
  facet normal 0.89649 -0.443064 0
    outer loop
      vertex -6.57059 195.651 3.4
      vertex -6.47224 195.85 0
      vertex -6.47224 195.85 3.4
    endloop
  endfacet
  facet normal 0.89649 -0.443064 0
    outer loop
      vertex -6.47224 195.85 0
      vertex -6.57059 195.651 3.4
      vertex -6.57059 195.651 0
    endloop
  endfacet
  facet normal -0.980762 0.195208 0
    outer loop
      vertex -3.35793 194.56 0
      vertex -3.31454 194.778 3.4
      vertex -3.31454 194.778 0
    endloop
  endfacet
  facet normal -0.980762 0.195208 0
    outer loop
      vertex -3.31454 194.778 3.4
      vertex -3.35793 194.56 0
      vertex -3.35793 194.56 3.4
    endloop
  endfacet
  facet normal -0.193434 0.981113 0
    outer loop
      vertex -4.56001 193.358 0
      vertex -4.77811 193.315 3.4
      vertex -4.56001 193.358 3.4
    endloop
  endfacet
  facet normal -0.193434 0.981113 0
    outer loop
      vertex -4.77811 193.315 3.4
      vertex -4.56001 193.358 0
      vertex -4.77811 193.315 0
    endloop
  endfacet
  facet normal 0.660306 0.750997 -0
    outer loop
      vertex -6.03489 193.651 0
      vertex -6.20208 193.798 3.4
      vertex -6.03489 193.651 3.4
    endloop
  endfacet
  facet normal 0.660306 0.750997 0
    outer loop
      vertex -6.20208 193.798 3.4
      vertex -6.03489 193.651 0
      vertex -6.20208 193.798 0
    endloop
  endfacet
  facet normal 0.751472 0.659765 0
    outer loop
      vertex -6.20208 193.798 3.4
      vertex -6.3487 193.965 0
      vertex -6.3487 193.965 3.4
    endloop
  endfacet
  facet normal 0.751472 0.659765 0
    outer loop
      vertex -6.3487 193.965 0
      vertex -6.20208 193.798 3.4
      vertex -6.20208 193.798 0
    endloop
  endfacet
  facet normal -0.0674471 -0.997723 0
    outer loop
      vertex -5 196.7 0
      vertex -4.77811 196.685 3.4
      vertex -5 196.7 3.4
    endloop
  endfacet
  facet normal -0.0674471 -0.997723 -0
    outer loop
      vertex -4.77811 196.685 3.4
      vertex -5 196.7 0
      vertex -4.77811 196.685 0
    endloop
  endfacet
  facet normal -0.444625 -0.895717 0
    outer loop
      vertex -4.34944 196.571 0
      vertex -4.15 196.472 3.4
      vertex -4.34944 196.571 3.4
    endloop
  endfacet
  facet normal -0.444625 -0.895717 -0
    outer loop
      vertex -4.15 196.472 3.4
      vertex -4.34944 196.571 0
      vertex -4.15 196.472 0
    endloop
  endfacet
  facet normal -0.831621 0.555343 0
    outer loop
      vertex -3.6513 193.965 0
      vertex -3.52776 194.15 3.4
      vertex -3.52776 194.15 0
    endloop
  endfacet
  facet normal -0.831621 0.555343 0
    outer loop
      vertex -3.52776 194.15 3.4
      vertex -3.6513 193.965 0
      vertex -3.6513 193.965 3.4
    endloop
  endfacet
  facet normal 0.997862 0.0653555 0
    outer loop
      vertex -6.68546 194.778 3.4
      vertex -6.7 195 0
      vertex -6.7 195 3.4
    endloop
  endfacet
  facet normal 0.997862 0.0653555 0
    outer loop
      vertex -6.7 195 0
      vertex -6.68546 194.778 3.4
      vertex -6.68546 194.778 0
    endloop
  endfacet
  facet normal -0.444625 0.895717 0
    outer loop
      vertex -4.15 193.528 0
      vertex -4.34944 193.429 3.4
      vertex -4.15 193.528 3.4
    endloop
  endfacet
  facet normal -0.444625 0.895717 0
    outer loop
      vertex -4.34944 193.429 3.4
      vertex -4.15 193.528 0
      vertex -4.34944 193.429 0
    endloop
  endfacet
  facet normal 0.980762 -0.195208 0
    outer loop
      vertex -6.68546 195.222 3.4
      vertex -6.64207 195.44 0
      vertex -6.64207 195.44 3.4
    endloop
  endfacet
  facet normal 0.980762 -0.195208 0
    outer loop
      vertex -6.64207 195.44 0
      vertex -6.68546 195.222 3.4
      vertex -6.68546 195.222 0
    endloop
  endfacet
  facet normal 0.89649 0.443064 0
    outer loop
      vertex -6.47224 194.15 3.4
      vertex -6.57059 194.349 0
      vertex -6.57059 194.349 3.4
    endloop
  endfacet
  facet normal 0.89649 0.443064 0
    outer loop
      vertex -6.57059 194.349 0
      vertex -6.47224 194.15 3.4
      vertex -6.47224 194.15 0
    endloop
  endfacet
  facet normal 0.947128 -0.320856 0
    outer loop
      vertex -6.64207 195.44 3.4
      vertex -6.57059 195.651 0
      vertex -6.57059 195.651 3.4
    endloop
  endfacet
  facet normal 0.947128 -0.320856 0
    outer loop
      vertex -6.57059 195.651 0
      vertex -6.64207 195.44 3.4
      vertex -6.64207 195.44 0
    endloop
  endfacet
  facet normal 0.553889 -0.83259 0
    outer loop
      vertex -6.03489 196.349 0
      vertex -5.85 196.472 3.4
      vertex -6.03489 196.349 3.4
    endloop
  endfacet
  facet normal 0.553889 -0.83259 0
    outer loop
      vertex -5.85 196.472 3.4
      vertex -6.03489 196.349 0
      vertex -5.85 196.472 0
    endloop
  endfacet
  facet normal -0.89649 -0.443064 0
    outer loop
      vertex -3.42941 195.651 0
      vertex -3.52776 195.85 3.4
      vertex -3.52776 195.85 0
    endloop
  endfacet
  facet normal -0.89649 -0.443064 0
    outer loop
      vertex -3.52776 195.85 3.4
      vertex -3.42941 195.651 0
      vertex -3.42941 195.651 3.4
    endloop
  endfacet
  facet normal 0.997862 -0.0653555 0
    outer loop
      vertex -6.7 195 3.4
      vertex -6.68546 195.222 0
      vertex -6.68546 195.222 3.4
    endloop
  endfacet
  facet normal 0.997862 -0.0653555 0
    outer loop
      vertex -6.68546 195.222 0
      vertex -6.7 195 3.4
      vertex -6.7 195 0
    endloop
  endfacet
  facet normal 0.319506 0.947584 -0
    outer loop
      vertex -5.43999 193.358 0
      vertex -5.65056 193.429 3.4
      vertex -5.43999 193.358 3.4
    endloop
  endfacet
  facet normal 0.319506 0.947584 0
    outer loop
      vertex -5.65056 193.429 3.4
      vertex -5.43999 193.358 0
      vertex -5.65056 193.429 0
    endloop
  endfacet
  facet normal 0.444625 -0.895717 0
    outer loop
      vertex -5.85 196.472 0
      vertex -5.65056 196.571 3.4
      vertex -5.85 196.472 3.4
    endloop
  endfacet
  facet normal 0.444625 -0.895717 0
    outer loop
      vertex -5.65056 196.571 3.4
      vertex -5.85 196.472 0
      vertex -5.65056 196.571 0
    endloop
  endfacet
  facet normal 0.831621 -0.555343 0
    outer loop
      vertex -6.47224 195.85 3.4
      vertex -6.3487 196.035 0
      vertex -6.3487 196.035 3.4
    endloop
  endfacet
  facet normal 0.831621 -0.555343 0
    outer loop
      vertex -6.3487 196.035 0
      vertex -6.47224 195.85 3.4
      vertex -6.47224 195.85 0
    endloop
  endfacet
  facet normal 0.553889 0.83259 -0
    outer loop
      vertex -5.85 193.528 0
      vertex -6.03489 193.651 3.4
      vertex -5.85 193.528 3.4
    endloop
  endfacet
  facet normal 0.553889 0.83259 0
    outer loop
      vertex -6.03489 193.651 3.4
      vertex -5.85 193.528 0
      vertex -6.03489 193.651 0
    endloop
  endfacet
  facet normal -0.708541 -0.046436 0.70414
    outer loop
      vertex -1.73799 195.428 5
      vertex -3.3 195 3.4
      vertex -1.70994 195 5
    endloop
  endfacet
  facet normal 0.636957 0.313896 0.704099
    outer loop
      vertex -7.84989 193.356 5
      vertex -6.57059 194.349 3.4
      vertex -8.03962 193.741 5
    endloop
  endfacet
  facet normal -0.524933 -0.477689 0.704457
    outer loop
      vertex -3.79792 196.202 3.4
      vertex -2.67266 197.325 5
      vertex -2.67357 197.326 5
    endloop
  endfacet
  facet normal -0.533614 -0.468494 0.704109
    outer loop
      vertex -2.67266 197.325 5
      vertex -3.79792 196.202 3.4
      vertex -3.6513 196.035 3.4
    endloop
  endfacet
  facet normal 0.139011 0.696278 0.704182
    outer loop
      vertex -5.43079 191.738 5
      vertex -5.43999 193.358 3.4
      vertex -5.85153 191.822 5
    endloop
  endfacet
  facet normal -0.491711 0.511379 0.704778
    outer loop
      vertex -3.79792 193.798 3.4
      vertex -2.67461 192.673 5
      vertex -2.67357 192.674 5
    endloop
  endfacet
  facet normal -0.468866 0.533263 0.704127
    outer loop
      vertex -2.67461 192.673 5
      vertex -3.79792 193.798 3.4
      vertex -3.96511 193.651 3.4
    endloop
  endfacet
  facet normal -0.468372 0.533795 0.704053
    outer loop
      vertex -2.67461 192.673 5
      vertex -3.96511 193.651 3.4
      vertex -2.99714 192.39 5
    endloop
  endfacet
  facet normal 0.315654 -0.635899 0.70427
    outer loop
      vertex -6.64379 197.85 5
      vertex -5.85 196.472 3.4
      vertex -5.65056 196.571 3.4
    endloop
  endfacet
  facet normal 0.447935 -0.555439 0.700601
    outer loop
      vertex -5.85 196.472 3.4
      vertex -6.64379 197.85 5
      vertex -6.64503 197.849 5
    endloop
  endfacet
  facet normal 0.228399 -0.672304 0.704159
    outer loop
      vertex -6.25774 198.04 5
      vertex -5.43999 196.642 3.4
      vertex -5.85153 198.178 5
    endloop
  endfacet
  facet normal -0.139011 0.696278 0.704182
    outer loop
      vertex -4.14847 191.822 5
      vertex -4.56001 193.358 3.4
      vertex -4.56921 191.738 5
    endloop
  endfacet
  facet normal 0.315654 0.635899 0.70427
    outer loop
      vertex -5.85 193.528 3.4
      vertex -6.64379 192.15 5
      vertex -5.65056 193.429 3.4
    endloop
  endfacet
  facet normal 0.447935 0.555439 0.700601
    outer loop
      vertex -6.64379 192.15 5
      vertex -5.85 193.528 3.4
      vertex -6.64503 192.151 5
    endloop
  endfacet
  facet normal -0.533614 0.468494 0.704109
    outer loop
      vertex -3.79792 193.798 3.4
      vertex -2.67266 192.675 5
      vertex -3.6513 193.965 3.4
    endloop
  endfacet
  facet normal -0.524933 0.477689 0.704457
    outer loop
      vertex -2.67266 192.675 5
      vertex -3.79792 193.798 3.4
      vertex -2.67357 192.674 5
    endloop
  endfacet
  facet normal 0 -0.712207 0.701969
    outer loop
      vertex -4.77811 196.685 3.4
      vertex -4.56921 198.262 5
      vertex -4.57056 198.262 5
    endloop
  endfacet
  facet normal -0.137308 -0.69644 0.704356
    outer loop
      vertex -4.56921 198.262 5
      vertex -4.77811 196.685 3.4
      vertex -4.56001 196.642 3.4
    endloop
  endfacet
  facet normal 0 0.736619 0.676308
    outer loop
      vertex -4.34944 193.429 3.4
      vertex -3.74226 191.96 5
      vertex -3.74095 191.96 5
    endloop
  endfacet
  facet normal -0.226916 0.672981 0.703993
    outer loop
      vertex -3.74226 191.96 5
      vertex -4.34944 193.429 3.4
      vertex -4.56001 193.358 3.4
    endloop
  endfacet
  facet normal 0.590559 -0.394252 0.704134
    outer loop
      vertex -7.84851 196.646 5
      vertex -6.3487 196.035 3.4
      vertex -7.61018 197.003 5
    endloop
  endfacet
  facet normal -0.491711 -0.511379 0.704778
    outer loop
      vertex -2.67461 197.327 5
      vertex -3.79792 196.202 3.4
      vertex -2.67357 197.326 5
    endloop
  endfacet
  facet normal -0.468866 -0.533263 0.704127
    outer loop
      vertex -3.79792 196.202 3.4
      vertex -2.67461 197.327 5
      vertex -3.96511 196.349 3.4
    endloop
  endfacet
  facet normal -0.139011 -0.696278 0.704182
    outer loop
      vertex -4.56921 198.262 5
      vertex -4.56001 196.642 3.4
      vertex -4.14847 198.178 5
    endloop
  endfacet
  facet normal 0.0478818 0.708299 0.704287
    outer loop
      vertex -5.22189 193.315 3.4
      vertex -5.42806 191.738 5
      vertex -5 193.3 3.4
    endloop
  endfacet
  facet normal 0 0.712207 0.701969
    outer loop
      vertex -5.42806 191.738 5
      vertex -5.22189 193.315 3.4
      vertex -5.42944 191.738 5
    endloop
  endfacet
  facet normal -0.314416 0.636675 0.704122
    outer loop
      vertex -3.35621 192.15 5
      vertex -4.34944 193.429 3.4
      vertex -3.74095 191.96 5
    endloop
  endfacet
  facet normal 0.395292 -0.589928 0.704081
    outer loop
      vertex -7.00286 197.61 5
      vertex -6.03489 196.349 3.4
      vertex -6.64618 197.849 5
    endloop
  endfacet
  facet normal -0.564463 0.434636 0.701765
    outer loop
      vertex -3.52776 194.15 3.4
      vertex -2.15149 193.354 5
      vertex -2.15072 193.355 5
    endloop
  endfacet
  facet normal -0.590515 0.394336 0.704125
    outer loop
      vertex -2.15149 193.354 5
      vertex -3.52776 194.15 3.4
      vertex -3.6513 193.965 3.4
    endloop
  endfacet
  facet normal 0.468372 -0.533795 0.704053
    outer loop
      vertex -7.32539 197.327 5
      vertex -6.03489 196.349 3.4
      vertex -7.00286 197.61 5
    endloop
  endfacet
  facet normal -0.468372 -0.533795 0.704053
    outer loop
      vertex -2.99714 197.61 5
      vertex -3.96511 196.349 3.4
      vertex -2.67461 197.327 5
    endloop
  endfacet
  facet normal 0.647018 -0.291158 0.704695
    outer loop
      vertex -8.04007 196.258 5
      vertex -6.57059 195.651 3.4
      vertex -8.03962 196.259 5
    endloop
  endfacet
  facet normal 0.672542 -0.227836 0.704115
    outer loop
      vertex -6.57059 195.651 3.4
      vertex -8.04007 196.258 5
      vertex -6.64207 195.44 3.4
    endloop
  endfacet
  facet normal -0.708541 0.046436 0.70414
    outer loop
      vertex -1.70994 195 5
      vertex -3.3 195 3.4
      vertex -1.73799 194.572 5
    endloop
  endfacet
  facet normal -0.636957 -0.313896 0.704099
    outer loop
      vertex -2.15011 196.644 5
      vertex -3.42941 195.651 3.4
      vertex -1.96038 196.259 5
    endloop
  endfacet
  facet normal -0.636957 0.313896 0.704099
    outer loop
      vertex -1.96038 193.741 5
      vertex -3.42941 194.349 3.4
      vertex -2.15011 193.356 5
    endloop
  endfacet
  facet normal 0.226916 -0.672981 0.703993
    outer loop
      vertex -6.25774 198.04 5
      vertex -5.65056 196.571 3.4
      vertex -5.43999 196.642 3.4
    endloop
  endfacet
  facet normal 0 -0.736619 0.676308
    outer loop
      vertex -5.65056 196.571 3.4
      vertex -6.25774 198.04 5
      vertex -6.25905 198.04 5
    endloop
  endfacet
  facet normal -0.0463477 -0.708558 0.704129
    outer loop
      vertex -5 198.29 5
      vertex -5 196.7 3.4
      vertex -4.57194 198.262 5
    endloop
  endfacet
  facet normal 0.228399 0.672304 0.704159
    outer loop
      vertex -5.85153 191.822 5
      vertex -5.43999 193.358 3.4
      vertex -6.25774 191.96 5
    endloop
  endfacet
  facet normal -0.590559 0.394252 0.704134
    outer loop
      vertex -2.15149 193.354 5
      vertex -3.6513 193.965 3.4
      vertex -2.38982 192.997 5
    endloop
  endfacet
  facet normal -0.228399 -0.672304 0.704159
    outer loop
      vertex -4.14847 198.178 5
      vertex -4.56001 196.642 3.4
      vertex -3.74226 198.04 5
    endloop
  endfacet
  facet normal -0.590559 -0.394252 0.704134
    outer loop
      vertex -2.38982 197.003 5
      vertex -3.6513 196.035 3.4
      vertex -2.15149 196.646 5
    endloop
  endfacet
  facet normal -0.53349 -0.46861 0.704126
    outer loop
      vertex -2.67266 197.325 5
      vertex -3.6513 196.035 3.4
      vertex -2.38982 197.003 5
    endloop
  endfacet
  facet normal 0.590559 0.394252 0.704134
    outer loop
      vertex -7.61018 192.997 5
      vertex -6.3487 193.965 3.4
      vertex -7.84851 193.354 5
    endloop
  endfacet
  facet normal -0.0463477 0.708558 0.704129
    outer loop
      vertex -4.57194 191.738 5
      vertex -5 193.3 3.4
      vertex -5 191.71 5
    endloop
  endfacet
  facet normal 0.53349 -0.46861 0.704126
    outer loop
      vertex -7.61018 197.003 5
      vertex -6.3487 196.035 3.4
      vertex -7.32734 197.325 5
    endloop
  endfacet
  facet normal 0.696399 -0.138609 0.704142
    outer loop
      vertex -8.26165 195.431 5
      vertex -6.68546 195.222 3.4
      vertex -6.64207 195.44 3.4
    endloop
  endfacet
  facet normal 0.702947 -0.0948979 0.704883
    outer loop
      vertex -6.68546 195.222 3.4
      vertex -8.26165 195.431 5
      vertex -8.26192 195.429 5
    endloop
  endfacet
  facet normal 0 -0.757951 0.652312
    outer loop
      vertex -6.64618 197.849 5
      vertex -5.85 196.472 3.4
      vertex -6.64503 197.849 5
    endloop
  endfacet
  facet normal 0.393195 -0.59104 0.704322
    outer loop
      vertex -5.85 196.472 3.4
      vertex -6.64618 197.849 5
      vertex -6.03489 196.349 3.4
    endloop
  endfacet
  facet normal 0.672542 0.227836 0.704115
    outer loop
      vertex -8.04007 193.742 5
      vertex -6.57059 194.349 3.4
      vertex -6.64207 194.56 3.4
    endloop
  endfacet
  facet normal 0.647018 0.291158 0.704695
    outer loop
      vertex -6.57059 194.349 3.4
      vertex -8.04007 193.742 5
      vertex -8.03962 193.741 5
    endloop
  endfacet
  facet normal -0.53349 0.46861 0.704126
    outer loop
      vertex -2.38982 192.997 5
      vertex -3.6513 193.965 3.4
      vertex -2.67266 192.675 5
    endloop
  endfacet
  facet normal 0.468372 0.533795 0.704053
    outer loop
      vertex -7.00286 192.39 5
      vertex -6.03489 193.651 3.4
      vertex -7.32539 192.673 5
    endloop
  endfacet
  facet normal 0.696415 0.138439 0.704159
    outer loop
      vertex -8.17796 194.148 5
      vertex -6.64207 194.56 3.4
      vertex -8.26165 194.569 5
    endloop
  endfacet
  facet normal -0.0478818 -0.708299 0.704287
    outer loop
      vertex -4.77811 196.685 3.4
      vertex -4.57194 198.262 5
      vertex -5 196.7 3.4
    endloop
  endfacet
  facet normal 0 -0.712207 0.701969
    outer loop
      vertex -4.57194 198.262 5
      vertex -4.77811 196.685 3.4
      vertex -4.57056 198.262 5
    endloop
  endfacet
  facet normal 0.524933 -0.477689 0.704457
    outer loop
      vertex -7.32734 197.325 5
      vertex -6.20208 196.202 3.4
      vertex -7.32643 197.326 5
    endloop
  endfacet
  facet normal 0.533614 -0.468494 0.704109
    outer loop
      vertex -6.20208 196.202 3.4
      vertex -7.32734 197.325 5
      vertex -6.3487 196.035 3.4
    endloop
  endfacet
  facet normal 0.468866 -0.533263 0.704127
    outer loop
      vertex -7.32539 197.327 5
      vertex -6.20208 196.202 3.4
      vertex -6.03489 196.349 3.4
    endloop
  endfacet
  facet normal 0.491711 -0.511379 0.704778
    outer loop
      vertex -6.20208 196.202 3.4
      vertex -7.32539 197.327 5
      vertex -7.32643 197.326 5
    endloop
  endfacet
  facet normal 0.708541 -0.046436 0.70414
    outer loop
      vertex -8.29006 195 5
      vertex -6.7 195 3.4
      vertex -8.26201 195.428 5
    endloop
  endfacet
  facet normal 0.696399 0.138609 0.704142
    outer loop
      vertex -6.68546 194.778 3.4
      vertex -8.26165 194.569 5
      vertex -6.64207 194.56 3.4
    endloop
  endfacet
  facet normal 0.702947 0.0948979 0.704883
    outer loop
      vertex -8.26165 194.569 5
      vertex -6.68546 194.778 3.4
      vertex -8.26192 194.571 5
    endloop
  endfacet
  facet normal -0.605627 -0.369432 0.704795
    outer loop
      vertex -3.52776 195.85 3.4
      vertex -2.15011 196.644 5
      vertex -2.15072 196.645 5
    endloop
  endfacet
  facet normal -0.636526 -0.314585 0.704181
    outer loop
      vertex -2.15011 196.644 5
      vertex -3.52776 195.85 3.4
      vertex -3.42941 195.651 3.4
    endloop
  endfacet
  facet normal 0 0.712207 0.701969
    outer loop
      vertex -5.22189 193.315 3.4
      vertex -5.43079 191.738 5
      vertex -5.42944 191.738 5
    endloop
  endfacet
  facet normal 0.137308 0.69644 0.704356
    outer loop
      vertex -5.43079 191.738 5
      vertex -5.22189 193.315 3.4
      vertex -5.43999 193.358 3.4
    endloop
  endfacet
  facet normal -0.395292 -0.589928 0.704081
    outer loop
      vertex -3.35382 197.849 5
      vertex -3.96511 196.349 3.4
      vertex -2.99714 197.61 5
    endloop
  endfacet
  facet normal -0.647018 -0.291158 0.704695
    outer loop
      vertex -3.42941 195.651 3.4
      vertex -1.95993 196.258 5
      vertex -1.96038 196.259 5
    endloop
  endfacet
  facet normal -0.672542 -0.227836 0.704115
    outer loop
      vertex -1.95993 196.258 5
      vertex -3.42941 195.651 3.4
      vertex -3.35793 195.44 3.4
    endloop
  endfacet
  facet normal 0.636957 -0.313896 0.704099
    outer loop
      vertex -8.03962 196.259 5
      vertex -6.57059 195.651 3.4
      vertex -7.84989 196.644 5
    endloop
  endfacet
  facet normal 0.314416 0.636675 0.704122
    outer loop
      vertex -6.25905 191.96 5
      vertex -5.65056 193.429 3.4
      vertex -6.64379 192.15 5
    endloop
  endfacet
  facet normal 0 -0.736619 0.676308
    outer loop
      vertex -3.74226 198.04 5
      vertex -4.34944 196.571 3.4
      vertex -3.74095 198.04 5
    endloop
  endfacet
  facet normal -0.226916 -0.672981 0.703993
    outer loop
      vertex -4.34944 196.571 3.4
      vertex -3.74226 198.04 5
      vertex -4.56001 196.642 3.4
    endloop
  endfacet
  facet normal 0.590515 0.394336 0.704125
    outer loop
      vertex -6.47224 194.15 3.4
      vertex -7.84851 193.354 5
      vertex -6.3487 193.965 3.4
    endloop
  endfacet
  facet normal 0.564463 0.434636 0.701765
    outer loop
      vertex -7.84851 193.354 5
      vertex -6.47224 194.15 3.4
      vertex -7.84928 193.355 5
    endloop
  endfacet
  facet normal -0.447935 -0.555439 0.700601
    outer loop
      vertex -3.35621 197.85 5
      vertex -4.15 196.472 3.4
      vertex -3.35497 197.849 5
    endloop
  endfacet
  facet normal -0.315654 -0.635899 0.70427
    outer loop
      vertex -4.15 196.472 3.4
      vertex -3.35621 197.85 5
      vertex -4.34944 196.571 3.4
    endloop
  endfacet
  facet normal 0.393195 0.59104 0.704322
    outer loop
      vertex -6.64618 192.151 5
      vertex -5.85 193.528 3.4
      vertex -6.03489 193.651 3.4
    endloop
  endfacet
  facet normal 0 0.757951 0.652312
    outer loop
      vertex -5.85 193.528 3.4
      vertex -6.64618 192.151 5
      vertex -6.64503 192.151 5
    endloop
  endfacet
  facet normal -0.314416 -0.636675 0.704122
    outer loop
      vertex -3.74095 198.04 5
      vertex -4.34944 196.571 3.4
      vertex -3.35621 197.85 5
    endloop
  endfacet
  facet normal -0.564463 -0.434636 0.701765
    outer loop
      vertex -2.15149 196.646 5
      vertex -3.52776 195.85 3.4
      vertex -2.15072 196.645 5
    endloop
  endfacet
  facet normal -0.590515 -0.394336 0.704125
    outer loop
      vertex -3.52776 195.85 3.4
      vertex -2.15149 196.646 5
      vertex -3.6513 196.035 3.4
    endloop
  endfacet
  facet normal 0.672313 -0.228338 0.704171
    outer loop
      vertex -8.17796 195.852 5
      vertex -6.64207 195.44 3.4
      vertex -8.04007 196.258 5
    endloop
  endfacet
  facet normal 0.53349 0.46861 0.704126
    outer loop
      vertex -7.32734 192.675 5
      vertex -6.3487 193.965 3.4
      vertex -7.61018 192.997 5
    endloop
  endfacet
  facet normal 0.590515 -0.394336 0.704125
    outer loop
      vertex -7.84851 196.646 5
      vertex -6.47224 195.85 3.4
      vertex -6.3487 196.035 3.4
    endloop
  endfacet
  facet normal 0.564463 -0.434636 0.701765
    outer loop
      vertex -6.47224 195.85 3.4
      vertex -7.84851 196.646 5
      vertex -7.84928 196.645 5
    endloop
  endfacet
  facet normal -0.696415 0.138439 0.704159
    outer loop
      vertex -1.73835 194.569 5
      vertex -3.35793 194.56 3.4
      vertex -1.82204 194.148 5
    endloop
  endfacet
  facet normal -0.672313 0.228338 0.704171
    outer loop
      vertex -1.82204 194.148 5
      vertex -3.35793 194.56 3.4
      vertex -1.95993 193.742 5
    endloop
  endfacet
  facet normal 0.226916 0.672981 0.703993
    outer loop
      vertex -5.65056 193.429 3.4
      vertex -6.25774 191.96 5
      vertex -5.43999 193.358 3.4
    endloop
  endfacet
  facet normal 0 0.736619 0.676308
    outer loop
      vertex -6.25774 191.96 5
      vertex -5.65056 193.429 3.4
      vertex -6.25905 191.96 5
    endloop
  endfacet
  facet normal -0.696415 -0.138439 0.704159
    outer loop
      vertex -1.82204 195.852 5
      vertex -3.35793 195.44 3.4
      vertex -1.73835 195.431 5
    endloop
  endfacet
  facet normal -0.672313 -0.228338 0.704171
    outer loop
      vertex -1.95993 196.258 5
      vertex -3.35793 195.44 3.4
      vertex -1.82204 195.852 5
    endloop
  endfacet
  facet normal 0.708546 0.0464066 0.704137
    outer loop
      vertex -8.26201 194.572 5
      vertex -6.68546 194.778 3.4
      vertex -6.7 195 3.4
    endloop
  endfacet
  facet normal 0.706758 0.0636083 0.70459
    outer loop
      vertex -6.68546 194.778 3.4
      vertex -8.26201 194.572 5
      vertex -8.26192 194.571 5
    endloop
  endfacet
  facet normal -0.706758 -0.0636083 0.70459
    outer loop
      vertex -3.31454 195.222 3.4
      vertex -1.73799 195.428 5
      vertex -1.73808 195.429 5
    endloop
  endfacet
  facet normal -0.708546 -0.0464066 0.704137
    outer loop
      vertex -1.73799 195.428 5
      vertex -3.31454 195.222 3.4
      vertex -3.3 195 3.4
    endloop
  endfacet
  facet normal -0.672542 0.227836 0.704115
    outer loop
      vertex -3.42941 194.349 3.4
      vertex -1.95993 193.742 5
      vertex -3.35793 194.56 3.4
    endloop
  endfacet
  facet normal -0.647018 0.291158 0.704695
    outer loop
      vertex -1.95993 193.742 5
      vertex -3.42941 194.349 3.4
      vertex -1.96038 193.741 5
    endloop
  endfacet
  facet normal 0.636526 0.314585 0.704181
    outer loop
      vertex -7.84989 193.356 5
      vertex -6.47224 194.15 3.4
      vertex -6.57059 194.349 3.4
    endloop
  endfacet
  facet normal 0.605627 0.369432 0.704795
    outer loop
      vertex -6.47224 194.15 3.4
      vertex -7.84989 193.356 5
      vertex -7.84928 193.355 5
    endloop
  endfacet
  facet normal 0.139011 -0.696278 0.704182
    outer loop
      vertex -5.85153 198.178 5
      vertex -5.43999 196.642 3.4
      vertex -5.43079 198.262 5
    endloop
  endfacet
  facet normal -0.702947 0.0948979 0.704883
    outer loop
      vertex -3.31454 194.778 3.4
      vertex -1.73835 194.569 5
      vertex -1.73808 194.571 5
    endloop
  endfacet
  facet normal -0.696399 0.138609 0.704142
    outer loop
      vertex -1.73835 194.569 5
      vertex -3.31454 194.778 3.4
      vertex -3.35793 194.56 3.4
    endloop
  endfacet
  facet normal -0.708546 0.0464066 0.704137
    outer loop
      vertex -3.31454 194.778 3.4
      vertex -1.73799 194.572 5
      vertex -3.3 195 3.4
    endloop
  endfacet
  facet normal -0.706758 0.0636083 0.70459
    outer loop
      vertex -1.73799 194.572 5
      vertex -3.31454 194.778 3.4
      vertex -1.73808 194.571 5
    endloop
  endfacet
  facet normal 0.533614 0.468494 0.704109
    outer loop
      vertex -7.32734 192.675 5
      vertex -6.20208 193.798 3.4
      vertex -6.3487 193.965 3.4
    endloop
  endfacet
  facet normal 0.524933 0.477689 0.704457
    outer loop
      vertex -6.20208 193.798 3.4
      vertex -7.32734 192.675 5
      vertex -7.32643 192.674 5
    endloop
  endfacet
  facet normal 0.314416 -0.636675 0.704122
    outer loop
      vertex -6.64379 197.85 5
      vertex -5.65056 196.571 3.4
      vertex -6.25905 198.04 5
    endloop
  endfacet
  facet normal 0.696415 -0.138439 0.704159
    outer loop
      vertex -8.26165 195.431 5
      vertex -6.64207 195.44 3.4
      vertex -8.17796 195.852 5
    endloop
  endfacet
  facet normal 0.706758 -0.0636083 0.70459
    outer loop
      vertex -8.26201 195.428 5
      vertex -6.68546 195.222 3.4
      vertex -8.26192 195.429 5
    endloop
  endfacet
  facet normal 0.708546 -0.0464066 0.704137
    outer loop
      vertex -6.68546 195.222 3.4
      vertex -8.26201 195.428 5
      vertex -6.7 195 3.4
    endloop
  endfacet
  facet normal 0.708541 0.046436 0.70414
    outer loop
      vertex -8.26201 194.572 5
      vertex -6.7 195 3.4
      vertex -8.29006 195 5
    endloop
  endfacet
  facet normal 0.605627 -0.369432 0.704795
    outer loop
      vertex -7.84989 196.644 5
      vertex -6.47224 195.85 3.4
      vertex -7.84928 196.645 5
    endloop
  endfacet
  facet normal 0.636526 -0.314585 0.704181
    outer loop
      vertex -6.47224 195.85 3.4
      vertex -7.84989 196.644 5
      vertex -6.57059 195.651 3.4
    endloop
  endfacet
  facet normal 0 -0.757951 0.652312
    outer loop
      vertex -4.15 196.472 3.4
      vertex -3.35382 197.849 5
      vertex -3.35497 197.849 5
    endloop
  endfacet
  facet normal -0.393195 -0.59104 0.704322
    outer loop
      vertex -3.35382 197.849 5
      vertex -4.15 196.472 3.4
      vertex -3.96511 196.349 3.4
    endloop
  endfacet
  facet normal 0.0463477 0.708558 0.704129
    outer loop
      vertex -5 191.71 5
      vertex -5 193.3 3.4
      vertex -5.42806 191.738 5
    endloop
  endfacet
  facet normal -0.636526 0.314585 0.704181
    outer loop
      vertex -3.52776 194.15 3.4
      vertex -2.15011 193.356 5
      vertex -3.42941 194.349 3.4
    endloop
  endfacet
  facet normal -0.605627 0.369432 0.704795
    outer loop
      vertex -2.15011 193.356 5
      vertex -3.52776 194.15 3.4
      vertex -2.15072 193.355 5
    endloop
  endfacet
  facet normal 0.0463477 -0.708558 0.704129
    outer loop
      vertex -5.42806 198.262 5
      vertex -5 196.7 3.4
      vertex -5 198.29 5
    endloop
  endfacet
  facet normal -0.395292 0.589928 0.704081
    outer loop
      vertex -2.99714 192.39 5
      vertex -3.96511 193.651 3.4
      vertex -3.35382 192.151 5
    endloop
  endfacet
  facet normal -0.393195 0.59104 0.704322
    outer loop
      vertex -4.15 193.528 3.4
      vertex -3.35382 192.151 5
      vertex -3.96511 193.651 3.4
    endloop
  endfacet
  facet normal 0 0.757951 0.652312
    outer loop
      vertex -3.35382 192.151 5
      vertex -4.15 193.528 3.4
      vertex -3.35497 192.151 5
    endloop
  endfacet
  facet normal -0.447935 0.555439 0.700601
    outer loop
      vertex -4.15 193.528 3.4
      vertex -3.35621 192.15 5
      vertex -3.35497 192.151 5
    endloop
  endfacet
  facet normal -0.315654 0.635899 0.70427
    outer loop
      vertex -3.35621 192.15 5
      vertex -4.15 193.528 3.4
      vertex -4.34944 193.429 3.4
    endloop
  endfacet
  facet normal 0.672313 0.228338 0.704171
    outer loop
      vertex -8.04007 193.742 5
      vertex -6.64207 194.56 3.4
      vertex -8.17796 194.148 5
    endloop
  endfacet
  facet normal -0.228399 0.672304 0.704159
    outer loop
      vertex -3.74226 191.96 5
      vertex -4.56001 193.358 3.4
      vertex -4.14847 191.822 5
    endloop
  endfacet
  facet normal 0 -0.712207 0.701969
    outer loop
      vertex -5.43079 198.262 5
      vertex -5.22189 196.685 3.4
      vertex -5.42944 198.262 5
    endloop
  endfacet
  facet normal 0.137308 -0.69644 0.704356
    outer loop
      vertex -5.22189 196.685 3.4
      vertex -5.43079 198.262 5
      vertex -5.43999 196.642 3.4
    endloop
  endfacet
  facet normal 0.468866 0.533263 0.704127
    outer loop
      vertex -6.20208 193.798 3.4
      vertex -7.32539 192.673 5
      vertex -6.03489 193.651 3.4
    endloop
  endfacet
  facet normal 0.491711 0.511379 0.704778
    outer loop
      vertex -7.32539 192.673 5
      vertex -6.20208 193.798 3.4
      vertex -7.32643 192.674 5
    endloop
  endfacet
  facet normal -0.702947 -0.0948979 0.704883
    outer loop
      vertex -1.73835 195.431 5
      vertex -3.31454 195.222 3.4
      vertex -1.73808 195.429 5
    endloop
  endfacet
  facet normal -0.696399 -0.138609 0.704142
    outer loop
      vertex -3.31454 195.222 3.4
      vertex -1.73835 195.431 5
      vertex -3.35793 195.44 3.4
    endloop
  endfacet
  facet normal 0.395292 0.589928 0.704081
    outer loop
      vertex -6.64618 192.151 5
      vertex -6.03489 193.651 3.4
      vertex -7.00286 192.39 5
    endloop
  endfacet
  facet normal 0 -0.712207 0.701969
    outer loop
      vertex -5.22189 196.685 3.4
      vertex -5.42806 198.262 5
      vertex -5.42944 198.262 5
    endloop
  endfacet
  facet normal 0.0478818 -0.708299 0.704287
    outer loop
      vertex -5.42806 198.262 5
      vertex -5.22189 196.685 3.4
      vertex -5 196.7 3.4
    endloop
  endfacet
  facet normal 0 0.712207 0.701969
    outer loop
      vertex -4.77811 193.315 3.4
      vertex -4.57194 191.738 5
      vertex -4.57056 191.738 5
    endloop
  endfacet
  facet normal -0.0478818 0.708299 0.704287
    outer loop
      vertex -4.57194 191.738 5
      vertex -4.77811 193.315 3.4
      vertex -5 193.3 3.4
    endloop
  endfacet
  facet normal -0.137308 0.69644 0.704356
    outer loop
      vertex -4.77811 193.315 3.4
      vertex -4.56921 191.738 5
      vertex -4.56001 193.358 3.4
    endloop
  endfacet
  facet normal 0 0.712207 0.701969
    outer loop
      vertex -4.56921 191.738 5
      vertex -4.77811 193.315 3.4
      vertex -4.57056 191.738 5
    endloop
  endfacet
  facet normal -0.981113 -0.193434 0
    outer loop
      vertex -215.765 1.22189 0
      vertex -215.808 1.43999 3.4
      vertex -215.808 1.43999 0
    endloop
  endfacet
  facet normal -0.981113 -0.193434 0
    outer loop
      vertex -215.808 1.43999 3.4
      vertex -215.765 1.22189 0
      vertex -215.765 1.22189 3.4
    endloop
  endfacet
  facet normal -0.997723 -0.0674471 0
    outer loop
      vertex -215.75 1 0
      vertex -215.765 1.22189 3.4
      vertex -215.765 1.22189 0
    endloop
  endfacet
  facet normal -0.997723 -0.0674471 0
    outer loop
      vertex -215.765 1.22189 3.4
      vertex -215.75 1 0
      vertex -215.75 1 3.4
    endloop
  endfacet
  facet normal -0.0653778 0.997861 0
    outer loop
      vertex -217.228 -0.685455 0
      vertex -217.45 -0.7 3.4
      vertex -217.228 -0.685455 3.4
    endloop
  endfacet
  facet normal -0.0653778 0.997861 0
    outer loop
      vertex -217.45 -0.7 3.4
      vertex -217.228 -0.685455 0
      vertex -217.45 -0.7 0
    endloop
  endfacet
  facet normal 0.659765 -0.751472 0
    outer loop
      vertex -218.652 2.20208 0
      vertex -218.485 2.3487 3.4
      vertex -218.652 2.20208 3.4
    endloop
  endfacet
  facet normal 0.659765 -0.751472 0
    outer loop
      vertex -218.485 2.3487 3.4
      vertex -218.652 2.20208 0
      vertex -218.485 2.3487 0
    endloop
  endfacet
  facet normal 0.832597 0.553879 0
    outer loop
      vertex -218.799 -0.034894 3.4
      vertex -218.922 0.150001 0
      vertex -218.922 0.150001 3.4
    endloop
  endfacet
  facet normal 0.832597 0.553879 0
    outer loop
      vertex -218.922 0.150001 0
      vertex -218.799 -0.034894 3.4
      vertex -218.799 -0.034894 0
    endloop
  endfacet
  facet normal 0.195169 0.98077 -0
    outer loop
      vertex -217.672 -0.685455 0
      vertex -217.89 -0.642074 3.4
      vertex -217.672 -0.685455 3.4
    endloop
  endfacet
  facet normal 0.195169 0.98077 0
    outer loop
      vertex -217.89 -0.642074 3.4
      vertex -217.672 -0.685455 0
      vertex -217.89 -0.642074 0
    endloop
  endfacet
  facet normal -0.659765 -0.751472 0
    outer loop
      vertex -216.415 2.3487 0
      vertex -216.248 2.20208 3.4
      vertex -216.415 2.3487 3.4
    endloop
  endfacet
  facet normal -0.659765 -0.751472 -0
    outer loop
      vertex -216.248 2.20208 3.4
      vertex -216.415 2.3487 0
      vertex -216.248 2.20208 0
    endloop
  endfacet
  facet normal -0.947584 0.319508 0
    outer loop
      vertex -215.879 0.349439 0
      vertex -215.808 0.560008 3.4
      vertex -215.808 0.560008 0
    endloop
  endfacet
  facet normal -0.947584 0.319508 0
    outer loop
      vertex -215.808 0.560008 3.4
      vertex -215.879 0.349439 0
      vertex -215.879 0.349439 3.4
    endloop
  endfacet
  facet normal -0.750991 0.660313 0
    outer loop
      vertex -216.248 -0.202081 0
      vertex -216.101 -0.034894 3.4
      vertex -216.101 -0.034894 0
    endloop
  endfacet
  facet normal -0.750991 0.660313 0
    outer loop
      vertex -216.101 -0.034894 3.4
      vertex -216.248 -0.202081 0
      vertex -216.248 -0.202081 3.4
    endloop
  endfacet
  facet normal -0.750997 -0.660306 0
    outer loop
      vertex -216.101 2.03489 0
      vertex -216.248 2.20208 3.4
      vertex -216.248 2.20208 0
    endloop
  endfacet
  facet normal -0.750997 -0.660306 0
    outer loop
      vertex -216.248 2.20208 3.4
      vertex -216.101 2.03489 0
      vertex -216.101 2.03489 3.4
    endloop
  endfacet
  facet normal 0.947584 0.319508 0
    outer loop
      vertex -219.021 0.349439 3.4
      vertex -219.092 0.560008 0
      vertex -219.092 0.560008 3.4
    endloop
  endfacet
  facet normal 0.947584 0.319508 0
    outer loop
      vertex -219.092 0.560008 0
      vertex -219.021 0.349439 3.4
      vertex -219.021 0.349439 0
    endloop
  endfacet
  facet normal -0.320852 0.947129 0
    outer loop
      vertex -216.799 -0.570595 0
      vertex -217.01 -0.642074 3.4
      vertex -216.799 -0.570595 3.4
    endloop
  endfacet
  facet normal -0.320852 0.947129 0
    outer loop
      vertex -217.01 -0.642074 3.4
      vertex -216.799 -0.570595 0
      vertex -217.01 -0.642074 0
    endloop
  endfacet
  facet normal 0.0653778 0.997861 -0
    outer loop
      vertex -217.45 -0.7 0
      vertex -217.672 -0.685455 3.4
      vertex -217.45 -0.7 3.4
    endloop
  endfacet
  facet normal 0.0653778 0.997861 0
    outer loop
      vertex -217.672 -0.685455 3.4
      vertex -217.45 -0.7 0
      vertex -217.672 -0.685455 0
    endloop
  endfacet
  facet normal 0.320856 -0.947128 0
    outer loop
      vertex -218.101 2.57059 0
      vertex -217.89 2.64207 3.4
      vertex -218.101 2.57059 3.4
    endloop
  endfacet
  facet normal 0.320856 -0.947128 0
    outer loop
      vertex -217.89 2.64207 3.4
      vertex -218.101 2.57059 0
      vertex -217.89 2.64207 0
    endloop
  endfacet
  facet normal -0.947584 -0.319506 0
    outer loop
      vertex -215.808 1.43999 0
      vertex -215.879 1.65056 3.4
      vertex -215.879 1.65056 0
    endloop
  endfacet
  facet normal -0.947584 -0.319506 0
    outer loop
      vertex -215.879 1.65056 3.4
      vertex -215.808 1.43999 0
      vertex -215.808 1.43999 3.4
    endloop
  endfacet
  facet normal 0.750997 -0.660306 0
    outer loop
      vertex -218.799 2.03489 3.4
      vertex -218.652 2.20208 0
      vertex -218.652 2.20208 3.4
    endloop
  endfacet
  facet normal 0.750997 -0.660306 0
    outer loop
      vertex -218.652 2.20208 0
      vertex -218.799 2.03489 3.4
      vertex -218.799 2.03489 0
    endloop
  endfacet
  facet normal 0.443075 0.896485 -0
    outer loop
      vertex -218.101 -0.570595 0
      vertex -218.3 -0.472242 3.4
      vertex -218.101 -0.570595 3.4
    endloop
  endfacet
  facet normal 0.443075 0.896485 0
    outer loop
      vertex -218.3 -0.472242 3.4
      vertex -218.101 -0.570595 0
      vertex -218.3 -0.472242 0
    endloop
  endfacet
  facet normal 0.0653555 -0.997862 0
    outer loop
      vertex -217.672 2.68546 0
      vertex -217.45 2.7 3.4
      vertex -217.672 2.68546 3.4
    endloop
  endfacet
  facet normal 0.0653555 -0.997862 0
    outer loop
      vertex -217.45 2.7 3.4
      vertex -217.672 2.68546 0
      vertex -217.45 2.7 0
    endloop
  endfacet
  facet normal -0.895715 0.444628 0
    outer loop
      vertex -215.978 0.150001 0
      vertex -215.879 0.349439 3.4
      vertex -215.879 0.349439 0
    endloop
  endfacet
  facet normal -0.895715 0.444628 0
    outer loop
      vertex -215.879 0.349439 3.4
      vertex -215.978 0.150001 0
      vertex -215.978 0.150001 3.4
    endloop
  endfacet
  facet normal -0.555346 0.831619 0
    outer loop
      vertex -216.415 -0.348701 0
      vertex -216.6 -0.472242 3.4
      vertex -216.415 -0.348701 3.4
    endloop
  endfacet
  facet normal -0.555346 0.831619 0
    outer loop
      vertex -216.6 -0.472242 3.4
      vertex -216.415 -0.348701 0
      vertex -216.6 -0.472242 0
    endloop
  endfacet
  facet normal 0.981113 0.193435 0
    outer loop
      vertex -219.092 0.560008 3.4
      vertex -219.135 0.778106 0
      vertex -219.135 0.778106 3.4
    endloop
  endfacet
  facet normal 0.981113 0.193435 0
    outer loop
      vertex -219.135 0.778106 0
      vertex -219.092 0.560008 3.4
      vertex -219.092 0.560008 0
    endloop
  endfacet
  facet normal -0.195208 -0.980762 0
    outer loop
      vertex -217.228 2.68546 0
      vertex -217.01 2.64207 3.4
      vertex -217.228 2.68546 3.4
    endloop
  endfacet
  facet normal -0.195208 -0.980762 -0
    outer loop
      vertex -217.01 2.64207 3.4
      vertex -217.228 2.68546 0
      vertex -217.01 2.64207 0
    endloop
  endfacet
  facet normal -0.83259 -0.553889 0
    outer loop
      vertex -215.978 1.85 0
      vertex -216.101 2.03489 3.4
      vertex -216.101 2.03489 0
    endloop
  endfacet
  facet normal -0.83259 -0.553889 0
    outer loop
      vertex -216.101 2.03489 3.4
      vertex -215.978 1.85 0
      vertex -215.978 1.85 3.4
    endloop
  endfacet
  facet normal -0.997723 0.0674459 0
    outer loop
      vertex -215.765 0.778106 0
      vertex -215.75 1 3.4
      vertex -215.75 1 0
    endloop
  endfacet
  facet normal -0.997723 0.0674459 0
    outer loop
      vertex -215.75 1 3.4
      vertex -215.765 0.778106 0
      vertex -215.765 0.778106 3.4
    endloop
  endfacet
  facet normal -0.320856 -0.947128 0
    outer loop
      vertex -217.01 2.64207 0
      vertex -216.799 2.57059 3.4
      vertex -217.01 2.64207 3.4
    endloop
  endfacet
  facet normal -0.320856 -0.947128 -0
    outer loop
      vertex -216.799 2.57059 3.4
      vertex -217.01 2.64207 0
      vertex -216.799 2.57059 0
    endloop
  endfacet
  facet normal -0.555343 -0.831621 0
    outer loop
      vertex -216.6 2.47224 0
      vertex -216.415 2.3487 3.4
      vertex -216.6 2.47224 3.4
    endloop
  endfacet
  facet normal -0.555343 -0.831621 -0
    outer loop
      vertex -216.415 2.3487 3.4
      vertex -216.6 2.47224 0
      vertex -216.415 2.3487 0
    endloop
  endfacet
  facet normal 0.195208 -0.980762 0
    outer loop
      vertex -217.89 2.64207 0
      vertex -217.672 2.68546 3.4
      vertex -217.89 2.64207 3.4
    endloop
  endfacet
  facet normal 0.195208 -0.980762 0
    outer loop
      vertex -217.672 2.68546 3.4
      vertex -217.89 2.64207 0
      vertex -217.672 2.68546 0
    endloop
  endfacet
  facet normal -0.659765 0.751472 0
    outer loop
      vertex -216.248 -0.202081 0
      vertex -216.415 -0.348701 3.4
      vertex -216.248 -0.202081 3.4
    endloop
  endfacet
  facet normal -0.659765 0.751472 0
    outer loop
      vertex -216.415 -0.348701 3.4
      vertex -216.248 -0.202081 0
      vertex -216.415 -0.348701 0
    endloop
  endfacet
  facet normal 0.895717 -0.444625 0
    outer loop
      vertex -219.021 1.65056 3.4
      vertex -218.922 1.85 0
      vertex -218.922 1.85 3.4
    endloop
  endfacet
  facet normal 0.895717 -0.444625 0
    outer loop
      vertex -218.922 1.85 0
      vertex -219.021 1.65056 3.4
      vertex -219.021 1.65056 0
    endloop
  endfacet
  facet normal -0.981113 0.193435 0
    outer loop
      vertex -215.808 0.560008 0
      vertex -215.765 0.778106 3.4
      vertex -215.765 0.778106 0
    endloop
  endfacet
  facet normal -0.981113 0.193435 0
    outer loop
      vertex -215.765 0.778106 3.4
      vertex -215.808 0.560008 0
      vertex -215.808 0.560008 3.4
    endloop
  endfacet
  facet normal -0.195169 0.98077 0
    outer loop
      vertex -217.01 -0.642074 0
      vertex -217.228 -0.685455 3.4
      vertex -217.01 -0.642074 3.4
    endloop
  endfacet
  facet normal -0.195169 0.98077 0
    outer loop
      vertex -217.228 -0.685455 3.4
      vertex -217.01 -0.642074 0
      vertex -217.228 -0.685455 0
    endloop
  endfacet
  facet normal 0.659765 0.751472 -0
    outer loop
      vertex -218.485 -0.348701 0
      vertex -218.652 -0.202081 3.4
      vertex -218.485 -0.348701 3.4
    endloop
  endfacet
  facet normal 0.659765 0.751472 0
    outer loop
      vertex -218.652 -0.202081 3.4
      vertex -218.485 -0.348701 0
      vertex -218.652 -0.202081 0
    endloop
  endfacet
  facet normal 0.750991 0.660313 0
    outer loop
      vertex -218.652 -0.202081 3.4
      vertex -218.799 -0.034894 0
      vertex -218.799 -0.034894 3.4
    endloop
  endfacet
  facet normal 0.750991 0.660313 0
    outer loop
      vertex -218.799 -0.034894 0
      vertex -218.652 -0.202081 3.4
      vertex -218.652 -0.202081 0
    endloop
  endfacet
  facet normal -0.0653555 -0.997862 0
    outer loop
      vertex -217.45 2.7 0
      vertex -217.228 2.68546 3.4
      vertex -217.45 2.7 3.4
    endloop
  endfacet
  facet normal -0.0653555 -0.997862 -0
    outer loop
      vertex -217.228 2.68546 3.4
      vertex -217.45 2.7 0
      vertex -217.228 2.68546 0
    endloop
  endfacet
  facet normal -0.443064 -0.89649 0
    outer loop
      vertex -216.799 2.57059 0
      vertex -216.6 2.47224 3.4
      vertex -216.799 2.57059 3.4
    endloop
  endfacet
  facet normal -0.443064 -0.89649 -0
    outer loop
      vertex -216.6 2.47224 3.4
      vertex -216.799 2.57059 0
      vertex -216.6 2.47224 0
    endloop
  endfacet
  facet normal -0.832597 0.553879 0
    outer loop
      vertex -216.101 -0.034894 0
      vertex -215.978 0.150001 3.4
      vertex -215.978 0.150001 0
    endloop
  endfacet
  facet normal -0.832597 0.553879 0
    outer loop
      vertex -215.978 0.150001 3.4
      vertex -216.101 -0.034894 0
      vertex -216.101 -0.034894 3.4
    endloop
  endfacet
  facet normal 0.997723 0.0674459 0
    outer loop
      vertex -219.135 0.778106 3.4
      vertex -219.15 1 0
      vertex -219.15 1 3.4
    endloop
  endfacet
  facet normal 0.997723 0.0674459 0
    outer loop
      vertex -219.15 1 0
      vertex -219.135 0.778106 3.4
      vertex -219.135 0.778106 0
    endloop
  endfacet
  facet normal -0.443075 0.896485 0
    outer loop
      vertex -216.6 -0.472242 0
      vertex -216.799 -0.570595 3.4
      vertex -216.6 -0.472242 3.4
    endloop
  endfacet
  facet normal -0.443075 0.896485 0
    outer loop
      vertex -216.799 -0.570595 3.4
      vertex -216.6 -0.472242 0
      vertex -216.799 -0.570595 0
    endloop
  endfacet
  facet normal 0.981113 -0.193434 0
    outer loop
      vertex -219.135 1.22189 3.4
      vertex -219.092 1.43999 0
      vertex -219.092 1.43999 3.4
    endloop
  endfacet
  facet normal 0.981113 -0.193434 0
    outer loop
      vertex -219.092 1.43999 0
      vertex -219.135 1.22189 3.4
      vertex -219.135 1.22189 0
    endloop
  endfacet
  facet normal 0.895715 0.444628 0
    outer loop
      vertex -218.922 0.150001 3.4
      vertex -219.021 0.349439 0
      vertex -219.021 0.349439 3.4
    endloop
  endfacet
  facet normal 0.895715 0.444628 0
    outer loop
      vertex -219.021 0.349439 0
      vertex -218.922 0.150001 3.4
      vertex -218.922 0.150001 0
    endloop
  endfacet
  facet normal 0.947584 -0.319506 0
    outer loop
      vertex -219.092 1.43999 3.4
      vertex -219.021 1.65056 0
      vertex -219.021 1.65056 3.4
    endloop
  endfacet
  facet normal 0.947584 -0.319506 0
    outer loop
      vertex -219.021 1.65056 0
      vertex -219.092 1.43999 3.4
      vertex -219.092 1.43999 0
    endloop
  endfacet
  facet normal 0.555343 -0.831621 0
    outer loop
      vertex -218.485 2.3487 0
      vertex -218.3 2.47224 3.4
      vertex -218.485 2.3487 3.4
    endloop
  endfacet
  facet normal 0.555343 -0.831621 0
    outer loop
      vertex -218.3 2.47224 3.4
      vertex -218.485 2.3487 0
      vertex -218.3 2.47224 0
    endloop
  endfacet
  facet normal -0.895717 -0.444625 0
    outer loop
      vertex -215.879 1.65056 0
      vertex -215.978 1.85 3.4
      vertex -215.978 1.85 0
    endloop
  endfacet
  facet normal -0.895717 -0.444625 0
    outer loop
      vertex -215.978 1.85 3.4
      vertex -215.879 1.65056 0
      vertex -215.879 1.65056 3.4
    endloop
  endfacet
  facet normal 0.997723 -0.0674471 0
    outer loop
      vertex -219.15 1 3.4
      vertex -219.135 1.22189 0
      vertex -219.135 1.22189 3.4
    endloop
  endfacet
  facet normal 0.997723 -0.0674471 0
    outer loop
      vertex -219.135 1.22189 0
      vertex -219.15 1 3.4
      vertex -219.15 1 0
    endloop
  endfacet
  facet normal 0.320852 0.947129 -0
    outer loop
      vertex -217.89 -0.642074 0
      vertex -218.101 -0.570595 3.4
      vertex -217.89 -0.642074 3.4
    endloop
  endfacet
  facet normal 0.320852 0.947129 0
    outer loop
      vertex -218.101 -0.570595 3.4
      vertex -217.89 -0.642074 0
      vertex -218.101 -0.570595 0
    endloop
  endfacet
  facet normal 0.443064 -0.89649 0
    outer loop
      vertex -218.3 2.47224 0
      vertex -218.101 2.57059 3.4
      vertex -218.3 2.47224 3.4
    endloop
  endfacet
  facet normal 0.443064 -0.89649 0
    outer loop
      vertex -218.101 2.57059 3.4
      vertex -218.3 2.47224 0
      vertex -218.101 2.57059 0
    endloop
  endfacet
  facet normal 0.83259 -0.553889 0
    outer loop
      vertex -218.922 1.85 3.4
      vertex -218.799 2.03489 0
      vertex -218.799 2.03489 3.4
    endloop
  endfacet
  facet normal 0.83259 -0.553889 0
    outer loop
      vertex -218.799 2.03489 0
      vertex -218.922 1.85 3.4
      vertex -218.922 1.85 0
    endloop
  endfacet
  facet normal 0 0 -1
    outer loop
      vertex -214.592 -0.65 5.01
      vertex -214.312 0 5.01
      vertex -214.401 -0.262855 5.01
    endloop
  endfacet
  facet normal 0 0 -1
    outer loop
      vertex -214.832 -1.00891 5.01
      vertex -214.312 0 5.01
      vertex -214.592 -0.65 5.01
    endloop
  endfacet
  facet normal 0 0 -1
    outer loop
      vertex -215.117 -1.33345 5.01
      vertex -214.312 0 5.01
      vertex -214.832 -1.00891 5.01
    endloop
  endfacet
  facet normal 0 0 -1
    outer loop
      vertex -215.441 -1.61807 5.01
      vertex -214.312 0 5.01
      vertex -215.117 -1.33345 5.01
    endloop
  endfacet
  facet normal 0 0 -1
    outer loop
      vertex -215.8 -1.85788 5.01
      vertex -214.312 0 5.01
      vertex -215.441 -1.61807 5.01
    endloop
  endfacet
  facet normal 0 0 -1
    outer loop
      vertex -216.187 -2.0488 5.01
      vertex -214.312 0 5.01
      vertex -215.8 -1.85788 5.01
    endloop
  endfacet
  facet normal 0 0 -1
    outer loop
      vertex -216.596 -2.18755 5.01
      vertex -214.312 0 5.01
      vertex -216.187 -2.0488 5.01
    endloop
  endfacet
  facet normal 0 0 -1
    outer loop
      vertex -217.019 -2.27177 5.01
      vertex -214.312 0 5.01
      vertex -216.596 -2.18755 5.01
    endloop
  endfacet
  facet normal 0 0 -1
    outer loop
      vertex -217.45 -2.3 5.01
      vertex -214.312 0 5.01
      vertex -217.019 -2.27177 5.01
    endloop
  endfacet
  facet normal 0 0 -1
    outer loop
      vertex -217.881 -2.27177 5.01
      vertex -214.312 0 5.01
      vertex -217.45 -2.3 5.01
    endloop
  endfacet
  facet normal 0 0 -1
    outer loop
      vertex -218.304 -2.18755 5.01
      vertex -214.312 0 5.01
      vertex -217.881 -2.27177 5.01
    endloop
  endfacet
  facet normal 0 0 -1
    outer loop
      vertex -218.713 -2.0488 5.01
      vertex -214.312 0 5.01
      vertex -218.304 -2.18755 5.01
    endloop
  endfacet
  facet normal 0 0 -1
    outer loop
      vertex -219.1 -1.85788 5.01
      vertex -214.312 0 5.01
      vertex -218.713 -2.0488 5.01
    endloop
  endfacet
  facet normal 0 0 -1
    outer loop
      vertex -219.459 -1.61807 5.01
      vertex -214.312 0 5.01
      vertex -219.1 -1.85788 5.01
    endloop
  endfacet
  facet normal 0 0 -1
    outer loop
      vertex -219.783 -1.33345 5.01
      vertex -214.312 0 5.01
      vertex -219.459 -1.61807 5.01
    endloop
  endfacet
  facet normal 0 0 -1
    outer loop
      vertex -220.068 -1.00891 5.01
      vertex -214.312 0 5.01
      vertex -219.783 -1.33345 5.01
    endloop
  endfacet
  facet normal 0 0 -1
    outer loop
      vertex -220.308 -0.65 5.01
      vertex -214.312 0 5.01
      vertex -220.068 -1.00891 5.01
    endloop
  endfacet
  facet normal 0 0 -1
    outer loop
      vertex -220.588 0 5.01
      vertex -220.308 -0.65 5.01
      vertex -220.499 -0.262855 5.01
    endloop
  endfacet
  facet normal 0 0 -1
    outer loop
      vertex -220.308 -0.65 5.01
      vertex -220.588 0 5.01
      vertex -214.312 0 5.01
    endloop
  endfacet
  facet normal 0.555346 0.831619 -0
    outer loop
      vertex -218.3 -0.472242 0
      vertex -218.485 -0.348701 3.4
      vertex -218.3 -0.472242 3.4
    endloop
  endfacet
  facet normal 0.555346 0.831619 0
    outer loop
      vertex -218.485 -0.348701 3.4
      vertex -218.3 -0.472242 0
      vertex -218.485 -0.348701 0
    endloop
  endfacet
  facet normal -0.708558 -0.0463477 0.704129
    outer loop
      vertex -214.188 1.42806 5
      vertex -215.75 1 3.4
      vertex -214.16 1 5
    endloop
  endfacet
  facet normal 0.636822 0.314179 0.704095
    outer loop
      vertex -220.308 -0.65 5.01
      vertex -219.021 0.349439 3.4
      vertex -220.499 -0.262855 5.01
    endloop
  endfacet
  facet normal -0.511379 -0.491711 0.704778
    outer loop
      vertex -216.248 2.20208 3.4
      vertex -215.123 3.32539 5
      vertex -215.124 3.32643 5
    endloop
  endfacet
  facet normal -0.533263 -0.468866 0.704127
    outer loop
      vertex -215.123 3.32539 5
      vertex -216.248 2.20208 3.4
      vertex -216.101 2.03489 3.4
    endloop
  endfacet
  facet normal 0.138653 0.696394 0.704138
    outer loop
      vertex -217.881 -2.27177 5.01
      vertex -217.89 -0.642074 3.4
      vertex -218.304 -2.18755 5.01
    endloop
  endfacet
  facet normal -0.468501 0.533622 0.704098
    outer loop
      vertex -216.248 -0.202081 3.4
      vertex -216.415 -0.348701 3.4
      vertex -215.117 -1.33345 5.01
    endloop
  endfacet
  facet normal -0.468636 0.533477 0.704118
    outer loop
      vertex -215.117 -1.33345 5.01
      vertex -216.415 -0.348701 3.4
      vertex -215.441 -1.61807 5.01
    endloop
  endfacet
  facet normal 0.314585 -0.636526 0.704181
    outer loop
      vertex -219.094 3.84989 5
      vertex -218.3 2.47224 3.4
      vertex -218.101 2.57059 3.4
    endloop
  endfacet
  facet normal 0.369432 -0.605627 0.704795
    outer loop
      vertex -218.3 2.47224 3.4
      vertex -219.094 3.84989 5
      vertex -219.095 3.84928 5
    endloop
  endfacet
  facet normal 0.228338 -0.672313 0.704171
    outer loop
      vertex -218.708 4.04007 5
      vertex -217.89 2.64207 3.4
      vertex -218.302 4.17796 5
    endloop
  endfacet
  facet normal -0.138653 0.696394 0.704138
    outer loop
      vertex -216.596 -2.18755 5.01
      vertex -217.01 -0.642074 3.4
      vertex -217.019 -2.27177 5.01
    endloop
  endfacet
  facet normal 0.314602 0.636541 0.70416
    outer loop
      vertex -219.1 -1.85788 5.01
      vertex -218.101 -0.570595 3.4
      vertex -218.3 -0.472242 3.4
    endloop
  endfacet
  facet normal -0.533274 0.468884 0.704107
    outer loop
      vertex -216.101 -0.034894 3.4
      vertex -216.248 -0.202081 3.4
      vertex -215.117 -1.33345 5.01
    endloop
  endfacet
  facet normal -0.0948979 -0.702947 0.704883
    outer loop
      vertex -217.228 2.68546 3.4
      vertex -217.019 4.26165 5
      vertex -217.021 4.26192 5
    endloop
  endfacet
  facet normal -0.138609 -0.696399 0.704142
    outer loop
      vertex -217.019 4.26165 5
      vertex -217.228 2.68546 3.4
      vertex -217.01 2.64207 3.4
    endloop
  endfacet
  facet normal -0.227836 0.672553 0.704104
    outer loop
      vertex -216.799 -0.570595 3.4
      vertex -217.01 -0.642074 3.4
      vertex -216.187 -2.0488 5.01
    endloop
  endfacet
  facet normal 0.589928 -0.395292 0.704081
    outer loop
      vertex -220.299 2.64618 5
      vertex -218.799 2.03489 3.4
      vertex -220.06 3.00286 5
    endloop
  endfacet
  facet normal -0.477689 -0.524933 0.704457
    outer loop
      vertex -215.125 3.32734 5
      vertex -216.248 2.20208 3.4
      vertex -215.124 3.32643 5
    endloop
  endfacet
  facet normal -0.468494 -0.533614 0.704109
    outer loop
      vertex -216.248 2.20208 3.4
      vertex -215.125 3.32734 5
      vertex -216.415 2.3487 3.4
    endloop
  endfacet
  facet normal -0.138439 -0.696415 0.704159
    outer loop
      vertex -217.019 4.26165 5
      vertex -217.01 2.64207 3.4
      vertex -216.598 4.17796 5
    endloop
  endfacet
  facet normal 0.0464221 0.70854 0.704142
    outer loop
      vertex -217.881 -2.27177 5.01
      vertex -217.45 -0.7 3.4
      vertex -217.672 -0.685455 3.4
    endloop
  endfacet
  facet normal -0.314163 0.636816 0.704107
    outer loop
      vertex -215.8 -1.85788 5.01
      vertex -216.799 -0.570595 3.4
      vertex -216.187 -2.0488 5.01
    endloop
  endfacet
  facet normal 0.394252 -0.590559 0.704134
    outer loop
      vertex -219.453 3.61018 5
      vertex -218.485 2.3487 3.4
      vertex -219.096 3.84851 5
    endloop
  endfacet
  facet normal -0.591101 0.393226 0.704253
    outer loop
      vertex -215.978 0.150001 3.4
      vertex -216.101 -0.034894 3.4
      vertex -214.592 -0.65 5.01
    endloop
  endfacet
  facet normal 0.46861 -0.53349 0.704126
    outer loop
      vertex -219.775 3.32734 5
      vertex -218.485 2.3487 3.4
      vertex -219.453 3.61018 5
    endloop
  endfacet
  facet normal -0.46861 -0.53349 0.704126
    outer loop
      vertex -215.447 3.61018 5
      vertex -216.415 2.3487 3.4
      vertex -215.125 3.32734 5
    endloop
  endfacet
  facet normal 0.736619 -0 0.676308
    outer loop
      vertex -220.49 2.25774 5
      vertex -219.021 1.65056 3.4
      vertex -220.49 2.25905 5
    endloop
  endfacet
  facet normal 0.672981 -0.226916 0.703993
    outer loop
      vertex -219.021 1.65056 3.4
      vertex -220.49 2.25774 5
      vertex -219.092 1.43999 3.4
    endloop
  endfacet
  facet normal -0.708558 0.0463477 0.704129
    outer loop
      vertex -214.16 1 5
      vertex -215.75 1 3.4
      vertex -214.188 0.57194 5
    endloop
  endfacet
  facet normal -0.636675 -0.314416 0.704122
    outer loop
      vertex -214.6 2.64379 5
      vertex -215.879 1.65056 3.4
      vertex -214.41 2.25905 5
    endloop
  endfacet
  facet normal -0.636822 0.314179 0.704095
    outer loop
      vertex -214.401 -0.262855 5.01
      vertex -215.879 0.349439 3.4
      vertex -214.592 -0.65 5.01
    endloop
  endfacet
  facet normal 0.227836 -0.672542 0.704115
    outer loop
      vertex -218.708 4.04007 5
      vertex -218.101 2.57059 3.4
      vertex -217.89 2.64207 3.4
    endloop
  endfacet
  facet normal 0.291158 -0.647018 0.704695
    outer loop
      vertex -218.101 2.57059 3.4
      vertex -218.708 4.04007 5
      vertex -218.709 4.03962 5
    endloop
  endfacet
  facet normal -0.046436 -0.708541 0.70414
    outer loop
      vertex -217.45 4.29006 5
      vertex -217.45 2.7 3.4
      vertex -217.022 4.26201 5
    endloop
  endfacet
  facet normal 0.228115 0.672426 0.704135
    outer loop
      vertex -218.304 -2.18755 5.01
      vertex -217.89 -0.642074 3.4
      vertex -218.713 -2.0488 5.01
    endloop
  endfacet
  facet normal -0.590304 0.394731 0.70408
    outer loop
      vertex -214.592 -0.65 5.01
      vertex -216.101 -0.034894 3.4
      vertex -214.832 -1.00891 5.01
    endloop
  endfacet
  facet normal -0.228338 -0.672313 0.704171
    outer loop
      vertex -216.598 4.17796 5
      vertex -217.01 2.64207 3.4
      vertex -216.192 4.04007 5
    endloop
  endfacet
  facet normal -0.589928 -0.395292 0.704081
    outer loop
      vertex -214.84 3.00286 5
      vertex -216.101 2.03489 3.4
      vertex -214.601 2.64618 5
    endloop
  endfacet
  facet normal -0.533795 -0.468372 0.704053
    outer loop
      vertex -215.123 3.32539 5
      vertex -216.101 2.03489 3.4
      vertex -214.84 3.00286 5
    endloop
  endfacet
  facet normal 0.590304 0.394731 0.70408
    outer loop
      vertex -220.068 -1.00891 5.01
      vertex -218.799 -0.034894 3.4
      vertex -220.308 -0.65 5.01
    endloop
  endfacet
  facet normal -0.0464087 0.708542 0.704141
    outer loop
      vertex -217.019 -2.27177 5.01
      vertex -217.45 -0.7 3.4
      vertex -217.45 -2.3 5.01
    endloop
  endfacet
  facet normal 0.533795 -0.468372 0.704053
    outer loop
      vertex -220.06 3.00286 5
      vertex -218.799 2.03489 3.4
      vertex -219.777 3.32539 5
    endloop
  endfacet
  facet normal 0.69644 -0.137308 0.704356
    outer loop
      vertex -220.712 1.43079 5
      vertex -219.135 1.22189 3.4
      vertex -219.092 1.43999 3.4
    endloop
  endfacet
  facet normal 0.712207 0 0.701969
    outer loop
      vertex -219.135 1.22189 3.4
      vertex -220.712 1.43079 5
      vertex -220.712 1.42944 5
    endloop
  endfacet
  facet normal 0.434636 -0.564463 0.701765
    outer loop
      vertex -219.096 3.84851 5
      vertex -218.3 2.47224 3.4
      vertex -219.095 3.84928 5
    endloop
  endfacet
  facet normal 0.394336 -0.590515 0.704125
    outer loop
      vertex -218.3 2.47224 3.4
      vertex -219.096 3.84851 5
      vertex -218.485 2.3487 3.4
    endloop
  endfacet
  facet normal 0.672929 0.226899 0.704048
    outer loop
      vertex -220.499 -0.262855 5.01
      vertex -219.021 0.349439 3.4
      vertex -219.092 0.560008 3.4
    endloop
  endfacet
  facet normal -0.533595 0.468585 0.704063
    outer loop
      vertex -214.832 -1.00891 5.01
      vertex -216.101 -0.034894 3.4
      vertex -215.117 -1.33345 5.01
    endloop
  endfacet
  facet normal 0.468636 0.533477 0.704118
    outer loop
      vertex -219.459 -1.61807 5.01
      vertex -218.485 -0.348701 3.4
      vertex -219.783 -1.33345 5.01
    endloop
  endfacet
  facet normal 0.696278 0.139012 0.704182
    outer loop
      vertex -220.628 0.14847 5
      vertex -219.092 0.560008 3.4
      vertex -220.712 0.569207 5
    endloop
  endfacet
  facet normal -0.0464066 -0.708546 0.704137
    outer loop
      vertex -217.228 2.68546 3.4
      vertex -217.022 4.26201 5
      vertex -217.45 2.7 3.4
    endloop
  endfacet
  facet normal -0.0636083 -0.706758 0.70459
    outer loop
      vertex -217.022 4.26201 5
      vertex -217.228 2.68546 3.4
      vertex -217.021 4.26192 5
    endloop
  endfacet
  facet normal 0.511379 -0.491711 0.704778
    outer loop
      vertex -219.777 3.32539 5
      vertex -218.652 2.20208 3.4
      vertex -219.776 3.32643 5
    endloop
  endfacet
  facet normal 0.533263 -0.468866 0.704127
    outer loop
      vertex -218.652 2.20208 3.4
      vertex -219.777 3.32539 5
      vertex -218.799 2.03489 3.4
    endloop
  endfacet
  facet normal 0.468494 -0.533614 0.704109
    outer loop
      vertex -219.775 3.32734 5
      vertex -218.652 2.20208 3.4
      vertex -218.485 2.3487 3.4
    endloop
  endfacet
  facet normal 0.477689 -0.524933 0.704457
    outer loop
      vertex -218.652 2.20208 3.4
      vertex -219.775 3.32734 5
      vertex -219.776 3.32643 5
    endloop
  endfacet
  facet normal 0.708558 -0.0463477 0.704129
    outer loop
      vertex -220.74 1 5
      vertex -219.15 1 3.4
      vertex -220.712 1.42806 5
    endloop
  endfacet
  facet normal 0.69644 0.137309 0.704356
    outer loop
      vertex -219.135 0.778106 3.4
      vertex -220.712 0.569207 5
      vertex -219.092 0.560008 3.4
    endloop
  endfacet
  facet normal 0.712207 -0 0.701969
    outer loop
      vertex -220.712 0.569207 5
      vertex -219.135 0.778106 3.4
      vertex -220.712 0.570561 5
    endloop
  endfacet
  facet normal -0.555439 -0.447935 0.700601
    outer loop
      vertex -215.978 1.85 3.4
      vertex -214.6 2.64379 5
      vertex -214.601 2.64503 5
    endloop
  endfacet
  facet normal -0.635899 -0.315654 0.70427
    outer loop
      vertex -214.6 2.64379 5
      vertex -215.978 1.85 3.4
      vertex -215.879 1.65056 3.4
    endloop
  endfacet
  facet normal 0.138581 0.696401 0.704146
    outer loop
      vertex -217.881 -2.27177 5.01
      vertex -217.672 -0.685455 3.4
      vertex -217.89 -0.642074 3.4
    endloop
  endfacet
  facet normal -0.394252 -0.590559 0.704134
    outer loop
      vertex -215.804 3.84851 5
      vertex -216.415 2.3487 3.4
      vertex -215.447 3.61018 5
    endloop
  endfacet
  facet normal -0.736619 0 0.676308
    outer loop
      vertex -215.879 1.65056 3.4
      vertex -214.41 2.25774 5
      vertex -214.41 2.25905 5
    endloop
  endfacet
  facet normal -0.672981 -0.226916 0.703993
    outer loop
      vertex -214.41 2.25774 5
      vertex -215.879 1.65056 3.4
      vertex -215.808 1.43999 3.4
    endloop
  endfacet
  facet normal 0.636675 -0.314416 0.704122
    outer loop
      vertex -220.49 2.25905 5
      vertex -219.021 1.65056 3.4
      vertex -220.3 2.64379 5
    endloop
  endfacet
  facet normal 0.314163 0.636816 0.704107
    outer loop
      vertex -218.713 -2.0488 5.01
      vertex -218.101 -0.570595 3.4
      vertex -219.1 -1.85788 5.01
    endloop
  endfacet
  facet normal -0.291158 -0.647018 0.704695
    outer loop
      vertex -216.192 4.04007 5
      vertex -216.799 2.57059 3.4
      vertex -216.191 4.03962 5
    endloop
  endfacet
  facet normal -0.227836 -0.672542 0.704115
    outer loop
      vertex -216.799 2.57059 3.4
      vertex -216.192 4.04007 5
      vertex -217.01 2.64207 3.4
    endloop
  endfacet
  facet normal 0.591101 0.393226 0.704253
    outer loop
      vertex -220.308 -0.65 5.01
      vertex -218.799 -0.034894 3.4
      vertex -218.922 0.150001 3.4
    endloop
  endfacet
  facet normal -0.369432 -0.605627 0.704795
    outer loop
      vertex -215.806 3.84989 5
      vertex -216.6 2.47224 3.4
      vertex -215.805 3.84928 5
    endloop
  endfacet
  facet normal -0.314585 -0.636526 0.704181
    outer loop
      vertex -216.6 2.47224 3.4
      vertex -215.806 3.84989 5
      vertex -216.799 2.57059 3.4
    endloop
  endfacet
  facet normal 0.394327 0.590496 0.704146
    outer loop
      vertex -219.1 -1.85788 5.01
      vertex -218.3 -0.472242 3.4
      vertex -218.485 -0.348701 3.4
    endloop
  endfacet
  facet normal -0.313896 -0.636957 0.704099
    outer loop
      vertex -216.191 4.03962 5
      vertex -216.799 2.57059 3.4
      vertex -215.806 3.84989 5
    endloop
  endfacet
  facet normal -0.757951 0 0.652312
    outer loop
      vertex -214.601 2.64618 5
      vertex -215.978 1.85 3.4
      vertex -214.601 2.64503 5
    endloop
  endfacet
  facet normal -0.59104 -0.393195 0.704322
    outer loop
      vertex -215.978 1.85 3.4
      vertex -214.601 2.64618 5
      vertex -216.101 2.03489 3.4
    endloop
  endfacet
  facet normal 0.672304 -0.228399 0.704159
    outer loop
      vertex -220.628 1.85153 5
      vertex -219.092 1.43999 3.4
      vertex -220.49 2.25774 5
    endloop
  endfacet
  facet normal 0.533595 0.468585 0.704063
    outer loop
      vertex -219.783 -1.33345 5.01
      vertex -218.799 -0.034894 3.4
      vertex -220.068 -1.00891 5.01
    endloop
  endfacet
  facet normal 0.59104 -0.393195 0.704322
    outer loop
      vertex -220.299 2.64618 5
      vertex -218.922 1.85 3.4
      vertex -218.799 2.03489 3.4
    endloop
  endfacet
  facet normal 0.757951 0 0.652312
    outer loop
      vertex -218.922 1.85 3.4
      vertex -220.299 2.64618 5
      vertex -220.299 2.64503 5
    endloop
  endfacet
  facet normal -0.696278 0.139012 0.704182
    outer loop
      vertex -214.188 0.569207 5
      vertex -215.808 0.560008 3.4
      vertex -214.272 0.14847 5
    endloop
  endfacet
  facet normal -0.67207 0.228781 0.704259
    outer loop
      vertex -214.322 0 5
      vertex -215.808 0.560008 3.4
      vertex -214.401 -0.262855 5.01
    endloop
  endfacet
  facet normal -0.672851 0.226595 0.70422
    outer loop
      vertex -215.808 0.560008 3.4
      vertex -214.322 0 5
      vertex -214.272 0.14847 5
    endloop
  endfacet
  facet normal -0.687672 0.232839 0.687672
    outer loop
      vertex -214.312 0 5.01
      vertex -214.322 0 5
      vertex -214.401 -0.262855 5.01
    endloop
  endfacet
  facet normal 0.227836 0.672553 0.704104
    outer loop
      vertex -218.713 -2.0488 5.01
      vertex -217.89 -0.642074 3.4
      vertex -218.101 -0.570595 3.4
    endloop
  endfacet
  facet normal -0.696278 -0.139011 0.704182
    outer loop
      vertex -214.272 1.85153 5
      vertex -215.808 1.43999 3.4
      vertex -214.188 1.43079 5
    endloop
  endfacet
  facet normal -0.672304 -0.228399 0.704159
    outer loop
      vertex -214.41 2.25774 5
      vertex -215.808 1.43999 3.4
      vertex -214.272 1.85153 5
    endloop
  endfacet
  facet normal 0.708299 0.0478809 0.704287
    outer loop
      vertex -220.712 0.57194 5
      vertex -219.135 0.778106 3.4
      vertex -219.15 1 3.4
    endloop
  endfacet
  facet normal 0.712207 0 0.701969
    outer loop
      vertex -219.135 0.778106 3.4
      vertex -220.712 0.57194 5
      vertex -220.712 0.570561 5
    endloop
  endfacet
  facet normal -0.712207 0 0.701969
    outer loop
      vertex -215.765 1.22189 3.4
      vertex -214.188 1.42806 5
      vertex -214.188 1.42944 5
    endloop
  endfacet
  facet normal -0.708299 -0.0478818 0.704287
    outer loop
      vertex -214.188 1.42806 5
      vertex -215.765 1.22189 3.4
      vertex -215.75 1 3.4
    endloop
  endfacet
  facet normal -0.672929 0.226899 0.704048
    outer loop
      vertex -215.808 0.560008 3.4
      vertex -215.879 0.349439 3.4
      vertex -214.401 -0.262855 5.01
    endloop
  endfacet
  facet normal 0.635896 0.315656 0.704271
    outer loop
      vertex -220.308 -0.65 5.01
      vertex -218.922 0.150001 3.4
      vertex -219.021 0.349439 3.4
    endloop
  endfacet
  facet normal 0.138439 -0.696415 0.704159
    outer loop
      vertex -218.302 4.17796 5
      vertex -217.89 2.64207 3.4
      vertex -217.881 4.26165 5
    endloop
  endfacet
  facet normal -0.712207 0 0.701969
    outer loop
      vertex -215.765 0.778106 3.4
      vertex -214.188 0.569207 5
      vertex -214.188 0.570561 5
    endloop
  endfacet
  facet normal -0.69644 0.137309 0.704356
    outer loop
      vertex -214.188 0.569207 5
      vertex -215.765 0.778106 3.4
      vertex -215.808 0.560008 3.4
    endloop
  endfacet
  facet normal -0.708299 0.0478809 0.704287
    outer loop
      vertex -215.765 0.778106 3.4
      vertex -214.188 0.57194 5
      vertex -215.75 1 3.4
    endloop
  endfacet
  facet normal -0.712207 0 0.701969
    outer loop
      vertex -214.188 0.57194 5
      vertex -215.765 0.778106 3.4
      vertex -214.188 0.570561 5
    endloop
  endfacet
  facet normal 0.533274 0.468884 0.704107
    outer loop
      vertex -219.783 -1.33345 5.01
      vertex -218.652 -0.202081 3.4
      vertex -218.799 -0.034894 3.4
    endloop
  endfacet
  facet normal 0.313896 -0.636957 0.704099
    outer loop
      vertex -219.094 3.84989 5
      vertex -218.101 2.57059 3.4
      vertex -218.709 4.03962 5
    endloop
  endfacet
  facet normal 0.696278 -0.139011 0.704182
    outer loop
      vertex -220.712 1.43079 5
      vertex -219.092 1.43999 3.4
      vertex -220.628 1.85153 5
    endloop
  endfacet
  facet normal 0.712207 -0 0.701969
    outer loop
      vertex -220.712 1.42806 5
      vertex -219.135 1.22189 3.4
      vertex -220.712 1.42944 5
    endloop
  endfacet
  facet normal 0.708299 -0.0478818 0.704287
    outer loop
      vertex -219.135 1.22189 3.4
      vertex -220.712 1.42806 5
      vertex -219.15 1 3.4
    endloop
  endfacet
  facet normal 0.708558 0.0463477 0.704129
    outer loop
      vertex -220.712 0.57194 5
      vertex -219.15 1 3.4
      vertex -220.74 1 5
    endloop
  endfacet
  facet normal 0.555439 -0.447935 0.700601
    outer loop
      vertex -220.3 2.64379 5
      vertex -218.922 1.85 3.4
      vertex -220.299 2.64503 5
    endloop
  endfacet
  facet normal 0.635899 -0.315654 0.70427
    outer loop
      vertex -218.922 1.85 3.4
      vertex -220.3 2.64379 5
      vertex -219.021 1.65056 3.4
    endloop
  endfacet
  facet normal -0.434636 -0.564463 0.701765
    outer loop
      vertex -216.6 2.47224 3.4
      vertex -215.804 3.84851 5
      vertex -215.805 3.84928 5
    endloop
  endfacet
  facet normal -0.394336 -0.590515 0.704125
    outer loop
      vertex -215.804 3.84851 5
      vertex -216.6 2.47224 3.4
      vertex -216.415 2.3487 3.4
    endloop
  endfacet
  facet normal 0.0464087 0.708542 0.704141
    outer loop
      vertex -217.45 -2.3 5.01
      vertex -217.45 -0.7 3.4
      vertex -217.881 -2.27177 5.01
    endloop
  endfacet
  facet normal -0.635896 0.315656 0.704271
    outer loop
      vertex -215.879 0.349439 3.4
      vertex -215.978 0.150001 3.4
      vertex -214.592 -0.65 5.01
    endloop
  endfacet
  facet normal 0.046436 -0.708541 0.70414
    outer loop
      vertex -217.878 4.26201 5
      vertex -217.45 2.7 3.4
      vertex -217.45 4.29006 5
    endloop
  endfacet
  facet normal -0.394416 0.590448 0.704135
    outer loop
      vertex -215.441 -1.61807 5.01
      vertex -216.415 -0.348701 3.4
      vertex -215.8 -1.85788 5.01
    endloop
  endfacet
  facet normal -0.394327 0.590496 0.704146
    outer loop
      vertex -216.415 -0.348701 3.4
      vertex -216.6 -0.472242 3.4
      vertex -215.8 -1.85788 5.01
    endloop
  endfacet
  facet normal -0.314602 0.636541 0.70416
    outer loop
      vertex -216.6 -0.472242 3.4
      vertex -216.799 -0.570595 3.4
      vertex -215.8 -1.85788 5.01
    endloop
  endfacet
  facet normal 0.67207 0.228781 0.704259
    outer loop
      vertex -219.092 0.560008 3.4
      vertex -220.578 0 5
      vertex -220.499 -0.262855 5.01
    endloop
  endfacet
  facet normal 0.672851 0.226595 0.70422
    outer loop
      vertex -220.578 0 5
      vertex -219.092 0.560008 3.4
      vertex -220.628 0.14847 5
    endloop
  endfacet
  facet normal 0.687672 0.232839 0.687672
    outer loop
      vertex -220.499 -0.262855 5.01
      vertex -220.578 0 5
      vertex -220.588 0 5.01
    endloop
  endfacet
  facet normal -0.228115 0.672426 0.704135
    outer loop
      vertex -216.187 -2.0488 5.01
      vertex -217.01 -0.642074 3.4
      vertex -216.596 -2.18755 5.01
    endloop
  endfacet
  facet normal 0.0948979 -0.702947 0.704883
    outer loop
      vertex -217.881 4.26165 5
      vertex -217.672 2.68546 3.4
      vertex -217.879 4.26192 5
    endloop
  endfacet
  facet normal 0.138609 -0.696399 0.704142
    outer loop
      vertex -217.672 2.68546 3.4
      vertex -217.881 4.26165 5
      vertex -217.89 2.64207 3.4
    endloop
  endfacet
  facet normal 0.468501 0.533622 0.704098
    outer loop
      vertex -219.783 -1.33345 5.01
      vertex -218.485 -0.348701 3.4
      vertex -218.652 -0.202081 3.4
    endloop
  endfacet
  facet normal -0.712207 0 0.701969
    outer loop
      vertex -214.188 1.43079 5
      vertex -215.765 1.22189 3.4
      vertex -214.188 1.42944 5
    endloop
  endfacet
  facet normal -0.69644 -0.137308 0.704356
    outer loop
      vertex -215.765 1.22189 3.4
      vertex -214.188 1.43079 5
      vertex -215.808 1.43999 3.4
    endloop
  endfacet
  facet normal 0.394416 0.590448 0.704135
    outer loop
      vertex -219.1 -1.85788 5.01
      vertex -218.485 -0.348701 3.4
      vertex -219.459 -1.61807 5.01
    endloop
  endfacet
  facet normal 0.0636083 -0.706758 0.70459
    outer loop
      vertex -217.672 2.68546 3.4
      vertex -217.878 4.26201 5
      vertex -217.879 4.26192 5
    endloop
  endfacet
  facet normal 0.0464066 -0.708546 0.704137
    outer loop
      vertex -217.878 4.26201 5
      vertex -217.672 2.68546 3.4
      vertex -217.45 2.7 3.4
    endloop
  endfacet
  facet normal -0.0464221 0.70854 0.704142
    outer loop
      vertex -217.228 -0.685455 3.4
      vertex -217.45 -0.7 3.4
      vertex -217.019 -2.27177 5.01
    endloop
  endfacet
  facet normal -0.138581 0.696401 0.704146
    outer loop
      vertex -217.01 -0.642074 3.4
      vertex -217.228 -0.685455 3.4
      vertex -217.019 -2.27177 5.01
    endloop
  endfacet
  facet normal 0.707107 -0 0.707107
    outer loop
      vertex -3 -5 21.625
      vertex 0 0 18.625
      vertex -3 0 21.625
    endloop
  endfacet
  facet normal 0.707107 0 0.707107
    outer loop
      vertex 0 0 18.625
      vertex -3 -5 21.625
      vertex 0 -5 18.625
    endloop
  endfacet
  facet normal -0.707107 0 0.707107
    outer loop
      vertex -221.45 -5 18.625
      vertex -218.45 0 21.625
      vertex -221.45 0 18.625
    endloop
  endfacet
  facet normal -0.707107 0 0.707107
    outer loop
      vertex -218.45 0 21.625
      vertex -221.45 -5 18.625
      vertex -218.45 -5 21.625
    endloop
  endfacet
endsolid OpenSCAD_Model
